ISO-10303-21;
HEADER;
FILE_DESCRIPTION(('ViewDefinition[DesignTransferView]'),'2;1');
FILE_NAME('s03-activity.ifc','2026-10-02T03:02:21+08:00',(''),(''),'IfcOpenShell 0.8.5-post1','Bonsai 0.8.5-post1','Nobody');
FILE_SCHEMA(('IFC4'));
ENDSEC;
DATA;
#1=IFCPROJECT('1u0eWZfjT7P82Blc7RhKEA',$,'My Project',$,$,$,$,(#10,#22),#5);
#2=IFCSIUNIT(*,.LENGTHUNIT.,$,.METRE.);
#3=IFCSIUNIT(*,.AREAUNIT.,$,.SQUARE_METRE.);
#4=IFCSIUNIT(*,.VOLUMEUNIT.,$,.CUBIC_METRE.);
#5=IFCUNITASSIGNMENT((#4,#2,#3));
#6=IFCCARTESIANPOINT((0.,0.,0.));
#7=IFCDIRECTION((0.,0.,1.));
#8=IFCDIRECTION((1.,0.,0.));
#9=IFCAXIS2PLACEMENT3D(#6,#7,#8);
#10=IFCGEOMETRICREPRESENTATIONCONTEXT($,'Model',3,1.0000000000000001E-05,#9,$);
#11=IFCGEOMETRICREPRESENTATIONSUBCONTEXT('Body','Model',*,*,*,*,#10,$,.MODEL_VIEW.,$);
#12=IFCGEOMETRICREPRESENTATIONSUBCONTEXT('Axis','Model',*,*,*,*,#10,$,.GRAPH_VIEW.,$);
#13=IFCGEOMETRICREPRESENTATIONSUBCONTEXT('Box','Model',*,*,*,*,#10,$,.MODEL_VIEW.,$);
#14=IFCGEOMETRICREPRESENTATIONSUBCONTEXT('Annotation','Model',*,*,*,*,#10,$,.SECTION_VIEW.,$);
#15=IFCGEOMETRICREPRESENTATIONSUBCONTEXT('Annotation','Model',*,*,*,*,#10,$,.ELEVATION_VIEW.,$);
#16=IFCGEOMETRICREPRESENTATIONSUBCONTEXT('Annotation','Model',*,*,*,*,#10,$,.MODEL_VIEW.,$);
#17=IFCGEOMETRICREPRESENTATIONSUBCONTEXT('Annotation','Model',*,*,*,*,#10,$,.PLAN_VIEW.,$);
#18=IFCGEOMETRICREPRESENTATIONSUBCONTEXT('Profile','Model',*,*,*,*,#10,$,.ELEVATION_VIEW.,$);
#19=IFCCARTESIANPOINT((0.,0.));
#20=IFCDIRECTION((1.,0.));
#21=IFCAXIS2PLACEMENT2D(#19,#20);
#22=IFCGEOMETRICREPRESENTATIONCONTEXT($,'Plan',2,1.0000000000000001E-05,#21,$);
#23=IFCGEOMETRICREPRESENTATIONSUBCONTEXT('Axis','Plan',*,*,*,*,#22,$,.GRAPH_VIEW.,$);
#24=IFCGEOMETRICREPRESENTATIONSUBCONTEXT('Body','Plan',*,*,*,*,#22,$,.PLAN_VIEW.,$);
#25=IFCGEOMETRICREPRESENTATIONSUBCONTEXT('Annotation','Plan',*,*,*,*,#22,$,.PLAN_VIEW.,$);
#26=IFCGEOMETRICREPRESENTATIONSUBCONTEXT('Annotation','Plan',*,*,*,*,#22,$,.REFLECTED_PLAN_VIEW.,$);
#27=IFCSITE('0vrOcHcOT6J8nzUJla6V0R',$,'My Site',$,$,#50,$,$,$,$,$,$,$,$);
#33=IFCBUILDING('1h2r4jUqH2lfD9$Na7zWzl',$,'My Building',$,$,#56,$,$,$,$,$,$);
#39=IFCBUILDINGSTOREY('3A$ayLe850y9$09jngp5du',$,'2F',$,$,#9003,$,$,$,$);
#45=IFCRELAGGREGATES('3bGWIFFkzC_hF2eg4b3qZn',$,$,$,#1,(#27));
#46=IFCCARTESIANPOINT((0.,0.,0.));
#47=IFCDIRECTION((0.,0.,1.));
#48=IFCDIRECTION((1.,0.,0.));
#49=IFCAXIS2PLACEMENT3D(#46,#47,#48);
#50=IFCLOCALPLACEMENT($,#49);
#51=IFCRELAGGREGATES('1oY5jTAUDDWfKDC$qW70d6',$,$,$,#27,(#33));
#52=IFCCARTESIANPOINT((0.,0.,0.));
#53=IFCDIRECTION((0.,0.,1.));
#54=IFCDIRECTION((1.,0.,0.));
#55=IFCAXIS2PLACEMENT3D(#52,#53,#54);
#56=IFCLOCALPLACEMENT(#50,#55);
#57=IFCRELAGGREGATES('1zUoNydu15ZAa$vAWk_s1e',$,$,$,#33,(#12735,#39,#63));
#63=IFCBUILDINGSTOREY('0wJWa_EtXE08GUcHf3D34j',$,'GF',$,$,#79,$,$,$,$);
#75=IFCCARTESIANPOINT((0.,0.,0.));
#76=IFCDIRECTION((0.,0.,1.));
#77=IFCDIRECTION((1.,0.,0.));
#78=IFCAXIS2PLACEMENT3D(#75,#76,#77);
#79=IFCLOCALPLACEMENT(#56,#78);
#80=IFCWALLTYPE('1OzCsMbqLAo8RF_yVZaS0d',$,'Wall',$,$,(#85),$,$,$,.SOLIDWALL.);
#81=IFCMATERIAL('Unknown',$,$);
#82=IFCMATERIALLAYERSET((#84),$,$);
#83=IFCRELASSOCIATESMATERIAL('3FydrRvxv1AuDvojn3nTNm',$,$,$,(#80),#82);
#84=IFCMATERIALLAYER(#81,0.10000000000000001,$,$,$,$,$);
#85=IFCPROPERTYSET('2i6$UEBlbAJg29fPKTvzbq',$,'EPset_Parametric',$,(#86));
#86=IFCPROPERTYSINGLEVALUE('LayerSetDirection',$,IFCLABEL('AXIS2'),$);
#167=IFCWALL('050nAg1VX5yv4YO21Yq7b9',$,'Wall',$,$,#180,#175,$,$);
#168=IFCRELCONTAINEDINSPATIALSTRUCTURE('0zUAc6_zX5tAR9Nbv65gPh',$,$,$,(#2212,#1675,#788,#963,#307,#232,#4874,#167,#988,#332,#257,#3948,#4288,#10228,#3535,#893,#763,#357,#282,#1237,#382,#4971,#5444),#63);
#169=IFCRELDEFINESBYTYPE('1cr3wAPDXEeBROZOQ4_Re9',$,$,$,(#7509,#6456,#6973,#6381,#7269,#6281,#893,#7347,#763,#357,#382,#282,#6306,#7547,#7372,#963,#6406,#7778,#788,#6231,#988,#6431,#307,#6331,#7244,#167,#232,#4874,#332,#257),#80);
#170=IFCMATERIALLAYERSETUSAGE(#82,.AXIS2.,.POSITIVE.,0.,$);
#171=IFCRELASSOCIATESMATERIAL('17bEIQIub5F8kPBsbVwe7F',$,$,$,(#167),#170);
#175=IFCPRODUCTDEFINITIONSHAPE($,$,(#206,#203));
#176=IFCCARTESIANPOINT((0.22573351860046387,-2.5801441669464111,0.));
#177=IFCDIRECTION((0.,0.,1.));
#178=IFCDIRECTION((1.,0.,0.));
#179=IFCAXIS2PLACEMENT3D(#176,#177,#178);
#180=IFCLOCALPLACEMENT(#79,#179);
#191=IFCPROPERTYSET('192QQwo$559BOaJ9ib3y37',$,'EPset_Parametric',$,(#193));
#192=IFCRELDEFINESBYPROPERTIES('3mxFgCeuv6JvFzX7060qxL',$,$,$,(#167),#191);
#193=IFCPROPERTYSINGLEVALUE('Engine',$,IFCLABEL('Bonsai.DumbLayer2'),$);
#194=IFCCARTESIANPOINTLIST2D(((0.,0.),(0.,0.10000000000000001),(3.9900000265785924,0.10000000000000001),(3.9900000265785924,0.)));
#195=IFCINDEXEDPOLYCURVE(#194,(IFCLINEINDEX((1,2,3,4,1))),$);
#196=IFCARBITRARYCLOSEDPROFILEDEF(.AREA.,$,#195);
#197=IFCCARTESIANPOINT((0.,0.,0.));
#198=IFCDIRECTION((0.,0.,1.));
#199=IFCDIRECTION((1.,0.,0.));
#200=IFCAXIS2PLACEMENT3D(#197,#198,#199);
#201=IFCDIRECTION((0.,0.,1.));
#202=IFCEXTRUDEDAREASOLID(#196,#200,#201,3.);
#203=IFCSHAPEREPRESENTATION(#11,'Body','SweptSolid',(#202));
#204=IFCCARTESIANPOINTLIST2D(((0.,0.),(3.9900000265785924,0.)));
#205=IFCINDEXEDPOLYCURVE(#204,$,$);
#206=IFCSHAPEREPRESENTATION(#23,'Axis','Curve2D',(#205));
#232=IFCWALL('0NVg9r4CjD7uFDh2LY10wn',$,'Wall',$,$,#243,#238,$,$);
#233=IFCMATERIALLAYERSETUSAGE(#82,.AXIS2.,.POSITIVE.,0.,$);
#234=IFCRELASSOCIATESMATERIAL('27J7IAJ_b4vAfcP3farUel',$,$,$,(#232),#233);
#238=IFCPRODUCTDEFINITIONSHAPE($,$,(#4970,#4967));
#239=IFCCARTESIANPOINT((4.2274765968322754,-2.6000680923461914,0.));
#240=IFCDIRECTION((0.,0.,1.));
#241=IFCDIRECTION((7.5497901264043109E-08,0.99999999999999711,0.));
#242=IFCAXIS2PLACEMENT3D(#239,#240,#241);
#243=IFCLOCALPLACEMENT(#79,#242);
#254=IFCPROPERTYSET('2zgDWzBKf3Avhg6Vy6JDUo',$,'EPset_Parametric',$,(#256));
#255=IFCRELDEFINESBYPROPERTIES('1lLDfGjW57JBPws$cdKPT8',$,$,$,(#232),#254);
#256=IFCPROPERTYSINGLEVALUE('Engine',$,IFCLABEL('Bonsai.DumbLayer2'),$);
#257=IFCWALL('1IKQ4HAUj4U9I6zqPJHihW',$,'Wall',$,$,#556,#263,$,$);
#258=IFCMATERIALLAYERSETUSAGE(#82,.AXIS2.,.POSITIVE.,0.,$);
#259=IFCRELASSOCIATESMATERIAL('1TW35a2JHDWgB2WuWIQ5uN',$,$,$,(#257),#258);
#263=IFCPRODUCTDEFINITIONSHAPE($,$,(#601,#598));
#279=IFCPROPERTYSET('3XHU$eQjjBfBFPVgbcLp7A',$,'EPset_Parametric',$,(#281));
#280=IFCRELDEFINESBYPROPERTIES('1fYTPMDJr2XRkzEgwP_9Pd',$,$,$,(#257),#279);
#281=IFCPROPERTYSINGLEVALUE('Engine',$,IFCLABEL('Bonsai.DumbLayer2'),$);
#282=IFCWALL('0bJqWNjfr9qfcrm11Wm2Cj',$,'Wall',$,$,#588,#288,$,$);
#283=IFCMATERIALLAYERSETUSAGE(#82,.AXIS2.,.POSITIVE.,0.,$);
#284=IFCRELASSOCIATESMATERIAL('1mxRhDRxX9dRqGyq8plJpO',$,$,$,(#282),#283);
#288=IFCPRODUCTDEFINITIONSHAPE($,$,(#628,#625));
#304=IFCPROPERTYSET('3PtUDcFi51Ueu4R_TifbIO',$,'EPset_Parametric',$,(#306));
#305=IFCRELDEFINESBYPROPERTIES('34DRBjApXEivAXhcinWiiA',$,$,$,(#282),#304);
#306=IFCPROPERTYSINGLEVALUE('Engine',$,IFCLABEL('Bonsai.DumbLayer2'),$);
#307=IFCWALL('1uYx8e8w138e8997_CmIfY',$,'Wall',$,$,#318,#313,$,$);
#308=IFCMATERIALLAYERSETUSAGE(#82,.AXIS2.,.POSITIVE.,0.,$);
#309=IFCRELASSOCIATESMATERIAL('2nt8oHaQnDJuZCIV1$UV73',$,$,$,(#307),#308);
#313=IFCPRODUCTDEFINITIONSHAPE($,$,(#1139,#1136));
#314=IFCCARTESIANPOINT((0.76747620105743408,5.0399312973022461,0.));
#315=IFCDIRECTION((0.,0.,1.));
#316=IFCDIRECTION((-0.99999999999992428,3.8941436741876494E-07,0.));
#317=IFCAXIS2PLACEMENT3D(#314,#315,#316);
#318=IFCLOCALPLACEMENT(#79,#317);
#329=IFCPROPERTYSET('2PDtwT4of429U3mHskCMQ4',$,'EPset_Parametric',$,(#331));
#330=IFCRELDEFINESBYPROPERTIES('3jIJpzjubCtPz8Zv1U26hU',$,$,$,(#307),#329);
#331=IFCPROPERTYSINGLEVALUE('Engine',$,IFCLABEL('Bonsai.DumbLayer2'),$);
#332=IFCWALL('38w3lz1w1FzxOTU39VR6RM',$,'Wall',$,$,#647,#338,$,$);
#333=IFCMATERIALLAYERSETUSAGE(#82,.AXIS2.,.POSITIVE.,0.,$);
#334=IFCRELASSOCIATESMATERIAL('0wDIlC3rz2hPgYil2U9D2q',$,$,$,(#332),#333);
#338=IFCPRODUCTDEFINITIONSHAPE($,$,(#892,#889));
#354=IFCPROPERTYSET('3aEsfQwQz6MPd7yP5tuGke',$,'EPset_Parametric',$,(#356));
#355=IFCRELDEFINESBYPROPERTIES('3w4UvoOCP2avOh0bamPqM7',$,$,$,(#332),#354);
#356=IFCPROPERTYSINGLEVALUE('Engine',$,IFCLABEL('Bonsai.DumbLayer2'),$);
#357=IFCWALL('1j5J2B8NH7th0G06ok1jkb',$,'Wall',$,$,#679,#363,$,$);
#358=IFCMATERIALLAYERSETUSAGE(#82,.AXIS2.,.POSITIVE.,0.,$);
#359=IFCRELASSOCIATESMATERIAL('0qDwGCZJb7T8Bu5_e3cSv5',$,$,$,(#357),#358);
#363=IFCPRODUCTDEFINITIONSHAPE($,$,(#724,#721));
#379=IFCPROPERTYSET('3CJo4WiRP1bvWcF$ToSzWj',$,'EPset_Parametric',$,(#381));
#380=IFCRELDEFINESBYPROPERTIES('0xmHCQiin2dvaGfz512Ole',$,$,$,(#357),#379);
#381=IFCPROPERTYSINGLEVALUE('Engine',$,IFCLABEL('Bonsai.DumbLayer2'),$);
#382=IFCWALL('0YqYF7KxjBww7LLhPiMpjk',$,'Wall',$,$,#711,#388,$,$);
#383=IFCMATERIALLAYERSETUSAGE(#82,.AXIS2.,.POSITIVE.,0.,$);
#384=IFCRELASSOCIATESMATERIAL('1s6miehOX2lQoURi5Xz0sB',$,$,$,(#382),#383);
#388=IFCPRODUCTDEFINITIONSHAPE($,$,(#4943,#4940));
#404=IFCPROPERTYSET('0pLlEuf_D06BQKW5L0Xd0m',$,'EPset_Parametric',$,(#406));
#405=IFCRELDEFINESBYPROPERTIES('3tcVgyBkD2WRpFBc9nVKEP',$,$,$,(#382),#404);
#406=IFCPROPERTYSINGLEVALUE('Engine',$,IFCLABEL('Bonsai.DumbLayer2'),$);
#538=IFCRELCONNECTSPATHELEMENTS('2S8aIG6yvE0h2f7M6pDGOZ',$,$,$,$,#257,#232,(),(),.ATEND.,.ATSTART.);
#552=IFCCARTESIANPOINT((4.2274772846181303,6.5099315643312305,0.));
#553=IFCDIRECTION((0.,0.,1.));
#554=IFCDIRECTION((-0.99999999999998868,-1.5099580252808492E-07,0.));
#555=IFCAXIS2PLACEMENT3D(#552,#553,#554);
#556=IFCLOCALPLACEMENT(#79,#555);
#570=IFCRELCONNECTSPATHELEMENTS('1C3nWmPRD46PZsh6l3WA37',$,$,$,$,#282,#257,(),(),.ATEND.,.ATSTART.);
#584=IFCCARTESIANPOINT((0.76747608184814797,6.5099310418855731,0.));
#585=IFCDIRECTION((0.,0.,1.));
#586=IFCDIRECTION((7.5497901264043123E-08,-0.99999999999999722,0.));
#587=IFCAXIS2PLACEMENT3D(#584,#585,#586);
#588=IFCLOCALPLACEMENT(#79,#587);
#589=IFCCARTESIANPOINTLIST2D(((0.,0.),(0.10000002264937295,0.10000000000000001),(3.3600012103198122,0.10000000000000001),(3.4600012027700222,0.)));
#590=IFCINDEXEDPOLYCURVE(#589,(IFCLINEINDEX((1,2,3,4,1))),$);
#591=IFCARBITRARYCLOSEDPROFILEDEF(.AREA.,$,#590);
#592=IFCCARTESIANPOINT((0.,0.,0.));
#593=IFCDIRECTION((0.,0.,1.));
#594=IFCDIRECTION((1.,0.,0.));
#595=IFCAXIS2PLACEMENT3D(#592,#593,#594);
#596=IFCDIRECTION((0.,0.,1.));
#597=IFCEXTRUDEDAREASOLID(#591,#595,#596,3.);
#598=IFCSHAPEREPRESENTATION(#11,'Body','SweptSolid',(#597));
#599=IFCCARTESIANPOINTLIST2D(((0.,0.),(3.4600012027700222,0.)));
#600=IFCINDEXEDPOLYCURVE(#599,$,$);
#601=IFCSHAPEREPRESENTATION(#23,'Axis','Curve2D',(#600));
#602=IFCRELCONNECTSPATHELEMENTS('3Cu1hOhHL7Y8FbDP86YXIb',$,$,$,$,#307,#282,(),(),.ATEND.,.ATSTART.);
#616=IFCCARTESIANPOINTLIST2D(((0.,0.),(0.099999992450210171,0.10000000000000001),(1.5699997910745644,0.10000000000000001),(1.4699997445833268,0.)));
#617=IFCINDEXEDPOLYCURVE(#616,(IFCLINEINDEX((1,2,3,4,1))),$);
#618=IFCARBITRARYCLOSEDPROFILEDEF(.AREA.,$,#617);
#619=IFCCARTESIANPOINT((0.,0.,0.));
#620=IFCDIRECTION((0.,0.,1.));
#621=IFCDIRECTION((1.,0.,0.));
#622=IFCAXIS2PLACEMENT3D(#619,#620,#621);
#623=IFCDIRECTION((0.,0.,1.));
#624=IFCEXTRUDEDAREASOLID(#618,#622,#623,3.);
#625=IFCSHAPEREPRESENTATION(#11,'Body','SweptSolid',(#624));
#626=IFCCARTESIANPOINTLIST2D(((0.,0.),(1.4699997445833268,0.)));
#627=IFCINDEXEDPOLYCURVE(#626,$,$);
#628=IFCSHAPEREPRESENTATION(#23,'Axis','Curve2D',(#627));
#629=IFCRELCONNECTSPATHELEMENTS('27$Nh6kQTBiOt8_62cqpYD',$,$,$,$,#332,#307,(),(),.ATEND.,.ATSTART.);
#643=IFCCARTESIANPOINT((-2.7825236320496289,5.0399326797231856,0.));
#644=IFCDIRECTION((0.,0.,1.));
#645=IFCDIRECTION((7.5497901264043123E-08,-0.99999999999999722,0.));
#646=IFCAXIS2PLACEMENT3D(#643,#644,#645);
#647=IFCLOCALPLACEMENT(#79,#646);
#661=IFCRELCONNECTSPATHELEMENTS('0wshZ9qivCxxXHZLDbr5VI',$,$,$,$,#357,#332,(),(),.ATEND.,.ATSTART.);
#675=IFCCARTESIANPOINT((-2.7825232432353619,-0.11006832122802734,0.));
#676=IFCDIRECTION((0.,0.,1.));
#677=IFCDIRECTION((1.,0.,0.));
#678=IFCAXIS2PLACEMENT3D(#675,#676,#677);
#679=IFCLOCALPLACEMENT(#79,#678);
#693=IFCRELCONNECTSPATHELEMENTS('1Dx8OhXXb82xfMboo11Kah',$,$,$,$,#382,#357,(),(),.ATEND.,.ATSTART.);
#707=IFCCARTESIANPOINT((0.21747684478758789,-0.11006832122802734,0.));
#708=IFCDIRECTION((0.,0.,1.));
#709=IFCDIRECTION((-4.3711388286737889E-08,-0.99999999999999911,0.));
#710=IFCAXIS2PLACEMENT3D(#707,#708,#709);
#711=IFCLOCALPLACEMENT(#79,#710);
#712=IFCCARTESIANPOINTLIST2D(((0.,0.),(0.099999992450210171,0.10000000000000001),(3.1000000923940889,0.10000000000000001),(3.0000000880229498,0.)));
#713=IFCINDEXEDPOLYCURVE(#712,(IFCLINEINDEX((1,2,3,4,1))),$);
#714=IFCARBITRARYCLOSEDPROFILEDEF(.AREA.,$,#713);
#715=IFCCARTESIANPOINT((0.,0.,0.));
#716=IFCDIRECTION((0.,0.,1.));
#717=IFCDIRECTION((1.,0.,0.));
#718=IFCAXIS2PLACEMENT3D(#715,#716,#717);
#719=IFCDIRECTION((0.,0.,1.));
#720=IFCEXTRUDEDAREASOLID(#714,#718,#719,3.);
#721=IFCSHAPEREPRESENTATION(#11,'Body','SweptSolid',(#720));
#722=IFCCARTESIANPOINTLIST2D(((0.,0.),(3.0000000880229498,0.)));
#723=IFCINDEXEDPOLYCURVE(#722,$,$);
#724=IFCSHAPEREPRESENTATION(#23,'Axis','Curve2D',(#723));
#763=IFCWALL('1lDQ_XRZT9IQNhBZuX9x5O',$,'Wall',$,$,#774,#769,$,$);
#764=IFCMATERIALLAYERSETUSAGE(#82,.AXIS2.,.POSITIVE.,0.,$);
#765=IFCRELASSOCIATESMATERIAL('0gA5_c7q50sQV75$Bcmevq',$,$,$,(#763),#764);
#769=IFCPRODUCTDEFINITIONSHAPE($,$,(#865,#862));
#770=IFCCARTESIANPOINT((0.31747683882713318,-0.010068312287330627,0.));
#771=IFCDIRECTION((0.,0.,1.));
#772=IFCDIRECTION((7.5497901264043109E-08,0.99999999999999711,0.));
#773=IFCAXIS2PLACEMENT3D(#770,#771,#772);
#774=IFCLOCALPLACEMENT(#79,#773);
#785=IFCPROPERTYSET('0jkmjkQI5ARAzBPARb7Gfq',$,'EPset_Parametric',$,(#787));
#786=IFCRELDEFINESBYPROPERTIES('0_1Jrzf_z9N8aiFJDhx96g',$,$,$,(#763),#785);
#787=IFCPROPERTYSINGLEVALUE('Engine',$,IFCLABEL('Bonsai.DumbLayer2'),$);
#788=IFCWALL('2bMA9IgqP7L9dlai9qGuxq',$,'Wall',$,$,#799,#794,$,$);
#789=IFCMATERIALLAYERSETUSAGE(#82,.AXIS2.,.POSITIVE.,0.,$);
#790=IFCRELASSOCIATESMATERIAL('2ug6tGGRPCIwlYn7uokONj',$,$,$,(#788),#789);
#794=IFCPRODUCTDEFINITIONSHAPE($,$,(#879,#876));
#795=IFCCARTESIANPOINT((0.31747704744338989,2.6399316787719727,0.));
#796=IFCDIRECTION((0.,0.,1.));
#797=IFCDIRECTION((-0.99999999999998868,-1.5099580252808492E-07,0.));
#798=IFCAXIS2PLACEMENT3D(#795,#796,#797);
#799=IFCLOCALPLACEMENT(#79,#798);
#810=IFCPROPERTYSET('3kaC_V9E57HOulBA9g9Ldg',$,'EPset_Parametric',$,(#812));
#811=IFCRELDEFINESBYPROPERTIES('1i1B3XiFn8svoxMiwSPgbE',$,$,$,(#788),#810);
#812=IFCPROPERTYSINGLEVALUE('Engine',$,IFCLABEL('Bonsai.DumbLayer2'),$);
#839=IFCRELCONNECTSPATHELEMENTS('1YBFljhOH2jRwrqgoah1rl',$,$,$,$,#788,#763,(),(),.ATEND.,.ATSTART.);
#853=IFCCARTESIANPOINTLIST2D(((0.,0.),(0.,0.10000000000000001),(2.5499999684099368,0.10000000000000001),(2.6499999910593099,0.)));
#854=IFCINDEXEDPOLYCURVE(#853,(IFCLINEINDEX((1,2,3,4,1))),$);
#855=IFCARBITRARYCLOSEDPROFILEDEF(.AREA.,$,#854);
#856=IFCCARTESIANPOINT((0.,0.,0.));
#857=IFCDIRECTION((0.,0.,1.));
#858=IFCDIRECTION((1.,0.,0.));
#859=IFCAXIS2PLACEMENT3D(#856,#857,#858);
#860=IFCDIRECTION((0.,0.,1.));
#861=IFCEXTRUDEDAREASOLID(#855,#859,#860,3.);
#862=IFCSHAPEREPRESENTATION(#11,'Body','SweptSolid',(#861));
#863=IFCCARTESIANPOINTLIST2D(((0.,0.),(2.6499999910593099,0.)));
#864=IFCINDEXEDPOLYCURVE(#863,$,$);
#865=IFCSHAPEREPRESENTATION(#23,'Axis','Curve2D',(#864));
#866=IFCRELCONNECTSPATHELEMENTS('33YFjJzqHEAxenpfzCw1Lj',$,$,$,$,#788,#332,(),(),.ATPATH.,.ATEND.);
#867=IFCCARTESIANPOINTLIST2D(((0.,0.),(0.10000002264937295,0.10000000000000001),(3.0000004973009506,0.10000000000000001),(3.0000004897511605,0.)));
#868=IFCINDEXEDPOLYCURVE(#867,(IFCLINEINDEX((1,2,3,4,1))),$);
#869=IFCARBITRARYCLOSEDPROFILEDEF(.AREA.,$,#868);
#870=IFCCARTESIANPOINT((0.,0.,0.));
#871=IFCDIRECTION((0.,0.,1.));
#872=IFCDIRECTION((1.,0.,0.));
#873=IFCAXIS2PLACEMENT3D(#870,#871,#872);
#874=IFCDIRECTION((0.,0.,1.));
#875=IFCEXTRUDEDAREASOLID(#869,#873,#874,3.);
#876=IFCSHAPEREPRESENTATION(#11,'Body','SweptSolid',(#875));
#877=IFCCARTESIANPOINTLIST2D(((0.,0.),(3.100000489751161,0.)));
#878=IFCINDEXEDPOLYCURVE(#877,$,$);
#879=IFCSHAPEREPRESENTATION(#23,'Axis','Curve2D',(#878));
#880=IFCCARTESIANPOINTLIST2D(((0.,0.),(0.1000000464912377,0.10000000000000001),(5.0500010085010176,0.10000000000000001),(5.150001000951228,0.)));
#881=IFCINDEXEDPOLYCURVE(#880,(IFCLINEINDEX((1,2,3,4,1))),$);
#882=IFCARBITRARYCLOSEDPROFILEDEF(.AREA.,$,#881);
#883=IFCCARTESIANPOINT((0.,0.,0.));
#884=IFCDIRECTION((0.,0.,1.));
#885=IFCDIRECTION((1.,0.,0.));
#886=IFCAXIS2PLACEMENT3D(#883,#884,#885);
#887=IFCDIRECTION((0.,0.,1.));
#888=IFCEXTRUDEDAREASOLID(#882,#886,#887,3.);
#889=IFCSHAPEREPRESENTATION(#11,'Body','SweptSolid',(#888));
#890=IFCCARTESIANPOINTLIST2D(((0.,0.),(5.150001000951228,0.)));
#891=IFCINDEXEDPOLYCURVE(#890,$,$);
#892=IFCSHAPEREPRESENTATION(#23,'Axis','Curve2D',(#891));
#893=IFCWALL('32HCrBhBPDWgNS5kvJTVSz',$,'Wall',$,$,#935,#899,$,$);
#894=IFCMATERIALLAYERSETUSAGE(#82,.AXIS2.,.POSITIVE.,0.,$);
#895=IFCRELASSOCIATESMATERIAL('06fgru2kz1vfSrM8tieAlK',$,$,$,(#893),#894);
#899=IFCPRODUCTDEFINITIONSHAPE($,$,(#1102,#1099));
#915=IFCPROPERTYSET('052ob1mNHBSuRg_dhCJTD2',$,'EPset_Parametric',$,(#917));
#916=IFCRELDEFINESBYPROPERTIES('0zKvSRGzD2ofLXHf$eg4d$',$,$,$,(#893),#915);
#917=IFCPROPERTYSINGLEVALUE('Engine',$,IFCLABEL('Bonsai.DumbLayer2'),$);
#931=IFCCARTESIANPOINT((-1.179828405380249,2.6399316787719727,0.));
#932=IFCDIRECTION((0.,0.,1.));
#933=IFCDIRECTION((1.9470718370939353E-07,0.99999999999998113,0.));
#934=IFCAXIS2PLACEMENT3D(#931,#932,#933);
#935=IFCLOCALPLACEMENT(#79,#934);
#936=IFCRELCONNECTSPATHELEMENTS('3Rhrn0W0HEVPJvEXaPW$w_',$,$,$,$,#893,#307,(),(),.ATPATH.,.ATEND.);
#963=IFCWALL('3W7msauaTCmfTqPX0OdIP_',$,'Wall',$,$,#1126,#969,$,$);
#964=IFCMATERIALLAYERSETUSAGE(#82,.AXIS2.,.POSITIVE.,0.,$);
#965=IFCRELASSOCIATESMATERIAL('2MDdwp7OP688gifOPFPUyr',$,$,$,(#963),#964);
#969=IFCPRODUCTDEFINITIONSHAPE($,$,(#1185,#1182));
#985=IFCPROPERTYSET('3xjhXOcG5ALf0WVJkC$mc2',$,'EPset_Parametric',$,(#987));
#986=IFCRELDEFINESBYPROPERTIES('1R_Mf7laTBYxebSNfmdzLK',$,$,$,(#963),#985);
#987=IFCPROPERTYSINGLEVALUE('Engine',$,IFCLABEL('Bonsai.DumbLayer2'),$);
#988=IFCWALL('0BvH43miLEke_azE$vcMZV',$,'Wall',$,$,#1171,#994,$,$);
#989=IFCMATERIALLAYERSETUSAGE(#82,.AXIS2.,.POSITIVE.,0.,$);
#990=IFCRELASSOCIATESMATERIAL('1T47aw32P68uSDvC6aajJv',$,$,$,(#988),#989);
#994=IFCPRODUCTDEFINITIONSHAPE($,$,(#1198,#1195));
#1010=IFCPROPERTYSET('0UHdmEJgz7cRFoJFxDJVgy',$,'EPset_Parametric',$,(#1012));
#1011=IFCRELDEFINESBYPROPERTIES('1tLTsOein4hg$52vUlzMQQ',$,$,$,(#988),#1010);
#1012=IFCPROPERTYSINGLEVALUE('Engine',$,IFCLABEL('Bonsai.DumbLayer2'),$);
#1071=IFCRELCONNECTSPATHELEMENTS('15nVcgWjX7juWU2DurhPHI',$,$,$,$,#988,#893,(),(),.ATPATH.,.ATEND.);
#1090=IFCCARTESIANPOINTLIST2D(((0.,0.),(0.,0.10000000000000001),(2.3000003963092448,0.10000000000000001),(2.3000003768385264,0.)));
#1091=IFCINDEXEDPOLYCURVE(#1090,(IFCLINEINDEX((1,2,3,4,1))),$);
#1092=IFCARBITRARYCLOSEDPROFILEDEF(.AREA.,$,#1091);
#1093=IFCCARTESIANPOINT((0.,0.,0.));
#1094=IFCDIRECTION((0.,0.,1.));
#1095=IFCDIRECTION((1.,0.,0.));
#1096=IFCAXIS2PLACEMENT3D(#1093,#1094,#1095);
#1097=IFCDIRECTION((0.,0.,1.));
#1098=IFCEXTRUDEDAREASOLID(#1092,#1096,#1097,3.);
#1099=IFCSHAPEREPRESENTATION(#11,'Body','SweptSolid',(#1098));
#1100=IFCCARTESIANPOINTLIST2D(((0.,0.),(2.4000003768385283,0.)));
#1101=IFCINDEXEDPOLYCURVE(#1100,$,$);
#1102=IFCSHAPEREPRESENTATION(#23,'Axis','Curve2D',(#1101));
#1108=IFCRELCONNECTSPATHELEMENTS('0KbFREQKn5WhFuq54Nilmq',$,$,$,$,#963,#307,(),(),.ATPATH.,.ATSTART.);
#1122=IFCCARTESIANPOINT((0.76747620021339269,5.0399312973022461,0.));
#1123=IFCDIRECTION((0.,0.,1.));
#1124=IFCDIRECTION((1.9470718370939353E-07,-0.99999999999998113,0.));
#1125=IFCAXIS2PLACEMENT3D(#1122,#1123,#1124);
#1126=IFCLOCALPLACEMENT(#79,#1125);
#1127=IFCCARTESIANPOINTLIST2D(((0.,0.),(-0.10000004649123767,0.10000000000000001),(3.4499997783887038,0.10000000000000001),(3.5499998248799414,0.)));
#1128=IFCINDEXEDPOLYCURVE(#1127,(IFCLINEINDEX((1,2,3,4,1))),$);
#1129=IFCARBITRARYCLOSEDPROFILEDEF(.AREA.,$,#1128);
#1130=IFCCARTESIANPOINT((0.,0.,0.));
#1131=IFCDIRECTION((0.,0.,1.));
#1132=IFCDIRECTION((1.,0.,0.));
#1133=IFCAXIS2PLACEMENT3D(#1130,#1131,#1132);
#1134=IFCDIRECTION((0.,0.,1.));
#1135=IFCEXTRUDEDAREASOLID(#1129,#1133,#1134,3.);
#1136=IFCSHAPEREPRESENTATION(#11,'Body','SweptSolid',(#1135));
#1137=IFCCARTESIANPOINTLIST2D(((0.,0.),(3.5499998248799414,0.)));
#1138=IFCINDEXEDPOLYCURVE(#1137,$,$);
#1139=IFCSHAPEREPRESENTATION(#23,'Axis','Curve2D',(#1138));
#1167=IFCCARTESIANPOINT((0.76747648922406952,3.5555963516234694,0.));
#1168=IFCDIRECTION((0.,0.,1.));
#1169=IFCDIRECTION((-0.99999999999992428,3.8941436741876494E-07,0.));
#1170=IFCAXIS2PLACEMENT3D(#1167,#1168,#1169);
#1171=IFCLOCALPLACEMENT(#79,#1170);
#1172=IFCRELCONNECTSPATHELEMENTS('1FxasJOzT2te_ZWttyujir',$,$,$,$,#963,#988,(),(),.ATSTART.,.ATEND.);
#1173=IFCCARTESIANPOINTLIST2D(((0.10000000000001708,0.),(0.10000005841217219,0.10000000000000001),(1.5843350040909769,0.10000000000000001),(1.4843349456788046,0.)));
#1174=IFCINDEXEDPOLYCURVE(#1173,(IFCLINEINDEX((1,2,3,4,1))),$);
#1175=IFCARBITRARYCLOSEDPROFILEDEF(.AREA.,$,#1174);
#1176=IFCCARTESIANPOINT((0.,0.,0.));
#1177=IFCDIRECTION((0.,0.,1.));
#1178=IFCDIRECTION((1.,0.,0.));
#1179=IFCAXIS2PLACEMENT3D(#1176,#1177,#1178);
#1180=IFCDIRECTION((0.,0.,1.));
#1181=IFCEXTRUDEDAREASOLID(#1175,#1179,#1180,3.);
#1182=IFCSHAPEREPRESENTATION(#11,'Body','SweptSolid',(#1181));
#1183=IFCCARTESIANPOINTLIST2D(((0.,0.),(1.4843349456788046,0.)));
#1184=IFCINDEXEDPOLYCURVE(#1183,$,$);
#1185=IFCSHAPEREPRESENTATION(#23,'Axis','Curve2D',(#1184));
#1186=IFCCARTESIANPOINTLIST2D(((0.,0.),(-0.10000005841217217,0.10000000000000001),(1.9473046968471104,0.10000000000000001),(1.9473047163178288,0.)));
#1187=IFCINDEXEDPOLYCURVE(#1186,(IFCLINEINDEX((1,2,3,4,1))),$);
#1188=IFCARBITRARYCLOSEDPROFILEDEF(.AREA.,$,#1187);
#1189=IFCCARTESIANPOINT((0.,0.,0.));
#1190=IFCDIRECTION((0.,0.,1.));
#1191=IFCDIRECTION((1.,0.,0.));
#1192=IFCAXIS2PLACEMENT3D(#1189,#1190,#1191);
#1193=IFCDIRECTION((0.,0.,1.));
#1194=IFCEXTRUDEDAREASOLID(#1188,#1192,#1193,3.);
#1195=IFCSHAPEREPRESENTATION(#11,'Body','SweptSolid',(#1194));
#1196=IFCCARTESIANPOINTLIST2D(((0.,0.),(1.9473047163178288,0.)));
#1197=IFCINDEXEDPOLYCURVE(#1196,$,$);
#1198=IFCSHAPEREPRESENTATION(#23,'Axis','Curve2D',(#1197));
#1231=IFCSLABTYPE('0kZN$4GG95n8t$JHGuE5pg',$,'Slab',$,$,(#1235),$,$,$,.FLOOR.);
#1232=IFCMATERIALLAYERSET((#1234),$,$);
#1233=IFCRELASSOCIATESMATERIAL('2_6JRO5ob31OPWUR5j6G8W',$,$,$,(#1231),#1232);
#1234=IFCMATERIALLAYER(#81,0.10000000000000001,$,$,$,$,$);
#1235=IFCPROPERTYSET('009O0udtv3SRWH1w0uf$i6',$,'EPset_Parametric',$,(#1236));
#1236=IFCPROPERTYSINGLEVALUE('LayerSetDirection',$,IFCLABEL('AXIS3'),$);
#1237=IFCSLAB('0eIpKK2c98nQgL925iPTrx',$,'Slab',$,$,#1245,#1252,$,$);
#1238=IFCRELDEFINESBYTYPE('1Y7Vxd3OTB1AmNr_I9xK7F',$,$,$,(#1237,#4590,#6926,#12757),#1231);
#1239=IFCMATERIALLAYERSETUSAGE(#1232,.AXIS3.,.POSITIVE.,-0.10000000149011612,$);
#1240=IFCRELASSOCIATESMATERIAL('3MYJxB9VP8dPxyWo5c2VlV',$,$,$,(#1237),#1239);
#1241=IFCCARTESIANPOINT((4.2274765968322754,-2.6000680923461914,0.));
#1242=IFCDIRECTION((0.,0.,1.));
#1243=IFCDIRECTION((1.,0.,0.));
#1244=IFCAXIS2PLACEMENT3D(#1241,#1242,#1243);
#1245=IFCLOCALPLACEMENT(#79,#1244);
#1246=IFCCARTESIANPOINTLIST2D(((0.,0.),(4.76837158203125E-07,9.1099996566772461),(-3.46000075340271,9.1099987030029297),(-3.4600002765655518,7.6399993896484375),(-7.0100002288818359,7.6400008201599121),(-7.0099997520446777,2.4899997711181641),(-4.0099997520446777,2.4899997711181641),(-4.0041570663452148,0.0058133602142333984),(0.,0.)));
#1247=IFCINDEXEDPOLYCURVE(#1246,$,$);
#1248=IFCDIRECTION((0.,0.,1.));
#1249=IFCARBITRARYCLOSEDPROFILEDEF(.AREA.,$,#1247);
#1250=IFCEXTRUDEDAREASOLID(#1249,#1259,#1248,0.10000000000000001);
#1251=IFCSHAPEREPRESENTATION(#11,'Body','SweptSolid',(#1250));
#1252=IFCPRODUCTDEFINITIONSHAPE($,$,(#1251));
#1253=IFCPROPERTYSET('2i7U1Suo177vTOgsD4ZyU7',$,'EPset_Parametric',$,(#1255));
#1254=IFCRELDEFINESBYPROPERTIES('0ip8HrWUn41w$eW_wc1GZY',$,$,$,(#1237),#1253);
#1255=IFCPROPERTYSINGLEVALUE('Engine',$,IFCLABEL('Bonsai.DumbLayer3'),$);
#1256=IFCCARTESIANPOINT((-0.,-0.,-0.10000000149011612));
#1257=IFCDIRECTION((0.,0.,1.));
#1258=IFCDIRECTION((1.,0.,0.));
#1259=IFCAXIS2PLACEMENT3D(#1256,#1257,#1258);
#1260=IFCDOORTYPE('1rRQNr749C38VEpLtavM5y',$,'Main-GF',$,$,(#1261),(#1270,#1348,#1367,#2620),$,$,.DOOR.,.SINGLE_SWING_LEFT.,$,$);
#1261=IFCPROPERTYSET('2TAgNl8k57jx_4KNGR0Q1N',$,'BBIM_Door',$,(#1262));
#1262=IFCPROPERTYSINGLEVALUE('Data',$,IFCTEXT('{"door_type": "SLIDING_TO_RIGHT", "overall_height": 2.0, "overall_width": 1.3272136449813843, "lining_properties": {"lining_depth": 0.05000000074505806, "lining_thickness": 0.05000000074505806, "lining_offset": 0.0, "transom_thickness": 0.0, "casing_thickness": 0.07500000298023224, "casing_depth": 0.004999999888241291, "threshold_thickness": 0.02500000037252903, "threshold_depth": 0.10000000149011612, "threshold_offset": 0.0}, "panel_properties": {"panel_depth": 0.03500000014901161, "panel_width_ratio": 1.0}}'),$);
#1266=IFCCARTESIANPOINT((0.,0.,0.));
#1267=IFCDIRECTION((1.,0.,0.));
#1268=IFCDIRECTION((0.,0.,1.));
#1269=IFCAXIS2PLACEMENT3D(#1266,#1268,#1267);
#1270=IFCREPRESENTATIONMAP(#1269,#2535);
#1344=IFCCARTESIANPOINT((0.,0.,0.));
#1345=IFCDIRECTION((1.,0.,0.));
#1346=IFCDIRECTION((0.,0.,1.));
#1347=IFCAXIS2PLACEMENT3D(#1344,#1346,#1345);
#1348=IFCREPRESENTATIONMAP(#1347,#2599);
#1363=IFCCARTESIANPOINT((0.,0.,0.));
#1364=IFCDIRECTION((1.,0.,0.));
#1365=IFCDIRECTION((0.,0.,1.));
#1366=IFCAXIS2PLACEMENT3D(#1363,#1365,#1364);
#1367=IFCREPRESENTATIONMAP(#1366,#2610);
#1567=IFCDOORTYPE('10Q5bHwA15Ehb3eeniHu9q',$,'Guest-GF',$,$,(#1568),(#1570,#1578,#1656),$,$,.DOOR.,.SINGLE_SWING_LEFT.,$,$);
#1568=IFCPROPERTYSET('3BgZMq63n0XBnX$6Af026l',$,'BBIM_Door',$,(#1569));
#1569=IFCPROPERTYSINGLEVALUE('Data',$,IFCTEXT('{"door_type": "SINGLE_SWING_RIGHT", "overall_height": 2.0, "overall_width": 0.8967298269271851, "lining_properties": {"lining_depth": 0.05000000074505806, "lining_thickness": 0.05000000074505806, "lining_offset": 0.0, "lining_to_panel_offset_x": 0.02500000037252903, "lining_to_panel_offset_y": 0.02500000037252903, "transom_thickness": 0.0, "casing_thickness": 0.07500000298023224, "casing_depth": 0.004999999888241291, "threshold_thickness": 0.02500000037252903, "threshold_depth": 0.10000000149011612, "threshold_offset": 0.0}, "panel_properties": {"panel_depth": 0.03500000014901161, "panel_width_ratio": 1.0}}'),$);
#1570=IFCREPRESENTATIONMAP(#1571,#10415);
#1571=IFCAXIS2PLACEMENT3D(#1572,#1573,#1574);
#1572=IFCCARTESIANPOINT((0.,0.,0.));
#1573=IFCDIRECTION((0.,0.,1.));
#1574=IFCDIRECTION((1.,0.,0.));
#1578=IFCREPRESENTATIONMAP(#1579,#10488);
#1579=IFCAXIS2PLACEMENT3D(#1580,#1581,#1582);
#1580=IFCCARTESIANPOINT((0.,0.,0.));
#1581=IFCDIRECTION((0.,0.,1.));
#1582=IFCDIRECTION((1.,0.,0.));
#1656=IFCREPRESENTATIONMAP(#1657,#10502);
#1657=IFCAXIS2PLACEMENT3D(#1658,#1659,#1660);
#1658=IFCCARTESIANPOINT((0.,0.,0.));
#1659=IFCDIRECTION((0.,0.,1.));
#1660=IFCDIRECTION((1.,0.,0.));
#1675=IFCDOOR('0bVQUONhbEouT_fZQXCTC1',$,'Door',$,$,#10527,#1684,$,2.,0.89672982692718506,$,.SINGLE_SWING_RIGHT.,$);
#1676=IFCRELDEFINESBYTYPE('0zFCAR$rL56vwLeYh2akOL',$,$,$,(#1675),#1567);
#1677=IFCCARTESIANPOINT((0.,0.,0.));
#1678=IFCDIRECTION((1.,0.,0.));
#1679=IFCDIRECTION((0.,1.,0.));
#1680=IFCDIRECTION((0.,0.,1.));
#1681=IFCCARTESIANTRANSFORMATIONOPERATOR3D(#1678,#1679,#1677,1.,#1680);
#1682=IFCMAPPEDITEM(#1570,#1681);
#1683=IFCSHAPEREPRESENTATION(#18,'Profile','MappedRepresentation',(#1682));
#1684=IFCPRODUCTDEFINITIONSHAPE($,$,(#1683,#1691,#1698));
#1685=IFCCARTESIANPOINT((0.,0.,0.));
#1686=IFCDIRECTION((1.,0.,0.));
#1687=IFCDIRECTION((0.,1.,0.));
#1688=IFCDIRECTION((0.,0.,1.));
#1689=IFCCARTESIANTRANSFORMATIONOPERATOR3D(#1686,#1687,#1685,1.,#1688);
#1690=IFCMAPPEDITEM(#1578,#1689);
#1691=IFCSHAPEREPRESENTATION(#11,'Body','MappedRepresentation',(#1690));
#1692=IFCCARTESIANPOINT((0.,0.,0.));
#1693=IFCDIRECTION((1.,0.,0.));
#1694=IFCDIRECTION((0.,1.,0.));
#1695=IFCDIRECTION((0.,0.,1.));
#1696=IFCCARTESIANTRANSFORMATIONOPERATOR3D(#1693,#1694,#1692,1.,#1695);
#1697=IFCMAPPEDITEM(#1656,#1696);
#1698=IFCSHAPEREPRESENTATION(#24,'Body','MappedRepresentation',(#1697));
#1699=IFCOPENINGELEMENT('0N4gvjZO5D4BijDJaVP52J',$,'Opening',$,$,#10522,#1727,$,.OPENING.);
#1715=IFCCARTESIANPOINT((0.,0.,0.));
#1716=IFCDIRECTION((1.,0.,0.));
#1717=IFCDIRECTION((0.,0.,1.));
#1718=IFCAXIS2PLACEMENT3D(#1715,#1717,#1716);
#1719=IFCREPRESENTATIONMAP(#1718,#10512);
#1720=IFCCARTESIANPOINT((0.,0.,0.));
#1721=IFCDIRECTION((1.,0.,0.));
#1722=IFCDIRECTION((0.,1.,0.));
#1723=IFCDIRECTION((0.,0.,1.));
#1724=IFCCARTESIANTRANSFORMATIONOPERATOR3D(#1721,#1722,#1720,1.,#1723);
#1725=IFCMAPPEDITEM(#1719,#1724);
#1726=IFCSHAPEREPRESENTATION(#11,'Body','MappedRepresentation',(#1725));
#1727=IFCPRODUCTDEFINITIONSHAPE($,$,(#1726));
#1728=IFCRELVOIDSELEMENT('1lrWO90Dz5Rgm1CfSXBXPG',$,$,$,#763,#1699);
#1734=IFCRELFILLSELEMENT('2zEMQg0$T5MRkEQxFoKMpM',$,$,$,#1699,#1675);
#1743=IFCCARTESIANPOINTLIST2D(((0.,0.),(0.,2.),(0.89999997615814209,2.),(0.89999997615814209,0.),(0.87499997578561306,0.),(0.87499997578561306,1.974999999627471),(0.02500000037252903,1.974999999627471),(0.02500000037252903,0.)));
#1744=IFCINDEXEDPOLYCURVE(#1743,(IFCLINEINDEX((1,2,3,4,5,6,7,8,1))),$);
#1745=IFCARBITRARYCLOSEDPROFILEDEF(.AREA.,$,#1744);
#1746=IFCCARTESIANPOINT((0.,0.02500000037252903,0.));
#1747=IFCDIRECTION((0.,-1.,0.));
#1748=IFCDIRECTION((1.,0.,0.));
#1749=IFCAXIS2PLACEMENT3D(#1746,#1747,#1748);
#1750=IFCDIRECTION((0.,0.,-1.));
#1751=IFCEXTRUDEDAREASOLID(#1745,#1749,#1750,0.02500000037252903);
#1752=IFCCARTESIANPOINTLIST2D(((0.,0.),(0.,2.),(0.89999997615814209,2.),(0.89999997615814209,0.),(0.84999997541308403,0.),(0.84999997541308403,1.9499999992549419),(0.05000000074505806,1.9499999992549419),(0.05000000074505806,0.)));
#1753=IFCINDEXEDPOLYCURVE(#1752,(IFCLINEINDEX((1,2,3,4,5,6,7,8,1))),$);
#1754=IFCARBITRARYCLOSEDPROFILEDEF(.AREA.,$,#1753);
#1755=IFCCARTESIANPOINT((0.,0.,0.));
#1756=IFCDIRECTION((0.,-1.,0.));
#1757=IFCDIRECTION((1.,0.,0.));
#1758=IFCAXIS2PLACEMENT3D(#1755,#1756,#1757);
#1759=IFCDIRECTION((0.,0.,-1.));
#1760=IFCEXTRUDEDAREASOLID(#1754,#1758,#1759,0.02500000037252903);
#1761=IFCCARTESIANPOINTLIST2D(((0.,0.),(0.79999997466802597,0.),(0.79999997466802597,0.10000000149011612),(0.,0.10000000149011612)));
#1762=IFCINDEXEDPOLYCURVE(#1761,(IFCLINEINDEX((1,2,3,4,1))),$);
#1763=IFCARBITRARYCLOSEDPROFILEDEF(.AREA.,$,#1762);
#1764=IFCCARTESIANPOINT((0.05000000074505806,0.,0.));
#1765=IFCDIRECTION((0.,0.,1.));
#1766=IFCDIRECTION((1.,0.,0.));
#1767=IFCAXIS2PLACEMENT3D(#1764,#1765,#1766);
#1768=IFCDIRECTION((0.,0.,1.));
#1769=IFCEXTRUDEDAREASOLID(#1763,#1767,#1768,0.02500000037252903);
#1770=IFCCARTESIANPOINTLIST2D(((0.,0.),(0.,2.0250000022351742),(0.94999998062849045,2.0250000022351742),(0.94999998062849045,0.),(0.87499997764825821,0.),(0.87499997764825821,1.9499999992549419),(0.075000002980232239,1.9499999992549419),(0.075000002980232239,0.)));
#1771=IFCINDEXEDPOLYCURVE(#1770,(IFCLINEINDEX((1,2,3,4,5,6,7,8,1))),$);
#1772=IFCARBITRARYCLOSEDPROFILEDEF(.AREA.,$,#1771);
#1773=IFCCARTESIANPOINT((-0.025000002235174179,-0.004999999888241291,0.));
#1774=IFCDIRECTION((0.,-1.,0.));
#1775=IFCDIRECTION((1.,0.,0.));
#1776=IFCAXIS2PLACEMENT3D(#1773,#1774,#1775);
#1777=IFCDIRECTION((0.,0.,-1.));
#1778=IFCEXTRUDEDAREASOLID(#1772,#1776,#1777,0.004999999888241291);
#1779=IFCCARTESIANPOINTLIST2D(((0.,0.),(0.,2.0250000022351742),(0.94999998062849045,2.0250000022351742),(0.94999998062849045,0.),(0.89999997802078724,0.),(0.89999997802078724,1.974999999627471),(0.050000002607703209,1.974999999627471),(0.050000002607703209,0.)));
#1780=IFCINDEXEDPOLYCURVE(#1779,(IFCLINEINDEX((1,2,3,4,5,6,7,8,1))),$);
#1781=IFCARBITRARYCLOSEDPROFILEDEF(.AREA.,$,#1780);
#1782=IFCCARTESIANPOINT((-0.025000002235174179,0.05000000074505806,0.));
#1783=IFCDIRECTION((0.,-1.,0.));
#1784=IFCDIRECTION((1.,0.,0.));
#1785=IFCAXIS2PLACEMENT3D(#1782,#1783,#1784);
#1786=IFCDIRECTION((0.,0.,-1.));
#1787=IFCEXTRUDEDAREASOLID(#1781,#1785,#1786,0.004999999888241291);
#1788=IFCCARTESIANPOINTLIST2D(((0.,0.),(0.84999997541308403,0.),(0.84999997541308403,0.035000000149011612),(0.,0.035000000149011612)));
#1789=IFCINDEXEDPOLYCURVE(#1788,(IFCLINEINDEX((1,2,3,4,1))),$);
#1790=IFCARBITRARYCLOSEDPROFILEDEF(.AREA.,$,#1789);
#1791=IFCCARTESIANPOINT((0.02500000037252903,0.02500000037252903,0.02500000037252903));
#1792=IFCDIRECTION((0.,0.,1.));
#1793=IFCDIRECTION((1.,0.,0.));
#1794=IFCAXIS2PLACEMENT3D(#1791,#1792,#1793);
#1795=IFCDIRECTION((0.,0.,1.));
#1796=IFCEXTRUDEDAREASOLID(#1790,#1794,#1795,1.9499999992549419);
#1797=IFCCARTESIANPOINTLIST2D(((0.,0.),(0.,-0.040000000000000001),(-0.11999999999999988,-0.040000000000000001),(-0.11999999999999988,-0.02),(-0.020000000000000018,-0.02),(-0.020000000000000018,0.)));
#1798=IFCINDEXEDPOLYCURVE(#1797,(IFCLINEINDEX((1,2,3,4,5,6,1))),$);
#1799=IFCARBITRARYCLOSEDPROFILEDEF(.AREA.,$,#1798);
#1800=IFCCARTESIANPOINT((0.82499997578561302,0.02500000037252903,1.015000000372529));
#1801=IFCDIRECTION((0.,0.,1.));
#1802=IFCDIRECTION((1.,0.,0.));
#1803=IFCAXIS2PLACEMENT3D(#1800,#1801,#1802);
#1804=IFCDIRECTION((0.,0.,1.));
#1805=IFCEXTRUDEDAREASOLID(#1799,#1803,#1804,0.02);
#1806=IFCEXTRUDEDAREASOLID(#1807,#1810,#1814,0.02);
#1807=IFCARBITRARYCLOSEDPROFILEDEF(.AREA.,$,#1808);
#1808=IFCINDEXEDPOLYCURVE(#1809,(IFCLINEINDEX((1,2,3,4,5,6,1))),$);
#1809=IFCCARTESIANPOINTLIST2D(((0.,0.),(0.,0.040000000000000008),(-0.11999999999999988,0.040000000000000008),(-0.11999999999999988,0.020000000000000004),(-0.020000000000000018,0.020000000000000004),(-0.020000000000000018,0.)));
#1810=IFCAXIS2PLACEMENT3D(#1811,#1812,#1813);
#1811=IFCCARTESIANPOINT((0.82499997578561302,0.060000000521540642,1.015000000372529));
#1812=IFCDIRECTION((0.,0.,1.));
#1813=IFCDIRECTION((1.,0.,0.));
#1814=IFCDIRECTION((0.,0.,1.));
#1816=IFCSHAPEREPRESENTATION(#11,'Body','SweptSolid',(#10451,#2036,#1885,#1894,#2027,#2018,#1787,#10433,#10442,#1921,#1778,#2009,#1912,#1769,#2000,#1903,#1760,#1751,#10424,#10460));
#1817=IFCSHAPEASPECT((#1816),'Lining',$,.T.,#1684);
#1818=IFCSHAPEREPRESENTATION(#11,'Body','SweptSolid',(#10479,#1939,#1796,#2054,#1940,#1930,#2045,#1805,#1806,#10469,#10478,#2055));
#1819=IFCSHAPEASPECT((#1818),'Framing',$,.T.,#1684);
#1877=IFCCARTESIANPOINTLIST2D(((0.,0.),(0.,2.),(0.89999997615814209,2.),(0.89999997615814209,0.),(0.87499997578561306,0.),(0.87499997578561306,1.974999999627471),(0.02500000037252903,1.974999999627471),(0.02500000037252903,0.)));
#1878=IFCINDEXEDPOLYCURVE(#1877,(IFCLINEINDEX((1,2,3,4,5,6,7,8,1))),$);
#1879=IFCARBITRARYCLOSEDPROFILEDEF(.AREA.,$,#1878);
#1880=IFCCARTESIANPOINT((0.,0.02500000037252903,0.));
#1881=IFCDIRECTION((0.,-1.,0.));
#1882=IFCDIRECTION((1.,0.,0.));
#1883=IFCAXIS2PLACEMENT3D(#1880,#1881,#1882);
#1884=IFCDIRECTION((0.,0.,-1.));
#1885=IFCEXTRUDEDAREASOLID(#1879,#1883,#1884,0.02500000037252903);
#1886=IFCCARTESIANPOINTLIST2D(((0.,0.),(0.,2.),(0.89999997615814209,2.),(0.89999997615814209,0.),(0.84999997541308403,0.),(0.84999997541308403,1.9499999992549419),(0.05000000074505806,1.9499999992549419),(0.05000000074505806,0.)));
#1887=IFCINDEXEDPOLYCURVE(#1886,(IFCLINEINDEX((1,2,3,4,5,6,7,8,1))),$);
#1888=IFCARBITRARYCLOSEDPROFILEDEF(.AREA.,$,#1887);
#1889=IFCCARTESIANPOINT((0.,0.,0.));
#1890=IFCDIRECTION((0.,-1.,0.));
#1891=IFCDIRECTION((1.,0.,0.));
#1892=IFCAXIS2PLACEMENT3D(#1889,#1890,#1891);
#1893=IFCDIRECTION((0.,0.,-1.));
#1894=IFCEXTRUDEDAREASOLID(#1888,#1892,#1893,0.02500000037252903);
#1895=IFCCARTESIANPOINTLIST2D(((0.,0.),(0.79999997466802597,0.),(0.79999997466802597,0.10000000149011612),(0.,0.10000000149011612)));
#1896=IFCINDEXEDPOLYCURVE(#1895,(IFCLINEINDEX((1,2,3,4,1))),$);
#1897=IFCARBITRARYCLOSEDPROFILEDEF(.AREA.,$,#1896);
#1898=IFCCARTESIANPOINT((0.05000000074505806,0.,0.));
#1899=IFCDIRECTION((0.,0.,1.));
#1900=IFCDIRECTION((1.,0.,0.));
#1901=IFCAXIS2PLACEMENT3D(#1898,#1899,#1900);
#1902=IFCDIRECTION((0.,0.,1.));
#1903=IFCEXTRUDEDAREASOLID(#1897,#1901,#1902,0.02500000037252903);
#1904=IFCCARTESIANPOINTLIST2D(((0.,0.),(0.,2.0250000022351742),(0.94999998062849045,2.0250000022351742),(0.94999998062849045,0.),(0.87499997764825821,0.),(0.87499997764825821,1.9499999992549419),(0.075000002980232239,1.9499999992549419),(0.075000002980232239,0.)));
#1905=IFCINDEXEDPOLYCURVE(#1904,(IFCLINEINDEX((1,2,3,4,5,6,7,8,1))),$);
#1906=IFCARBITRARYCLOSEDPROFILEDEF(.AREA.,$,#1905);
#1907=IFCCARTESIANPOINT((-0.025000002235174179,-0.004999999888241291,0.));
#1908=IFCDIRECTION((0.,-1.,0.));
#1909=IFCDIRECTION((1.,0.,0.));
#1910=IFCAXIS2PLACEMENT3D(#1907,#1908,#1909);
#1911=IFCDIRECTION((0.,0.,-1.));
#1912=IFCEXTRUDEDAREASOLID(#1906,#1910,#1911,0.004999999888241291);
#1913=IFCCARTESIANPOINTLIST2D(((0.,0.),(0.,2.0250000022351742),(0.94999998062849045,2.0250000022351742),(0.94999998062849045,0.),(0.89999997802078724,0.),(0.89999997802078724,1.974999999627471),(0.050000002607703209,1.974999999627471),(0.050000002607703209,0.)));
#1914=IFCINDEXEDPOLYCURVE(#1913,(IFCLINEINDEX((1,2,3,4,5,6,7,8,1))),$);
#1915=IFCARBITRARYCLOSEDPROFILEDEF(.AREA.,$,#1914);
#1916=IFCCARTESIANPOINT((-0.025000002235174179,0.05000000074505806,0.));
#1917=IFCDIRECTION((0.,-1.,0.));
#1918=IFCDIRECTION((1.,0.,0.));
#1919=IFCAXIS2PLACEMENT3D(#1916,#1917,#1918);
#1920=IFCDIRECTION((0.,0.,-1.));
#1921=IFCEXTRUDEDAREASOLID(#1915,#1919,#1920,0.004999999888241291);
#1922=IFCCARTESIANPOINTLIST2D(((0.,0.),(0.84999997541308403,0.),(0.84999997541308403,0.035000000149011612),(0.,0.035000000149011612)));
#1923=IFCINDEXEDPOLYCURVE(#1922,(IFCLINEINDEX((1,2,3,4,1))),$);
#1924=IFCARBITRARYCLOSEDPROFILEDEF(.AREA.,$,#1923);
#1925=IFCCARTESIANPOINT((0.02500000037252903,0.02500000037252903,0.02500000037252903));
#1926=IFCDIRECTION((0.,0.,1.));
#1927=IFCDIRECTION((1.,0.,0.));
#1928=IFCAXIS2PLACEMENT3D(#1925,#1926,#1927);
#1929=IFCDIRECTION((0.,0.,1.));
#1930=IFCEXTRUDEDAREASOLID(#1924,#1928,#1929,1.9499999992549419);
#1931=IFCCARTESIANPOINTLIST2D(((0.,0.),(0.,-0.040000000000000001),(0.12,-0.040000000000000001),(0.12,-0.02),(0.02,-0.02),(0.02,0.)));
#1932=IFCINDEXEDPOLYCURVE(#1931,(IFCLINEINDEX((1,2,3,4,5,6,1))),$);
#1933=IFCARBITRARYCLOSEDPROFILEDEF(.AREA.,$,#1932);
#1934=IFCCARTESIANPOINT((0.075000000372529033,0.02500000037252903,1.015000000372529));
#1935=IFCDIRECTION((0.,0.,1.));
#1936=IFCDIRECTION((1.,0.,0.));
#1937=IFCAXIS2PLACEMENT3D(#1934,#1935,#1936);
#1938=IFCDIRECTION((0.,0.,1.));
#1939=IFCEXTRUDEDAREASOLID(#1933,#1937,#1938,0.02);
#1940=IFCEXTRUDEDAREASOLID(#1941,#1944,#1948,0.02);
#1941=IFCARBITRARYCLOSEDPROFILEDEF(.AREA.,$,#1942);
#1942=IFCINDEXEDPOLYCURVE(#1943,(IFCLINEINDEX((1,2,3,4,5,6,1))),$);
#1943=IFCCARTESIANPOINTLIST2D(((0.,0.),(0.,0.040000000000000008),(0.11999999999999998,0.040000000000000008),(0.11999999999999998,0.020000000000000004),(0.020000000000000004,0.020000000000000004),(0.020000000000000004,0.)));
#1944=IFCAXIS2PLACEMENT3D(#1945,#1946,#1947);
#1945=IFCCARTESIANPOINT((0.075000000372529033,0.060000000521540642,1.015000000372529));
#1946=IFCDIRECTION((0.,0.,1.));
#1947=IFCDIRECTION((1.,0.,0.));
#1948=IFCDIRECTION((0.,0.,1.));
#1992=IFCCARTESIANPOINTLIST2D(((0.,0.),(0.,2.),(0.89999997615814209,2.),(0.89999997615814209,0.),(0.87499997578561306,0.),(0.87499997578561306,1.974999999627471),(0.02500000037252903,1.974999999627471),(0.02500000037252903,0.)));
#1993=IFCINDEXEDPOLYCURVE(#1992,(IFCLINEINDEX((1,2,3,4,5,6,7,8,1))),$);
#1994=IFCARBITRARYCLOSEDPROFILEDEF(.AREA.,$,#1993);
#1995=IFCCARTESIANPOINT((0.,0.02500000037252903,0.));
#1996=IFCDIRECTION((0.,-1.,0.));
#1997=IFCDIRECTION((1.,0.,0.));
#1998=IFCAXIS2PLACEMENT3D(#1995,#1996,#1997);
#1999=IFCDIRECTION((0.,0.,-1.));
#2000=IFCEXTRUDEDAREASOLID(#1994,#1998,#1999,0.02500000037252903);
#2001=IFCCARTESIANPOINTLIST2D(((0.,0.),(0.,2.),(0.89999997615814209,2.),(0.89999997615814209,0.),(0.84999997541308403,0.),(0.84999997541308403,1.9499999992549419),(0.05000000074505806,1.9499999992549419),(0.05000000074505806,0.)));
#2002=IFCINDEXEDPOLYCURVE(#2001,(IFCLINEINDEX((1,2,3,4,5,6,7,8,1))),$);
#2003=IFCARBITRARYCLOSEDPROFILEDEF(.AREA.,$,#2002);
#2004=IFCCARTESIANPOINT((0.,0.,0.));
#2005=IFCDIRECTION((0.,-1.,0.));
#2006=IFCDIRECTION((1.,0.,0.));
#2007=IFCAXIS2PLACEMENT3D(#2004,#2005,#2006);
#2008=IFCDIRECTION((0.,0.,-1.));
#2009=IFCEXTRUDEDAREASOLID(#2003,#2007,#2008,0.02500000037252903);
#2010=IFCCARTESIANPOINTLIST2D(((0.,0.),(0.79999997466802597,0.),(0.79999997466802597,0.10000000149011612),(0.,0.10000000149011612)));
#2011=IFCINDEXEDPOLYCURVE(#2010,(IFCLINEINDEX((1,2,3,4,1))),$);
#2012=IFCARBITRARYCLOSEDPROFILEDEF(.AREA.,$,#2011);
#2013=IFCCARTESIANPOINT((0.05000000074505806,0.,0.));
#2014=IFCDIRECTION((0.,0.,1.));
#2015=IFCDIRECTION((1.,0.,0.));
#2016=IFCAXIS2PLACEMENT3D(#2013,#2014,#2015);
#2017=IFCDIRECTION((0.,0.,1.));
#2018=IFCEXTRUDEDAREASOLID(#2012,#2016,#2017,0.02500000037252903);
#2019=IFCCARTESIANPOINTLIST2D(((0.,0.),(0.,2.0250000022351742),(0.94999998062849045,2.0250000022351742),(0.94999998062849045,0.),(0.87499997764825821,0.),(0.87499997764825821,1.9499999992549419),(0.075000002980232239,1.9499999992549419),(0.075000002980232239,0.)));
#2020=IFCINDEXEDPOLYCURVE(#2019,(IFCLINEINDEX((1,2,3,4,5,6,7,8,1))),$);
#2021=IFCARBITRARYCLOSEDPROFILEDEF(.AREA.,$,#2020);
#2022=IFCCARTESIANPOINT((-0.025000002235174179,-0.004999999888241291,0.));
#2023=IFCDIRECTION((0.,-1.,0.));
#2024=IFCDIRECTION((1.,0.,0.));
#2025=IFCAXIS2PLACEMENT3D(#2022,#2023,#2024);
#2026=IFCDIRECTION((0.,0.,-1.));
#2027=IFCEXTRUDEDAREASOLID(#2021,#2025,#2026,0.004999999888241291);
#2028=IFCCARTESIANPOINTLIST2D(((0.,0.),(0.,2.0250000022351742),(0.94999998062849045,2.0250000022351742),(0.94999998062849045,0.),(0.89999997802078724,0.),(0.89999997802078724,1.974999999627471),(0.050000002607703209,1.974999999627471),(0.050000002607703209,0.)));
#2029=IFCINDEXEDPOLYCURVE(#2028,(IFCLINEINDEX((1,2,3,4,5,6,7,8,1))),$);
#2030=IFCARBITRARYCLOSEDPROFILEDEF(.AREA.,$,#2029);
#2031=IFCCARTESIANPOINT((-0.025000002235174179,0.05000000074505806,0.));
#2032=IFCDIRECTION((0.,-1.,0.));
#2033=IFCDIRECTION((1.,0.,0.));
#2034=IFCAXIS2PLACEMENT3D(#2031,#2032,#2033);
#2035=IFCDIRECTION((0.,0.,-1.));
#2036=IFCEXTRUDEDAREASOLID(#2030,#2034,#2035,0.004999999888241291);
#2037=IFCCARTESIANPOINTLIST2D(((0.,0.),(0.84999997541308403,0.),(0.84999997541308403,0.035000000149011612),(0.,0.035000000149011612)));
#2038=IFCINDEXEDPOLYCURVE(#2037,(IFCLINEINDEX((1,2,3,4,1))),$);
#2039=IFCARBITRARYCLOSEDPROFILEDEF(.AREA.,$,#2038);
#2040=IFCCARTESIANPOINT((0.02500000037252903,0.02500000037252903,0.02500000037252903));
#2041=IFCDIRECTION((0.,0.,1.));
#2042=IFCDIRECTION((1.,0.,0.));
#2043=IFCAXIS2PLACEMENT3D(#2040,#2041,#2042);
#2044=IFCDIRECTION((0.,0.,1.));
#2045=IFCEXTRUDEDAREASOLID(#2039,#2043,#2044,1.9499999992549419);
#2046=IFCCARTESIANPOINTLIST2D(((0.,0.),(0.,-0.040000000000000001),(0.12,-0.040000000000000001),(0.12,-0.02),(0.02,-0.02),(0.02,0.)));
#2047=IFCINDEXEDPOLYCURVE(#2046,(IFCLINEINDEX((1,2,3,4,5,6,1))),$);
#2048=IFCARBITRARYCLOSEDPROFILEDEF(.AREA.,$,#2047);
#2049=IFCCARTESIANPOINT((0.075000000372529033,0.02500000037252903,1.015000000372529));
#2050=IFCDIRECTION((0.,0.,1.));
#2051=IFCDIRECTION((1.,0.,0.));
#2052=IFCAXIS2PLACEMENT3D(#2049,#2050,#2051);
#2053=IFCDIRECTION((0.,0.,1.));
#2054=IFCEXTRUDEDAREASOLID(#2048,#2052,#2053,0.02);
#2055=IFCEXTRUDEDAREASOLID(#2056,#2059,#2063,0.02);
#2056=IFCARBITRARYCLOSEDPROFILEDEF(.AREA.,$,#2057);
#2057=IFCINDEXEDPOLYCURVE(#2058,(IFCLINEINDEX((1,2,3,4,5,6,1))),$);
#2058=IFCCARTESIANPOINTLIST2D(((0.,0.),(0.,0.040000000000000008),(0.11999999999999998,0.040000000000000008),(0.11999999999999998,0.020000000000000004),(0.020000000000000004,0.020000000000000004),(0.020000000000000004,0.)));
#2059=IFCAXIS2PLACEMENT3D(#2060,#2061,#2062);
#2060=IFCCARTESIANPOINT((0.075000000372529033,0.060000000521540642,1.015000000372529));
#2061=IFCDIRECTION((0.,0.,1.));
#2062=IFCDIRECTION((1.,0.,0.));
#2063=IFCDIRECTION((0.,0.,1.));
#2104=IFCDOORTYPE('2AbmlZl5H8FfYDp0VhJQ0M',$,'Bathroom-GF',$,$,(#2105),(#2107,#2115,#2193),$,$,.DOOR.,.SINGLE_SWING_LEFT.,$,$);
#2105=IFCPROPERTYSET('3iGdW_56zBnwhwZZpkPrTf',$,'BBIM_Door',$,(#2106));
#2106=IFCPROPERTYSINGLEVALUE('Data',$,IFCTEXT('{"door_type": "SINGLE_SWING_LEFT", "overall_height": 2.0, "overall_width": 0.9536654353141785, "lining_properties": {"lining_depth": 0.05000000074505806, "lining_thickness": 0.05000000074505806, "lining_offset": 0.0, "lining_to_panel_offset_x": 0.02500000037252903, "lining_to_panel_offset_y": 0.02500000037252903, "transom_thickness": 0.0, "casing_thickness": 0.07500000298023224, "casing_depth": 0.004999999888241291, "threshold_thickness": 0.02500000037252903, "threshold_depth": 0.10000000149011612, "threshold_offset": 0.0}, "panel_properties": {"panel_depth": 0.03500000014901161, "panel_width_ratio": 1.0}}'),$);
#2107=IFCREPRESENTATIONMAP(#2108,#10530);
#2108=IFCAXIS2PLACEMENT3D(#2109,#2110,#2111);
#2109=IFCCARTESIANPOINT((0.,0.,0.));
#2110=IFCDIRECTION((0.,0.,1.));
#2111=IFCDIRECTION((1.,0.,0.));
#2115=IFCREPRESENTATIONMAP(#2116,#10603);
#2116=IFCAXIS2PLACEMENT3D(#2117,#2118,#2119);
#2117=IFCCARTESIANPOINT((0.,0.,0.));
#2118=IFCDIRECTION((0.,0.,1.));
#2119=IFCDIRECTION((1.,0.,0.));
#2193=IFCREPRESENTATIONMAP(#2194,#10617);
#2194=IFCAXIS2PLACEMENT3D(#2195,#2196,#2197);
#2195=IFCCARTESIANPOINT((0.,0.,0.));
#2196=IFCDIRECTION((0.,0.,1.));
#2197=IFCDIRECTION((1.,0.,0.));
#2212=IFCDOOR('0mDSsIpUvA$9UQB0GW60Em',$,'Door',$,$,#10657,#2221,$,2.,0.95366543531417847,$,.SINGLE_SWING_LEFT.,$);
#2213=IFCRELDEFINESBYTYPE('091wT7Yqf2S9Cf1$_5HNWn',$,$,$,(#4971,#2212),#2104);
#2214=IFCCARTESIANPOINT((0.,0.,0.));
#2215=IFCDIRECTION((1.,0.,0.));
#2216=IFCDIRECTION((0.,1.,0.));
#2217=IFCDIRECTION((0.,0.,1.));
#2218=IFCCARTESIANTRANSFORMATIONOPERATOR3D(#2215,#2216,#2214,1.,#2217);
#2219=IFCMAPPEDITEM(#2107,#2218);
#2220=IFCSHAPEREPRESENTATION(#18,'Profile','MappedRepresentation',(#2219));
#2221=IFCPRODUCTDEFINITIONSHAPE($,$,(#2220,#2228,#2235));
#2222=IFCCARTESIANPOINT((0.,0.,0.));
#2223=IFCDIRECTION((1.,0.,0.));
#2224=IFCDIRECTION((0.,1.,0.));
#2225=IFCDIRECTION((0.,0.,1.));
#2226=IFCCARTESIANTRANSFORMATIONOPERATOR3D(#2223,#2224,#2222,1.,#2225);
#2227=IFCMAPPEDITEM(#2115,#2226);
#2228=IFCSHAPEREPRESENTATION(#11,'Body','MappedRepresentation',(#2227));
#2229=IFCCARTESIANPOINT((0.,0.,0.));
#2230=IFCDIRECTION((1.,0.,0.));
#2231=IFCDIRECTION((0.,1.,0.));
#2232=IFCDIRECTION((0.,0.,1.));
#2233=IFCCARTESIANTRANSFORMATIONOPERATOR3D(#2230,#2231,#2229,1.,#2232);
#2234=IFCMAPPEDITEM(#2193,#2233);
#2235=IFCSHAPEREPRESENTATION(#24,'Body','MappedRepresentation',(#2234));
#2236=IFCOPENINGELEMENT('20PgRaMoL7iP2Q$Tc6fGi1',$,'Opening',$,$,#10652,#2264,$,.OPENING.);
#2252=IFCCARTESIANPOINT((0.,0.,0.));
#2253=IFCDIRECTION((1.,0.,0.));
#2254=IFCDIRECTION((0.,0.,1.));
#2255=IFCAXIS2PLACEMENT3D(#2252,#2254,#2253);
#2256=IFCREPRESENTATIONMAP(#2255,#10627);
#2257=IFCCARTESIANPOINT((0.,0.,0.));
#2258=IFCDIRECTION((1.,0.,0.));
#2259=IFCDIRECTION((0.,1.,0.));
#2260=IFCDIRECTION((0.,0.,1.));
#2261=IFCCARTESIANTRANSFORMATIONOPERATOR3D(#2258,#2259,#2257,1.,#2260);
#2262=IFCMAPPEDITEM(#2256,#2261);
#2263=IFCSHAPEREPRESENTATION(#11,'Body','MappedRepresentation',(#2262));
#2264=IFCPRODUCTDEFINITIONSHAPE($,$,(#2263));
#2265=IFCRELVOIDSELEMENT('3S1qemwor8cgqrBLpeeB0i',$,$,$,#893,#2236);
#2271=IFCRELFILLSELEMENT('3Dealy9LL3zxMgOm_mdj3$',$,$,$,#2236,#2212);
#2280=IFCCARTESIANPOINTLIST2D(((0.,0.),(0.,2.),(0.7667919397354126,2.),(0.7667919397354126,0.),(0.74179193936288357,0.),(0.74179193936288357,1.974999999627471),(0.02500000037252903,1.974999999627471),(0.02500000037252903,0.)));
#2281=IFCINDEXEDPOLYCURVE(#2280,(IFCLINEINDEX((1,2,3,4,5,6,7,8,1))),$);
#2282=IFCARBITRARYCLOSEDPROFILEDEF(.AREA.,$,#2281);
#2283=IFCCARTESIANPOINT((0.,0.02500000037252903,0.));
#2284=IFCDIRECTION((0.,-1.,0.));
#2285=IFCDIRECTION((1.,0.,0.));
#2286=IFCAXIS2PLACEMENT3D(#2283,#2284,#2285);
#2287=IFCDIRECTION((0.,0.,-1.));
#2288=IFCEXTRUDEDAREASOLID(#2282,#2286,#2287,0.02500000037252903);
#2289=IFCCARTESIANPOINTLIST2D(((0.,0.),(0.,2.),(0.7667919397354126,2.),(0.7667919397354126,0.),(0.71679193899035454,0.),(0.71679193899035454,1.9499999992549419),(0.05000000074505806,1.9499999992549419),(0.05000000074505806,0.)));
#2290=IFCINDEXEDPOLYCURVE(#2289,(IFCLINEINDEX((1,2,3,4,5,6,7,8,1))),$);
#2291=IFCARBITRARYCLOSEDPROFILEDEF(.AREA.,$,#2290);
#2292=IFCCARTESIANPOINT((0.,0.,0.));
#2293=IFCDIRECTION((0.,-1.,0.));
#2294=IFCDIRECTION((1.,0.,0.));
#2295=IFCAXIS2PLACEMENT3D(#2292,#2293,#2294);
#2296=IFCDIRECTION((0.,0.,-1.));
#2297=IFCEXTRUDEDAREASOLID(#2291,#2295,#2296,0.02500000037252903);
#2298=IFCCARTESIANPOINTLIST2D(((0.,0.),(0.66679193824529648,0.),(0.66679193824529648,0.10000000149011612),(0.,0.10000000149011612)));
#2299=IFCINDEXEDPOLYCURVE(#2298,(IFCLINEINDEX((1,2,3,4,1))),$);
#2300=IFCARBITRARYCLOSEDPROFILEDEF(.AREA.,$,#2299);
#2301=IFCCARTESIANPOINT((0.05000000074505806,0.,0.));
#2302=IFCDIRECTION((0.,0.,1.));
#2303=IFCDIRECTION((1.,0.,0.));
#2304=IFCAXIS2PLACEMENT3D(#2301,#2302,#2303);
#2305=IFCDIRECTION((0.,0.,1.));
#2306=IFCEXTRUDEDAREASOLID(#2300,#2304,#2305,0.02500000037252903);
#2307=IFCCARTESIANPOINTLIST2D(((0.,0.),(0.,2.0250000022351742),(0.81679194420576096,2.0250000022351742),(0.81679194420576096,0.),(0.74179194122552872,0.),(0.74179194122552872,1.9499999992549419),(0.075000002980232239,1.9499999992549419),(0.075000002980232239,0.)));
#2308=IFCINDEXEDPOLYCURVE(#2307,(IFCLINEINDEX((1,2,3,4,5,6,7,8,1))),$);
#2309=IFCARBITRARYCLOSEDPROFILEDEF(.AREA.,$,#2308);
#2310=IFCCARTESIANPOINT((-0.025000002235174179,-0.004999999888241291,0.));
#2311=IFCDIRECTION((0.,-1.,0.));
#2312=IFCDIRECTION((1.,0.,0.));
#2313=IFCAXIS2PLACEMENT3D(#2310,#2311,#2312);
#2314=IFCDIRECTION((0.,0.,-1.));
#2315=IFCEXTRUDEDAREASOLID(#2309,#2313,#2314,0.004999999888241291);
#2316=IFCCARTESIANPOINTLIST2D(((0.,0.),(0.,2.0250000022351742),(0.81679194420576096,2.0250000022351742),(0.81679194420576096,0.),(0.76679194159805775,0.),(0.76679194159805775,1.974999999627471),(0.050000002607703209,1.974999999627471),(0.050000002607703209,0.)));
#2317=IFCINDEXEDPOLYCURVE(#2316,(IFCLINEINDEX((1,2,3,4,5,6,7,8,1))),$);
#2318=IFCARBITRARYCLOSEDPROFILEDEF(.AREA.,$,#2317);
#2319=IFCCARTESIANPOINT((-0.025000002235174179,0.05000000074505806,0.));
#2320=IFCDIRECTION((0.,-1.,0.));
#2321=IFCDIRECTION((1.,0.,0.));
#2322=IFCAXIS2PLACEMENT3D(#2319,#2320,#2321);
#2323=IFCDIRECTION((0.,0.,-1.));
#2324=IFCEXTRUDEDAREASOLID(#2318,#2322,#2323,0.004999999888241291);
#2325=IFCCARTESIANPOINTLIST2D(((0.,0.),(0.71679193899035454,0.),(0.71679193899035454,0.035000000149011612),(0.,0.035000000149011612)));
#2326=IFCINDEXEDPOLYCURVE(#2325,(IFCLINEINDEX((1,2,3,4,1))),$);
#2327=IFCARBITRARYCLOSEDPROFILEDEF(.AREA.,$,#2326);
#2328=IFCCARTESIANPOINT((0.02500000037252903,0.02500000037252903,0.02500000037252903));
#2329=IFCDIRECTION((0.,0.,1.));
#2330=IFCDIRECTION((1.,0.,0.));
#2331=IFCAXIS2PLACEMENT3D(#2328,#2329,#2330);
#2332=IFCDIRECTION((0.,0.,1.));
#2333=IFCEXTRUDEDAREASOLID(#2327,#2331,#2332,1.9499999992549419);
#2334=IFCCARTESIANPOINTLIST2D(((0.,0.),(0.,-0.040000000000000001),(-0.11999999999999988,-0.040000000000000001),(-0.11999999999999988,-0.02),(-0.020000000000000018,-0.02),(-0.020000000000000018,0.)));
#2335=IFCINDEXEDPOLYCURVE(#2334,(IFCLINEINDEX((1,2,3,4,5,6,1))),$);
#2336=IFCARBITRARYCLOSEDPROFILEDEF(.AREA.,$,#2335);
#2337=IFCCARTESIANPOINT((0.69179193936288352,0.02500000037252903,1.015000000372529));
#2338=IFCDIRECTION((0.,0.,1.));
#2339=IFCDIRECTION((1.,0.,0.));
#2340=IFCAXIS2PLACEMENT3D(#2337,#2338,#2339);
#2341=IFCDIRECTION((0.,0.,1.));
#2342=IFCEXTRUDEDAREASOLID(#2336,#2340,#2341,0.02);
#2343=IFCEXTRUDEDAREASOLID(#2344,#2347,#2351,0.02);
#2344=IFCARBITRARYCLOSEDPROFILEDEF(.AREA.,$,#2345);
#2345=IFCINDEXEDPOLYCURVE(#2346,(IFCLINEINDEX((1,2,3,4,5,6,1))),$);
#2346=IFCCARTESIANPOINTLIST2D(((0.,0.),(0.,0.040000000000000008),(-0.11999999999999988,0.040000000000000008),(-0.11999999999999988,0.020000000000000004),(-0.020000000000000018,0.020000000000000004),(-0.020000000000000018,0.)));
#2347=IFCAXIS2PLACEMENT3D(#2348,#2349,#2350);
#2348=IFCCARTESIANPOINT((0.69179193936288352,0.060000000521540642,1.015000000372529));
#2349=IFCDIRECTION((0.,0.,1.));
#2350=IFCDIRECTION((1.,0.,0.));
#2351=IFCDIRECTION((0.,0.,1.));
#2353=IFCSHAPEREPRESENTATION(#11,'Body','SweptSolid',(#9867,#9737,#9979,#2288,#9849,#9858,#9728,#10109,#10145,#10136,#10015,#9719,#2324,#2315,#10127,#9885,#10118,#2306,#10006,#9755,#9997,#9876,#9746,#9988,#2297));
#2354=IFCSHAPEASPECT((#2353),'Lining',$,.T.,#2221);
#2355=IFCSHAPEREPRESENTATION(#11,'Body','SweptSolid',(#10163,#10033,#9764,#2342,#9903,#9904,#2343,#2333,#9894,#10034,#9773,#10024,#10154,#10164,#9774));
#2356=IFCSHAPEASPECT((#2355),'Framing',$,.T.,#2221);
#2396=IFCDOORTYPE('0iKwKVsUT7dufrgh5cIE3w',$,'Maids-GF',$,$,(#2397),(#2399,#2407,#2485,#10380),$,$,.DOOR.,.SINGLE_SWING_LEFT.,$,$);
#2397=IFCPROPERTYSET('3kHr3i6rHBvwbAZE3g1YSl',$,'BBIM_Door',$,(#2398));
#2398=IFCPROPERTYSINGLEVALUE('Data',$,IFCTEXT('{"door_type": "SLIDING_TO_RIGHT", "overall_height": 2.0, "overall_width": 1.3883663415908813, "lining_properties": {"lining_depth": 0.05000000074505806, "lining_thickness": 0.05000000074505806, "lining_offset": 0.0, "transom_thickness": 0.0, "casing_thickness": 0.07500000298023224, "casing_depth": 0.004999999888241291, "threshold_thickness": 0.02500000037252903, "threshold_depth": 0.10000000149011612, "threshold_offset": 0.0}, "panel_properties": {"panel_depth": 0.03500000014901161, "panel_width_ratio": 1.0}}'),$);
#2399=IFCREPRESENTATIONMAP(#2400,#10295);
#2400=IFCAXIS2PLACEMENT3D(#2401,#2402,#2403);
#2401=IFCCARTESIANPOINT((0.,0.,0.));
#2402=IFCDIRECTION((0.,0.,1.));
#2403=IFCDIRECTION((1.,0.,0.));
#2407=IFCREPRESENTATIONMAP(#2408,#10359);
#2408=IFCAXIS2PLACEMENT3D(#2409,#2410,#2411);
#2409=IFCCARTESIANPOINT((0.,0.,0.));
#2410=IFCDIRECTION((0.,0.,1.));
#2411=IFCDIRECTION((1.,0.,0.));
#2485=IFCREPRESENTATIONMAP(#2486,#10370);
#2486=IFCAXIS2PLACEMENT3D(#2487,#2488,#2489);
#2487=IFCCARTESIANPOINT((0.,0.,0.));
#2488=IFCDIRECTION((0.,0.,1.));
#2489=IFCDIRECTION((1.,0.,0.));
#2533=IFCCARTESIANPOINTLIST3D(((0.,0.,0.),(1.3272136449813843,0.,0.),(1.3272136449813843,0.,2.),(0.,0.,2.)));
#2534=IFCINDEXEDPOLYCURVE(#2533,(IFCLINEINDEX((1,2,3,4,1))),$);
#2535=IFCSHAPEREPRESENTATION(#18,'Profile','Curve3D',(#2534));
#2536=IFCCARTESIANPOINTLIST2D(((0.,0.),(0.,2.),(1.3272136449813843,2.),(1.3272136449813843,0.),(1.2772136442363262,0.),(1.2772136442363262,1.9499999992549419),(0.05000000074505806,1.9499999992549419),(0.05000000074505806,0.)));
#2537=IFCINDEXEDPOLYCURVE(#2536,(IFCLINEINDEX((1,2,3,4,5,6,7,8,1))),$);
#2538=IFCARBITRARYCLOSEDPROFILEDEF(.AREA.,$,#2537);
#2539=IFCCARTESIANPOINT((0.,0.,0.));
#2540=IFCDIRECTION((0.,-1.,0.));
#2541=IFCDIRECTION((1.,0.,0.));
#2542=IFCAXIS2PLACEMENT3D(#2539,#2540,#2541);
#2543=IFCDIRECTION((0.,0.,-1.));
#2544=IFCEXTRUDEDAREASOLID(#2538,#2542,#2543,0.05000000074505806);
#2545=IFCCARTESIANPOINTLIST2D(((0.,0.),(1.2272136434912682,0.),(1.2272136434912682,0.10000000149011612),(0.,0.10000000149011612)));
#2546=IFCINDEXEDPOLYCURVE(#2545,(IFCLINEINDEX((1,2,3,4,1))),$);
#2547=IFCARBITRARYCLOSEDPROFILEDEF(.AREA.,$,#2546);
#2548=IFCCARTESIANPOINT((0.05000000074505806,0.,0.));
#2549=IFCDIRECTION((0.,0.,1.));
#2550=IFCDIRECTION((1.,0.,0.));
#2551=IFCAXIS2PLACEMENT3D(#2548,#2549,#2550);
#2552=IFCDIRECTION((0.,0.,1.));
#2553=IFCEXTRUDEDAREASOLID(#2547,#2551,#2552,0.02500000037252903);
#2554=IFCCARTESIANPOINTLIST2D(((0.,0.),(0.,2.0250000022351742),(1.3772136494517326,2.0250000022351742),(1.3772136494517326,0.),(1.3022136464715004,0.),(1.3022136464715004,1.9499999992549419),(0.075000002980232239,1.9499999992549419),(0.075000002980232239,0.)));
#2555=IFCINDEXEDPOLYCURVE(#2554,(IFCLINEINDEX((1,2,3,4,5,6,7,8,1))),$);
#2556=IFCARBITRARYCLOSEDPROFILEDEF(.AREA.,$,#2555);
#2557=IFCCARTESIANPOINT((-0.025000002235174179,-0.004999999888241291,0.));
#2558=IFCDIRECTION((0.,-1.,0.));
#2559=IFCDIRECTION((1.,0.,0.));
#2560=IFCAXIS2PLACEMENT3D(#2557,#2558,#2559);
#2561=IFCDIRECTION((0.,0.,-1.));
#2562=IFCEXTRUDEDAREASOLID(#2556,#2560,#2561,0.004999999888241291);
#2563=IFCCARTESIANPOINTLIST2D(((0.,0.),(0.,2.0250000022351742),(1.3772136494517326,2.0250000022351742),(1.3772136494517326,0.),(1.3022136464715004,0.),(1.3022136464715004,1.9499999992549419),(0.075000002980232239,1.9499999992549419),(0.075000002980232239,0.)));
#2564=IFCINDEXEDPOLYCURVE(#2563,(IFCLINEINDEX((1,2,3,4,5,6,7,8,1))),$);
#2565=IFCARBITRARYCLOSEDPROFILEDEF(.AREA.,$,#2564);
#2566=IFCCARTESIANPOINT((-0.025000002235174179,0.05000000074505806,0.));
#2567=IFCDIRECTION((0.,-1.,0.));
#2568=IFCDIRECTION((1.,0.,0.));
#2569=IFCAXIS2PLACEMENT3D(#2566,#2567,#2568);
#2570=IFCDIRECTION((0.,0.,-1.));
#2571=IFCEXTRUDEDAREASOLID(#2565,#2569,#2570,0.004999999888241291);
#2572=IFCCARTESIANPOINTLIST2D(((0.,0.),(1.2272136434912682,0.),(1.2272136434912682,0.035000000149011612),(0.,0.035000000149011612)));
#2573=IFCINDEXEDPOLYCURVE(#2572,(IFCLINEINDEX((1,2,3,4,1))),$);
#2574=IFCARBITRARYCLOSEDPROFILEDEF(.AREA.,$,#2573);
#2575=IFCCARTESIANPOINT((0.05000000074505806,-0.035000000149011612,0.02500000037252903));
#2576=IFCDIRECTION((0.,0.,1.));
#2577=IFCDIRECTION((1.,0.,0.));
#2578=IFCAXIS2PLACEMENT3D(#2575,#2576,#2577);
#2579=IFCDIRECTION((0.,0.,1.));
#2580=IFCEXTRUDEDAREASOLID(#2574,#2578,#2579,1.9249999988824129);
#2581=IFCCARTESIANPOINTLIST2D(((0.,0.),(0.,-0.040000000000000001),(0.12,-0.040000000000000001),(0.12,-0.02),(0.02,-0.02),(0.02,0.)));
#2582=IFCINDEXEDPOLYCURVE(#2581,(IFCLINEINDEX((1,2,3,4,5,6,1))),$);
#2583=IFCARBITRARYCLOSEDPROFILEDEF(.AREA.,$,#2582);
#2584=IFCCARTESIANPOINT((0.10000000074505806,-0.035000000149011612,1.015000000372529));
#2585=IFCDIRECTION((0.,0.,1.));
#2586=IFCDIRECTION((1.,0.,0.));
#2587=IFCAXIS2PLACEMENT3D(#2584,#2585,#2586);
#2588=IFCDIRECTION((0.,0.,1.));
#2589=IFCEXTRUDEDAREASOLID(#2583,#2587,#2588,0.02);
#2590=IFCEXTRUDEDAREASOLID(#2591,#2594,#2598,0.02);
#2591=IFCARBITRARYCLOSEDPROFILEDEF(.AREA.,$,#2592);
#2592=IFCINDEXEDPOLYCURVE(#2593,(IFCLINEINDEX((1,2,3,4,5,6,1))),$);
#2593=IFCCARTESIANPOINTLIST2D(((0.,0.),(0.,0.040000000000000008),(0.11999999999999998,0.040000000000000008),(0.11999999999999998,0.020000000000000004),(0.020000000000000004,0.020000000000000004),(0.020000000000000004,0.)));
#2594=IFCAXIS2PLACEMENT3D(#2595,#2596,#2597);
#2595=IFCCARTESIANPOINT((0.10000000074505806,0.,1.015000000372529));
#2596=IFCDIRECTION((0.,0.,1.));
#2597=IFCDIRECTION((1.,0.,0.));
#2598=IFCDIRECTION((0.,0.,1.));
#2599=IFCSHAPEREPRESENTATION(#11,'Body','SweptSolid',(#2544,#2580,#2589,#2590,#2553,#2562,#2571));
#2604=IFCCARTESIANPOINTLIST2D(((0.,0.),(0.05000000074505806,0.),(0.05000000074505806,0.05000000074505806),(0.,0.05000000074505806)));
#2605=IFCINDEXEDPOLYCURVE(#2604,(IFCLINEINDEX((1,2,3,4,1))),$);
#2606=IFCINDEXEDPOLYCURVE(#2607,(IFCLINEINDEX((1,2,3,4,1))),$);
#2607=IFCCARTESIANPOINTLIST2D(((1.3272136449813843,0.),(1.2772136442363262,0.),(1.2772136442363262,0.05000000074505806),(1.3272136449813843,0.05000000074505806)));
#2608=IFCCARTESIANPOINTLIST2D(((1.8908204659819603,-0.035000000149011612),(0.66360682249069214,-0.035000000149011612),(0.66360682249069214,0.),(1.8908204659819603,0.)));
#2609=IFCINDEXEDPOLYCURVE(#2608,(IFCLINEINDEX((1,2,3,4,1))),$);
#2610=IFCSHAPEREPRESENTATION(#24,'Body','Curve2D',(#2605,#2606,#2609));
#2611=IFCCARTESIANPOINTLIST2D(((0.47952477596700188,-0.081587428267465345),(0.84768886901438234,-0.081587428267465345)));
#2612=IFCINDEXEDPOLYCURVE(#2611,$,$);
#2613=IFCCARTESIANPOINTLIST2D(((0.50952477596700185,-0.050529142855162856),(0.47952477596700188,-0.081587428267465345),(0.50952477596700185,-0.11264571367976783)));
#2614=IFCINDEXEDPOLYCURVE(#2613,$,$);
#2615=IFCSHAPEREPRESENTATION(#25,'Annotation','Curve2D',(#2612,#2614));
#2616=IFCCARTESIANPOINT((0.,0.,0.));
#2617=IFCDIRECTION((1.,0.,0.));
#2618=IFCDIRECTION((0.,0.,1.));
#2619=IFCAXIS2PLACEMENT3D(#2616,#2618,#2617);
#2620=IFCREPRESENTATIONMAP(#2619,#2615);
#2660=IFCWINDOWTYPE('0Q7XilizDDKQQOnUKZ1k2Y',$,'Living-GF',$,$,(#2661),(#2670,#2718,#2740),$,$,.WINDOW.,.SINGLE_PANEL.,$,$);
#2661=IFCPROPERTYSET('1tHAfjuz98zB8$26JYZhwJ',$,'BBIM_Window',$,(#2662));
#2662=IFCPROPERTYSINGLEVALUE('Data',$,IFCTEXT('{"window_type": "SINGLE_PANEL", "overall_height": 0.8999999761581421, "overall_width": 0.8096023797988892, "lining_properties": {"lining_depth": 0.05000000074505806, "lining_thickness": 0.05000000074505806, "lining_offset": 0.05000000074505806, "lining_to_panel_offset_x": 0.02500000037252903, "lining_to_panel_offset_y": 0.02500000037252903}, "panel_properties": {"frame_depth": [0.03500000014901161, 0.03500000014901161, 0.03500000014901161], "frame_thickness": [0.03500000014901161, 0.03500000014901161, 0.03500000014901161]}}'),$);
#2666=IFCCARTESIANPOINT((0.,0.,0.));
#2667=IFCDIRECTION((1.,0.,0.));
#2668=IFCDIRECTION((0.,0.,1.));
#2669=IFCAXIS2PLACEMENT3D(#2666,#2668,#2667);
#2670=IFCREPRESENTATIONMAP(#2669,#5526);
#2714=IFCCARTESIANPOINT((0.,0.,0.));
#2715=IFCDIRECTION((1.,0.,0.));
#2716=IFCDIRECTION((0.,0.,1.));
#2717=IFCAXIS2PLACEMENT3D(#2714,#2716,#2715);
#2718=IFCREPRESENTATIONMAP(#2717,#5569);
#2736=IFCCARTESIANPOINT((0.,0.,0.));
#2737=IFCDIRECTION((1.,0.,0.));
#2738=IFCDIRECTION((0.,0.,1.));
#2739=IFCAXIS2PLACEMENT3D(#2736,#2738,#2737);
#2740=IFCREPRESENTATIONMAP(#2739,#5592);
#3124=IFCWINDOWTYPE('2EPa4GrZH2Cxebq0CtuuHV',$,'Guest-1-GF',$,$,(#3125),(#3127,#3135,#3183),$,$,.WINDOW.,.SINGLE_PANEL.,$,$);
#3125=IFCPROPERTYSET('0PgNFnXoL06e0MoVgHxV5I',$,'BBIM_Window',$,(#3126));
#3126=IFCPROPERTYSINGLEVALUE('Data',$,IFCTEXT('{"window_type": "DOUBLE_PANEL_VERTICAL", "overall_height": 0.8999999761581421, "overall_width": 1.218546986579895, "lining_properties": {"lining_depth": 0.05000000074505806, "lining_thickness": 0.05000000074505806, "lining_offset": 0.05000000074505806, "lining_to_panel_offset_x": 0.02500000037252903, "lining_to_panel_offset_y": 0.02500000037252903, "mullion_thickness": 0.05000000074505806, "first_mullion_offset": 0.30000001192092896}, "panel_properties": {"frame_depth": [0.03500000014901161, 0.03500000014901161, 0.03500000014901161], "frame_thickness": [0.03500000014901161, 0.03500000014901161, 0.03500000014901161]}}'),$);
#3127=IFCREPRESENTATIONMAP(#3128,#11093);
#3128=IFCAXIS2PLACEMENT3D(#3129,#3130,#3131);
#3129=IFCCARTESIANPOINT((0.,0.,0.));
#3130=IFCDIRECTION((0.,0.,1.));
#3131=IFCDIRECTION((1.,0.,0.));
#3135=IFCREPRESENTATIONMAP(#3136,#11174);
#3136=IFCAXIS2PLACEMENT3D(#3137,#3138,#3139);
#3137=IFCCARTESIANPOINT((0.,0.,0.));
#3138=IFCDIRECTION((0.,0.,1.));
#3139=IFCDIRECTION((1.,0.,0.));
#3183=IFCREPRESENTATIONMAP(#3184,#11207);
#3184=IFCAXIS2PLACEMENT3D(#3185,#3186,#3187);
#3185=IFCCARTESIANPOINT((0.,0.,0.));
#3186=IFCDIRECTION((0.,0.,1.));
#3187=IFCDIRECTION((1.,0.,0.));
#3535=IFCWINDOW('0cXsIjBpj27eIFKX6NtBmC',$,'Window',$,$,#11232,#3545,$,0.89999997615814209,1.218546986579895,$,.DOUBLE_PANEL_VERTICAL.,$);
#3537=IFCRELDEFINESBYTYPE('1r8HXsNQz2dvnzp3GvP3SD',$,$,$,(#3535),#3124);
#3538=IFCCARTESIANPOINT((0.,0.,0.));
#3539=IFCDIRECTION((1.,0.,0.));
#3540=IFCDIRECTION((0.,1.,0.));
#3541=IFCDIRECTION((0.,0.,1.));
#3542=IFCCARTESIANTRANSFORMATIONOPERATOR3D(#3539,#3540,#3538,1.,#3541);
#3543=IFCMAPPEDITEM(#3127,#3542);
#3544=IFCSHAPEREPRESENTATION(#18,'Profile','MappedRepresentation',(#3543));
#3545=IFCPRODUCTDEFINITIONSHAPE($,$,(#3544,#3552,#3559));
#3546=IFCCARTESIANPOINT((0.,0.,0.));
#3547=IFCDIRECTION((1.,0.,0.));
#3548=IFCDIRECTION((0.,1.,0.));
#3549=IFCDIRECTION((0.,0.,1.));
#3550=IFCCARTESIANTRANSFORMATIONOPERATOR3D(#3547,#3548,#3546,1.,#3549);
#3551=IFCMAPPEDITEM(#3135,#3550);
#3552=IFCSHAPEREPRESENTATION(#11,'Body','MappedRepresentation',(#3551));
#3553=IFCCARTESIANPOINT((0.,0.,0.));
#3554=IFCDIRECTION((1.,0.,0.));
#3555=IFCDIRECTION((0.,1.,0.));
#3556=IFCDIRECTION((0.,0.,1.));
#3557=IFCCARTESIANTRANSFORMATIONOPERATOR3D(#3554,#3555,#3553,1.,#3556);
#3558=IFCMAPPEDITEM(#3183,#3557);
#3559=IFCSHAPEREPRESENTATION(#24,'Body','MappedRepresentation',(#3558));
#3560=IFCOPENINGELEMENT('2PfHb$JrvBYfHbdaTxkVPl',$,'Opening',$,$,#11227,#3588,$,.OPENING.);
#3576=IFCCARTESIANPOINT((0.,0.,0.));
#3577=IFCDIRECTION((1.,0.,0.));
#3578=IFCDIRECTION((0.,0.,1.));
#3579=IFCAXIS2PLACEMENT3D(#3576,#3578,#3577);
#3580=IFCREPRESENTATIONMAP(#3579,#11217);
#3581=IFCCARTESIANPOINT((0.,0.,0.));
#3582=IFCDIRECTION((1.,0.,0.));
#3583=IFCDIRECTION((0.,1.,0.));
#3584=IFCDIRECTION((0.,0.,1.));
#3585=IFCCARTESIANTRANSFORMATIONOPERATOR3D(#3582,#3583,#3581,1.,#3584);
#3586=IFCMAPPEDITEM(#3580,#3585);
#3587=IFCSHAPEREPRESENTATION(#11,'Body','MappedRepresentation',(#3586));
#3588=IFCPRODUCTDEFINITIONSHAPE($,$,(#3587));
#3589=IFCRELVOIDSELEMENT('0JsGaxuurBFOUX_efzirLy',$,$,$,#357,#3560);
#3595=IFCRELFILLSELEMENT('3dBKCcDdrBlepWikM4gUWF',$,$,$,#3560,#3535);
#3619=IFCCARTESIANPOINTLIST2D(((0.30000001192092896,0.),(0.,0.),(0.,0.89999997615814209),(0.30000001192092896,0.89999997615814209),(0.30000001192092896,0.87499997578561306),(0.02500000037252903,0.87499997578561306),(0.02500000037252903,0.02500000037252903),(0.30000001192092896,0.02500000037252903)));
#3620=IFCINDEXEDPOLYCURVE(#3619,(IFCLINEINDEX((1,2,3,4,5,6,7,8,1))),$);
#3621=IFCARBITRARYCLOSEDPROFILEDEF(.AREA.,$,#3620);
#3622=IFCCARTESIANPOINT((0.,0.090000001713633537,0.));
#3623=IFCDIRECTION((0.,-1.,0.));
#3624=IFCDIRECTION((1.,0.,0.));
#3625=IFCAXIS2PLACEMENT3D(#3622,#3623,#3624);
#3626=IFCDIRECTION((0.,0.,-1.));
#3627=IFCEXTRUDEDAREASOLID(#3621,#3625,#3626,0.0099999997764825821);
#3628=IFCCARTESIANPOINTLIST2D(((0.,0.),(0.30000001192092896,0.),(0.30000001192092896,0.89999997615814209),(0.,0.89999997615814209)));
#3629=IFCINDEXEDPOLYCURVE(#3628,(IFCLINEINDEX((1,2,3,4,1))),$);
#3630=IFCCARTESIANPOINTLIST2D(((0.05000000074505806,0.05000000074505806),(0.27500001154839993,0.05000000074505806),(0.27500001154839993,0.84999997541308403),(0.05000000074505806,0.84999997541308403)));
#3631=IFCINDEXEDPOLYCURVE(#3630,(IFCLINEINDEX((1,2,3,4,1))),$);
#3632=IFCARBITRARYPROFILEDEFWITHVOIDS(.AREA.,$,#3629,(#3631));
#3633=IFCCARTESIANPOINT((0.,0.05000000074505806,0.));
#3634=IFCDIRECTION((0.,-1.,0.));
#3635=IFCDIRECTION((1.,0.,0.));
#3636=IFCAXIS2PLACEMENT3D(#3633,#3634,#3635);
#3637=IFCDIRECTION((0.,0.,-1.));
#3638=IFCEXTRUDEDAREASOLID(#3632,#3636,#3637,0.040000000968575478);
#3639=IFCCARTESIANPOINTLIST2D(((0.,0.),(0.27500001154839993,0.),(0.27500001154839993,0.84999997541308403),(0.,0.84999997541308403)));
#3640=IFCINDEXEDPOLYCURVE(#3639,(IFCLINEINDEX((1,2,3,4,1))),$);
#3641=IFCCARTESIANPOINTLIST2D(((0.035000000149011612,0.035000000149011612),(0.24000001139938831,0.035000000149011612),(0.24000001139938831,0.81499997526407242),(0.035000000149011612,0.81499997526407242)));
#3642=IFCINDEXEDPOLYCURVE(#3641,(IFCLINEINDEX((1,2,3,4,1))),$);
#3643=IFCARBITRARYPROFILEDEFWITHVOIDS(.AREA.,$,#3640,(#3642));
#3644=IFCCARTESIANPOINT((0.02500000037252903,0.090000001713633537,0.02500000037252903));
#3645=IFCDIRECTION((0.,-1.,0.));
#3646=IFCDIRECTION((1.,0.,0.));
#3647=IFCAXIS2PLACEMENT3D(#3644,#3645,#3646);
#3648=IFCDIRECTION((0.,0.,-1.));
#3649=IFCEXTRUDEDAREASOLID(#3643,#3647,#3648,0.035000000149011612);
#3650=IFCINDEXEDPOLYCURVE(#3651,(IFCLINEINDEX((1,2,3,4,1))),$);
#3651=IFCCARTESIANPOINTLIST2D(((0.035000000149011612,0.035000000149011612),(0.24000001139938831,0.035000000149011612),(0.24000001139938831,0.81499997526407242),(0.035000000149011612,0.81499997526407242)));
#3652=IFCARBITRARYCLOSEDPROFILEDEF(.AREA.,$,#3650);
#3653=IFCCARTESIANPOINT((0.02500000037252903,0.10250000178813934,0.02500000037252903));
#3654=IFCDIRECTION((0.,-1.,0.));
#3655=IFCDIRECTION((1.,0.,0.));
#3656=IFCAXIS2PLACEMENT3D(#3653,#3654,#3655);
#3657=IFCDIRECTION((0.,0.,-1.));
#3658=IFCEXTRUDEDAREASOLID(#3652,#3656,#3657,0.01);
#3659=IFCCARTESIANPOINTLIST2D(((0.,0.89999997615814209),(0.91854697465896606,0.89999997615814209),(0.91854697465896606,0.),(0.,0.),(0.,0.02500000037252903),(0.89354697428643703,0.02500000037252903),(0.89354697428643703,0.87499997578561306),(0.,0.87499997578561306)));
#3660=IFCINDEXEDPOLYCURVE(#3659,(IFCLINEINDEX((1,2,3,4,5,6,7,8,1))),$);
#3661=IFCARBITRARYCLOSEDPROFILEDEF(.AREA.,$,#3660);
#3662=IFCCARTESIANPOINT((0.30000001192092896,0.090000001713633537,0.));
#3663=IFCDIRECTION((0.,-1.,0.));
#3664=IFCDIRECTION((1.,0.,0.));
#3665=IFCAXIS2PLACEMENT3D(#3662,#3663,#3664);
#3666=IFCDIRECTION((0.,0.,-1.));
#3667=IFCEXTRUDEDAREASOLID(#3661,#3665,#3666,0.0099999997764825821);
#3668=IFCCARTESIANPOINTLIST2D(((0.,0.),(0.91854697465896606,0.),(0.91854697465896606,0.89999997615814209),(0.,0.89999997615814209)));
#3669=IFCINDEXEDPOLYCURVE(#3668,(IFCLINEINDEX((1,2,3,4,1))),$);
#3670=IFCCARTESIANPOINTLIST2D(((0.02500000037252903,0.05000000074505806),(0.868546973913908,0.05000000074505806),(0.868546973913908,0.84999997541308403),(0.02500000037252903,0.84999997541308403)));
#3671=IFCINDEXEDPOLYCURVE(#3670,(IFCLINEINDEX((1,2,3,4,1))),$);
#3672=IFCARBITRARYPROFILEDEFWITHVOIDS(.AREA.,$,#3669,(#3671));
#3673=IFCCARTESIANPOINT((0.30000001192092896,0.05000000074505806,0.));
#3674=IFCDIRECTION((0.,-1.,0.));
#3675=IFCDIRECTION((1.,0.,0.));
#3676=IFCAXIS2PLACEMENT3D(#3673,#3674,#3675);
#3677=IFCDIRECTION((0.,0.,-1.));
#3678=IFCEXTRUDEDAREASOLID(#3672,#3676,#3677,0.040000000968575478);
#3679=IFCCARTESIANPOINTLIST2D(((0.,0.),(0.89354697428643703,0.),(0.89354697428643703,0.84999997541308403),(0.,0.84999997541308403)));
#3680=IFCINDEXEDPOLYCURVE(#3679,(IFCLINEINDEX((1,2,3,4,1))),$);
#3681=IFCCARTESIANPOINTLIST2D(((0.035000000149011612,0.035000000149011612),(0.85854697413742542,0.035000000149011612),(0.85854697413742542,0.81499997526407242),(0.035000000149011612,0.81499997526407242)));
#3682=IFCINDEXEDPOLYCURVE(#3681,(IFCLINEINDEX((1,2,3,4,1))),$);
#3683=IFCARBITRARYPROFILEDEFWITHVOIDS(.AREA.,$,#3680,(#3682));
#3684=IFCCARTESIANPOINT((0.30000001192092896,0.090000001713633537,0.02500000037252903));
#3685=IFCDIRECTION((0.,-1.,0.));
#3686=IFCDIRECTION((1.,0.,0.));
#3687=IFCAXIS2PLACEMENT3D(#3684,#3685,#3686);
#3688=IFCDIRECTION((0.,0.,-1.));
#3689=IFCEXTRUDEDAREASOLID(#3683,#3687,#3688,0.035000000149011612);
#3690=IFCINDEXEDPOLYCURVE(#3691,(IFCLINEINDEX((1,2,3,4,1))),$);
#3691=IFCCARTESIANPOINTLIST2D(((0.035000000149011612,0.035000000149011612),(0.85854697413742542,0.035000000149011612),(0.85854697413742542,0.81499997526407242),(0.035000000149011612,0.81499997526407242)));
#3692=IFCARBITRARYCLOSEDPROFILEDEF(.AREA.,$,#3690);
#3693=IFCCARTESIANPOINT((0.30000001192092896,0.10250000178813934,0.02500000037252903));
#3694=IFCDIRECTION((0.,-1.,0.));
#3695=IFCDIRECTION((1.,0.,0.));
#3696=IFCAXIS2PLACEMENT3D(#3693,#3694,#3695);
#3697=IFCDIRECTION((0.,0.,-1.));
#3698=IFCEXTRUDEDAREASOLID(#3692,#3696,#3697,0.01);
#3700=IFCSHAPEREPRESENTATION(#11,'Body','SweptSolid',(#3667,#3627,#3638,#11113,#11153,#11142,#3678,#11102));
#3701=IFCSHAPEASPECT((#3700),'Lining',$,.T.,#3545);
#3702=IFCSHAPEREPRESENTATION(#11,'Body','SweptSolid',(#11124,#3689,#11164,#3649));
#3703=IFCSHAPEASPECT((#3702),'Framing',$,.T.,#3545);
#3704=IFCSHAPEREPRESENTATION(#11,'Body','SweptSolid',(#3658,#11173,#11133,#3698));
#3705=IFCSHAPEASPECT((#3704),'Glazing',$,.T.,#3545);
#3779=IFCWINDOWTYPE('2fGcNPEYLCwv1UtPtP3HWY',$,'Guest-2-GF',$,$,(#3780),(#3782,#3790,#3838),$,$,.WINDOW.,.SINGLE_PANEL.,$,$);
#3780=IFCPROPERTYSET('33QBmWdXvESOxMdJ5J3fPY',$,'BBIM_Window',$,(#3781));
#3781=IFCPROPERTYSINGLEVALUE('Data',$,IFCTEXT('{"window_type": "DOUBLE_PANEL_VERTICAL", "overall_height": 0.8999999761581421, "overall_width": 0.8350120782852173, "lining_properties": {"lining_depth": 0.05000000074505806, "lining_thickness": 0.05000000074505806, "lining_offset": 0.05000000074505806, "lining_to_panel_offset_x": 0.02500000037252903, "lining_to_panel_offset_y": 0.02500000037252903, "mullion_thickness": 0.05000000074505806, "first_mullion_offset": 0.30000001192092896}, "panel_properties": {"frame_depth": [0.03500000014901161, 0.03500000014901161, 0.03500000014901161], "frame_thickness": [0.03500000014901161, 0.03500000014901161, 0.03500000014901161]}}'),$);
#3782=IFCREPRESENTATIONMAP(#3783,#4046);
#3783=IFCAXIS2PLACEMENT3D(#3784,#3785,#3786);
#3784=IFCCARTESIANPOINT((0.,0.,0.));
#3785=IFCDIRECTION((0.,0.,1.));
#3786=IFCDIRECTION((1.,0.,0.));
#3790=IFCREPRESENTATIONMAP(#3791,#4127);
#3791=IFCAXIS2PLACEMENT3D(#3792,#3793,#3794);
#3792=IFCCARTESIANPOINT((0.,0.,0.));
#3793=IFCDIRECTION((0.,0.,1.));
#3794=IFCDIRECTION((1.,0.,0.));
#3838=IFCREPRESENTATIONMAP(#3839,#4166);
#3839=IFCAXIS2PLACEMENT3D(#3840,#3841,#3842);
#3840=IFCCARTESIANPOINT((0.,0.,0.));
#3841=IFCDIRECTION((0.,0.,1.));
#3842=IFCDIRECTION((1.,0.,0.));
#3948=IFCWINDOW('2pUMjURKr1_uBxEKQhFWtR',$,'Window',$,$,#5652,#3958,$,0.89999997615814209,0.83501207828521729,$,.DOUBLE_PANEL_VERTICAL.,$);
#3950=IFCRELDEFINESBYTYPE('2eAO8mDe9DHu_ym4IpaPRc',$,$,$,(#3948),#3779);
#3951=IFCCARTESIANPOINT((0.,0.,0.));
#3952=IFCDIRECTION((1.,0.,0.));
#3953=IFCDIRECTION((0.,1.,0.));
#3954=IFCDIRECTION((0.,0.,1.));
#3955=IFCCARTESIANTRANSFORMATIONOPERATOR3D(#3952,#3953,#3951,1.,#3954);
#3956=IFCMAPPEDITEM(#3782,#3955);
#3957=IFCSHAPEREPRESENTATION(#18,'Profile','MappedRepresentation',(#3956));
#3958=IFCPRODUCTDEFINITIONSHAPE($,$,(#3957,#3965,#3972));
#3959=IFCCARTESIANPOINT((0.,0.,0.));
#3960=IFCDIRECTION((1.,0.,0.));
#3961=IFCDIRECTION((0.,1.,0.));
#3962=IFCDIRECTION((0.,0.,1.));
#3963=IFCCARTESIANTRANSFORMATIONOPERATOR3D(#3960,#3961,#3959,1.,#3962);
#3964=IFCMAPPEDITEM(#3790,#3963);
#3965=IFCSHAPEREPRESENTATION(#11,'Body','MappedRepresentation',(#3964));
#3966=IFCCARTESIANPOINT((0.,0.,0.));
#3967=IFCDIRECTION((1.,0.,0.));
#3968=IFCDIRECTION((0.,1.,0.));
#3969=IFCDIRECTION((0.,0.,1.));
#3970=IFCCARTESIANTRANSFORMATIONOPERATOR3D(#3967,#3968,#3966,1.,#3969);
#3971=IFCMAPPEDITEM(#3838,#3970);
#3972=IFCSHAPEREPRESENTATION(#24,'Body','MappedRepresentation',(#3971));
#3973=IFCOPENINGELEMENT('0za4DvwRb7t8ERhKhqpwaQ',$,'Opening',$,$,#4201,#4001,$,.OPENING.);
#3989=IFCCARTESIANPOINT((0.,0.,0.));
#3990=IFCDIRECTION((1.,0.,0.));
#3991=IFCDIRECTION((0.,0.,1.));
#3992=IFCAXIS2PLACEMENT3D(#3989,#3991,#3990);
#3993=IFCREPRESENTATIONMAP(#3992,#4176);
#3994=IFCCARTESIANPOINT((0.,0.,0.));
#3995=IFCDIRECTION((1.,0.,0.));
#3996=IFCDIRECTION((0.,1.,0.));
#3997=IFCDIRECTION((0.,0.,1.));
#3998=IFCCARTESIANTRANSFORMATIONOPERATOR3D(#3995,#3996,#3994,1.,#3997);
#3999=IFCMAPPEDITEM(#3993,#3998);
#4000=IFCSHAPEREPRESENTATION(#11,'Body','MappedRepresentation',(#3999));
#4001=IFCPRODUCTDEFINITIONSHAPE($,$,(#4000));
#4002=IFCRELVOIDSELEMENT('3bEDqAyEfBs8nR8KtlZxKw',$,$,$,#332,#3973);
#4008=IFCRELFILLSELEMENT('2MkJ6lscL6SebkeRIHuOWm',$,$,$,#3973,#3948);
#4044=IFCCARTESIANPOINTLIST3D(((0.,0.,0.),(0.83501207828521729,0.,0.),(0.83501207828521729,0.,0.89999997615814209),(0.,0.,0.89999997615814209)));
#4045=IFCINDEXEDPOLYCURVE(#4044,(IFCLINEINDEX((1,2,3,4,1))),$);
#4046=IFCSHAPEREPRESENTATION(#18,'Profile','Curve3D',(#4045));
#4047=IFCCARTESIANPOINTLIST2D(((0.30000001192092896,0.),(0.,0.),(0.,0.89999997615814209),(0.30000001192092896,0.89999997615814209),(0.30000001192092896,0.87499997578561306),(0.02500000037252903,0.87499997578561306),(0.02500000037252903,0.02500000037252903),(0.30000001192092896,0.02500000037252903)));
#4048=IFCINDEXEDPOLYCURVE(#4047,(IFCLINEINDEX((1,2,3,4,5,6,7,8,1))),$);
#4049=IFCARBITRARYCLOSEDPROFILEDEF(.AREA.,$,#4048);
#4050=IFCCARTESIANPOINT((0.,0.090000001713633537,0.));
#4051=IFCDIRECTION((0.,-1.,0.));
#4052=IFCDIRECTION((1.,0.,0.));
#4053=IFCAXIS2PLACEMENT3D(#4050,#4051,#4052);
#4054=IFCDIRECTION((0.,0.,-1.));
#4055=IFCEXTRUDEDAREASOLID(#4049,#4053,#4054,0.0099999997764825821);
#4056=IFCCARTESIANPOINTLIST2D(((0.,0.),(0.30000001192092896,0.),(0.30000001192092896,0.89999997615814209),(0.,0.89999997615814209)));
#4057=IFCINDEXEDPOLYCURVE(#4056,(IFCLINEINDEX((1,2,3,4,1))),$);
#4058=IFCCARTESIANPOINTLIST2D(((0.05000000074505806,0.05000000074505806),(0.27500001154839993,0.05000000074505806),(0.27500001154839993,0.84999997541308403),(0.05000000074505806,0.84999997541308403)));
#4059=IFCINDEXEDPOLYCURVE(#4058,(IFCLINEINDEX((1,2,3,4,1))),$);
#4060=IFCARBITRARYPROFILEDEFWITHVOIDS(.AREA.,$,#4057,(#4059));
#4061=IFCCARTESIANPOINT((0.,0.05000000074505806,0.));
#4062=IFCDIRECTION((0.,-1.,0.));
#4063=IFCDIRECTION((1.,0.,0.));
#4064=IFCAXIS2PLACEMENT3D(#4061,#4062,#4063);
#4065=IFCDIRECTION((0.,0.,-1.));
#4066=IFCEXTRUDEDAREASOLID(#4060,#4064,#4065,0.040000000968575478);
#4067=IFCCARTESIANPOINTLIST2D(((0.,0.),(0.27500001154839993,0.),(0.27500001154839993,0.84999997541308403),(0.,0.84999997541308403)));
#4068=IFCINDEXEDPOLYCURVE(#4067,(IFCLINEINDEX((1,2,3,4,1))),$);
#4069=IFCCARTESIANPOINTLIST2D(((0.035000000149011612,0.035000000149011612),(0.24000001139938831,0.035000000149011612),(0.24000001139938831,0.81499997526407242),(0.035000000149011612,0.81499997526407242)));
#4070=IFCINDEXEDPOLYCURVE(#4069,(IFCLINEINDEX((1,2,3,4,1))),$);
#4071=IFCARBITRARYPROFILEDEFWITHVOIDS(.AREA.,$,#4068,(#4070));
#4072=IFCCARTESIANPOINT((0.02500000037252903,0.090000001713633537,0.02500000037252903));
#4073=IFCDIRECTION((0.,-1.,0.));
#4074=IFCDIRECTION((1.,0.,0.));
#4075=IFCAXIS2PLACEMENT3D(#4072,#4073,#4074);
#4076=IFCDIRECTION((0.,0.,-1.));
#4077=IFCEXTRUDEDAREASOLID(#4071,#4075,#4076,0.035000000149011612);
#4078=IFCINDEXEDPOLYCURVE(#4079,(IFCLINEINDEX((1,2,3,4,1))),$);
#4079=IFCCARTESIANPOINTLIST2D(((0.035000000149011612,0.035000000149011612),(0.24000001139938831,0.035000000149011612),(0.24000001139938831,0.81499997526407242),(0.035000000149011612,0.81499997526407242)));
#4080=IFCARBITRARYCLOSEDPROFILEDEF(.AREA.,$,#4078);
#4081=IFCCARTESIANPOINT((0.02500000037252903,0.10250000178813934,0.02500000037252903));
#4082=IFCDIRECTION((0.,-1.,0.));
#4083=IFCDIRECTION((1.,0.,0.));
#4084=IFCAXIS2PLACEMENT3D(#4081,#4082,#4083);
#4085=IFCDIRECTION((0.,0.,-1.));
#4086=IFCEXTRUDEDAREASOLID(#4080,#4084,#4085,0.01);
#4087=IFCCARTESIANPOINTLIST2D(((0.,0.89999997615814209),(0.53501206636428833,0.89999997615814209),(0.53501206636428833,0.),(0.,0.),(0.,0.02500000037252903),(0.5100120659917593,0.02500000037252903),(0.5100120659917593,0.87499997578561306),(0.,0.87499997578561306)));
#4088=IFCINDEXEDPOLYCURVE(#4087,(IFCLINEINDEX((1,2,3,4,5,6,7,8,1))),$);
#4089=IFCARBITRARYCLOSEDPROFILEDEF(.AREA.,$,#4088);
#4090=IFCCARTESIANPOINT((0.30000001192092896,0.090000001713633537,0.));
#4091=IFCDIRECTION((0.,-1.,0.));
#4092=IFCDIRECTION((1.,0.,0.));
#4093=IFCAXIS2PLACEMENT3D(#4090,#4091,#4092);
#4094=IFCDIRECTION((0.,0.,-1.));
#4095=IFCEXTRUDEDAREASOLID(#4089,#4093,#4094,0.0099999997764825821);
#4096=IFCCARTESIANPOINTLIST2D(((0.,0.),(0.53501206636428833,0.),(0.53501206636428833,0.89999997615814209),(0.,0.89999997615814209)));
#4097=IFCINDEXEDPOLYCURVE(#4096,(IFCLINEINDEX((1,2,3,4,1))),$);
#4098=IFCCARTESIANPOINTLIST2D(((0.02500000037252903,0.05000000074505806),(0.48501206561923027,0.05000000074505806),(0.48501206561923027,0.84999997541308403),(0.02500000037252903,0.84999997541308403)));
#4099=IFCINDEXEDPOLYCURVE(#4098,(IFCLINEINDEX((1,2,3,4,1))),$);
#4100=IFCARBITRARYPROFILEDEFWITHVOIDS(.AREA.,$,#4097,(#4099));
#4101=IFCCARTESIANPOINT((0.30000001192092896,0.05000000074505806,0.));
#4102=IFCDIRECTION((0.,-1.,0.));
#4103=IFCDIRECTION((1.,0.,0.));
#4104=IFCAXIS2PLACEMENT3D(#4101,#4102,#4103);
#4105=IFCDIRECTION((0.,0.,-1.));
#4106=IFCEXTRUDEDAREASOLID(#4100,#4104,#4105,0.040000000968575478);
#4107=IFCCARTESIANPOINTLIST2D(((0.,0.),(0.5100120659917593,0.),(0.5100120659917593,0.84999997541308403),(0.,0.84999997541308403)));
#4108=IFCINDEXEDPOLYCURVE(#4107,(IFCLINEINDEX((1,2,3,4,1))),$);
#4109=IFCCARTESIANPOINTLIST2D(((0.035000000149011612,0.035000000149011612),(0.47501206584274769,0.035000000149011612),(0.47501206584274769,0.81499997526407242),(0.035000000149011612,0.81499997526407242)));
#4110=IFCINDEXEDPOLYCURVE(#4109,(IFCLINEINDEX((1,2,3,4,1))),$);
#4111=IFCARBITRARYPROFILEDEFWITHVOIDS(.AREA.,$,#4108,(#4110));
#4112=IFCCARTESIANPOINT((0.30000001192092896,0.090000001713633537,0.02500000037252903));
#4113=IFCDIRECTION((0.,-1.,0.));
#4114=IFCDIRECTION((1.,0.,0.));
#4115=IFCAXIS2PLACEMENT3D(#4112,#4113,#4114);
#4116=IFCDIRECTION((0.,0.,-1.));
#4117=IFCEXTRUDEDAREASOLID(#4111,#4115,#4116,0.035000000149011612);
#4118=IFCINDEXEDPOLYCURVE(#4119,(IFCLINEINDEX((1,2,3,4,1))),$);
#4119=IFCCARTESIANPOINTLIST2D(((0.035000000149011612,0.035000000149011612),(0.47501206584274769,0.035000000149011612),(0.47501206584274769,0.81499997526407242),(0.035000000149011612,0.81499997526407242)));
#4120=IFCARBITRARYCLOSEDPROFILEDEF(.AREA.,$,#4118);
#4121=IFCCARTESIANPOINT((0.30000001192092896,0.10250000178813934,0.02500000037252903));
#4122=IFCDIRECTION((0.,-1.,0.));
#4123=IFCDIRECTION((1.,0.,0.));
#4124=IFCAXIS2PLACEMENT3D(#4121,#4122,#4123);
#4125=IFCDIRECTION((0.,0.,-1.));
#4126=IFCEXTRUDEDAREASOLID(#4120,#4124,#4125,0.01);
#4127=IFCSHAPEREPRESENTATION(#11,'Body','SweptSolid',(#4055,#4066,#4077,#4086,#4095,#4106,#4117,#4126));
#4128=IFCSHAPEREPRESENTATION(#11,'Body','SweptSolid',(#4055,#4066,#4095,#4106));
#4129=IFCSHAPEASPECT((#4128),'Lining',$,.T.,#3958);
#4130=IFCSHAPEREPRESENTATION(#11,'Body','SweptSolid',(#4077,#4117));
#4131=IFCSHAPEASPECT((#4130),'Framing',$,.T.,#3958);
#4132=IFCSHAPEREPRESENTATION(#11,'Body','SweptSolid',(#4086,#4126));
#4133=IFCSHAPEASPECT((#4132),'Glazing',$,.T.,#3958);
#4134=IFCCARTESIANPOINTLIST2D(((0.05000000074505806,0.05000000074505806),(0.27500001154839993,0.05000000074505806)));
#4135=IFCINDEXEDPOLYCURVE(#4134,$,$);
#4136=IFCCARTESIANPOINTLIST2D(((0.,0.10000000149011612),(0.02500000037252903,0.10000000149011612),(0.02500000037252903,0.090000001713633537),(0.05000000074505806,0.090000001713633537),(0.05000000074505806,0.05000000074505806),(0.,0.05000000074505806)));
#4137=IFCINDEXEDPOLYCURVE(#4136,(IFCLINEINDEX((1,2,3,4,5,6,1))),$);
#4138=IFCCARTESIANPOINTLIST2D(((0.30000001192092896,0.10000000149011612),(0.30000001192092896,0.10000000149011612),(0.30000001192092896,0.090000001713633537),(0.27500001154839993,0.090000001713633537),(0.27500001154839993,0.05000000074505806),(0.30000001192092896,0.05000000074505806)));
#4139=IFCINDEXEDPOLYCURVE(#4138,$,$);
#4140=IFCCARTESIANPOINTLIST2D(((0.02500000037252903,0.090000001713633537),(0.060000000521540642,0.090000001713633537),(0.060000000521540642,0.12500000186264515),(0.02500000037252903,0.12500000186264515)));
#4141=IFCINDEXEDPOLYCURVE(#4140,(IFCLINEINDEX((1,2,3,4,1))),$);
#4142=IFCINDEXEDPOLYCURVE(#4143,(IFCLINEINDEX((1,2,3,4,1))),$);
#4143=IFCCARTESIANPOINTLIST2D(((0.30000001192092896,0.090000001713633537),(0.26500001177191734,0.090000001713633537),(0.26500001177191734,0.12500000186264515),(0.30000001192092896,0.12500000186264515)));
#4144=IFCCARTESIANPOINTLIST2D(((0.060000000521540642,0.090000001713633537),(0.26500001177191734,0.090000001713633537)));
#4145=IFCINDEXEDPOLYCURVE(#4144,$,$);
#4146=IFCINDEXEDPOLYCURVE(#4147,$,$);
#4147=IFCCARTESIANPOINTLIST2D(((0.060000000521540642,0.12500000186264515),(0.26500001177191734,0.12500000186264515)));
#4148=IFCINDEXEDPOLYCURVE(#4149,$,$);
#4149=IFCCARTESIANPOINTLIST2D(((0.060000000521540642,0.10750000178813934),(0.26500001177191734,0.10750000178813934)));
#4150=IFCCARTESIANPOINTLIST2D(((0.32500001229345798,0.05000000074505806),(0.78501207754015923,0.05000000074505806)));
#4151=IFCINDEXEDPOLYCURVE(#4150,$,$);
#4152=IFCCARTESIANPOINTLIST2D(((0.30000001192092896,0.10000000149011612),(0.30000001192092896,0.10000000149011612),(0.30000001192092896,0.090000001713633537),(0.32500001229345798,0.090000001713633537),(0.32500001229345798,0.05000000074505806),(0.30000001192092896,0.05000000074505806)));
#4153=IFCINDEXEDPOLYCURVE(#4152,$,$);
#4154=IFCCARTESIANPOINTLIST2D(((0.83501207828521729,0.10000000149011612),(0.81001207791268826,0.10000000149011612),(0.81001207791268826,0.090000001713633537),(0.78501207754015923,0.090000001713633537),(0.78501207754015923,0.05000000074505806),(0.83501207828521729,0.05000000074505806)));
#4155=IFCINDEXEDPOLYCURVE(#4154,(IFCLINEINDEX((1,2,3,4,5,6,1))),$);
#4156=IFCCARTESIANPOINTLIST2D(((0.30000001192092896,0.090000001713633537),(0.33500001206994057,0.090000001713633537),(0.33500001206994057,0.12500000186264515),(0.30000001192092896,0.12500000186264515)));
#4157=IFCINDEXEDPOLYCURVE(#4156,(IFCLINEINDEX((1,2,3,4,1))),$);
#4158=IFCINDEXEDPOLYCURVE(#4159,(IFCLINEINDEX((1,2,3,4,1))),$);
#4159=IFCCARTESIANPOINTLIST2D(((0.81001207791268826,0.090000001713633537),(0.77501207776367664,0.090000001713633537),(0.77501207776367664,0.12500000186264515),(0.81001207791268826,0.12500000186264515)));
#4160=IFCCARTESIANPOINTLIST2D(((0.33500001206994057,0.090000001713633537),(0.77501207776367664,0.090000001713633537)));
#4161=IFCINDEXEDPOLYCURVE(#4160,$,$);
#4162=IFCINDEXEDPOLYCURVE(#4163,$,$);
#4163=IFCCARTESIANPOINTLIST2D(((0.33500001206994057,0.12500000186264515),(0.77501207776367664,0.12500000186264515)));
#4164=IFCINDEXEDPOLYCURVE(#4165,$,$);
#4165=IFCCARTESIANPOINTLIST2D(((0.33500001206994057,0.10750000178813934),(0.77501207776367664,0.10750000178813934)));
#4166=IFCSHAPEREPRESENTATION(#24,'Body','Curve2D',(#4135,#4137,#4139,#4141,#4142,#4145,#4146,#4148,#4151,#4153,#4155,#4157,#4158,#4161,#4162,#4164));
#4167=IFCCARTESIANPOINTLIST2D(((0.,0.),(0.83501207828521729,0.),(0.83501207828521729,0.89999997615814209),(0.,0.89999997615814209)));
#4168=IFCINDEXEDPOLYCURVE(#4167,(IFCLINEINDEX((1,2,3,4,1))),$);
#4169=IFCARBITRARYCLOSEDPROFILEDEF(.AREA.,$,#4168);
#4170=IFCCARTESIANPOINT((0.,-0.60000002384185791,0.));
#4171=IFCDIRECTION((0.,-1.,0.));
#4172=IFCDIRECTION((1.,0.,0.));
#4173=IFCAXIS2PLACEMENT3D(#4170,#4171,#4172);
#4174=IFCDIRECTION((0.,0.,-1.));
#4175=IFCEXTRUDEDAREASOLID(#4169,#4173,#4174,1.2);
#4176=IFCSHAPEREPRESENTATION(#11,'Body','SweptSolid',(#4175));
#4197=IFCCARTESIANPOINT((3.0179507251487001,1.2026625970662508E-06,1.));
#4198=IFCDIRECTION((0.,0.,1.));
#4199=IFCDIRECTION((0.99999999999999289,1.1920928244535129E-07,0.));
#4200=IFCAXIS2PLACEMENT3D(#4197,#4198,#4199);
#4201=IFCLOCALPLACEMENT(#647,#4200);
#4207=IFCWINDOWTYPE('0WbNPi55L36fofMqYy3d_o',$,'Maid-GF',$,$,(#4208),(#4210,#4218,#4266),$,$,.WINDOW.,.SINGLE_PANEL.,$,$);
#4208=IFCPROPERTYSET('2TAY9ijAv3XRRoJaXdo96f',$,'BBIM_Window',$,(#4209));
#4209=IFCPROPERTYSINGLEVALUE('Data',$,IFCTEXT('{"window_type": "SINGLE_PANEL", "overall_height": 0.8999999761581421, "overall_width": 0.8075286746025085, "lining_properties": {"lining_depth": 0.05000000074505806, "lining_thickness": 0.05000000074505806, "lining_offset": 0.05000000074505806, "lining_to_panel_offset_x": 0.02500000037252903, "lining_to_panel_offset_y": 0.02500000037252903}, "panel_properties": {"frame_depth": [0.03500000014901161, 0.03500000014901161, 0.03500000014901161], "frame_thickness": [0.03500000014901161, 0.03500000014901161, 0.03500000014901161]}}'),$);
#4210=IFCREPRESENTATIONMAP(#4211,#4386);
#4211=IFCAXIS2PLACEMENT3D(#4212,#4213,#4214);
#4212=IFCCARTESIANPOINT((0.,0.,0.));
#4213=IFCDIRECTION((0.,0.,1.));
#4214=IFCDIRECTION((1.,0.,0.));
#4218=IFCREPRESENTATIONMAP(#4219,#4429);
#4219=IFCAXIS2PLACEMENT3D(#4220,#4221,#4222);
#4220=IFCCARTESIANPOINT((0.,0.,0.));
#4221=IFCDIRECTION((0.,0.,1.));
#4222=IFCDIRECTION((1.,0.,0.));
#4266=IFCREPRESENTATIONMAP(#4267,#4452);
#4267=IFCAXIS2PLACEMENT3D(#4268,#4269,#4270);
#4268=IFCCARTESIANPOINT((0.,0.,0.));
#4269=IFCDIRECTION((0.,0.,1.));
#4270=IFCDIRECTION((1.,0.,0.));
#4288=IFCWINDOW('3dgT98sf15$gDaK8yS88B$',$,'Window',$,$,#5657,#4298,$,0.89999997615814209,0.80752867460250854,$,.SINGLE_PANEL.,$);
#4290=IFCRELDEFINESBYTYPE('2CaaXAzUH6BRZj0y81K3WN',$,$,$,(#4288),#4207);
#4291=IFCCARTESIANPOINT((0.,0.,0.));
#4292=IFCDIRECTION((1.,0.,0.));
#4293=IFCDIRECTION((0.,1.,0.));
#4294=IFCDIRECTION((0.,0.,1.));
#4295=IFCCARTESIANTRANSFORMATIONOPERATOR3D(#4292,#4293,#4291,1.,#4294);
#4296=IFCMAPPEDITEM(#4210,#4295);
#4297=IFCSHAPEREPRESENTATION(#18,'Profile','MappedRepresentation',(#4296));
#4298=IFCPRODUCTDEFINITIONSHAPE($,$,(#4297,#4305,#4312));
#4299=IFCCARTESIANPOINT((0.,0.,0.));
#4300=IFCDIRECTION((1.,0.,0.));
#4301=IFCDIRECTION((0.,1.,0.));
#4302=IFCDIRECTION((0.,0.,1.));
#4303=IFCCARTESIANTRANSFORMATIONOPERATOR3D(#4300,#4301,#4299,1.,#4302);
#4304=IFCMAPPEDITEM(#4218,#4303);
#4305=IFCSHAPEREPRESENTATION(#11,'Body','MappedRepresentation',(#4304));
#4306=IFCCARTESIANPOINT((0.,0.,0.));
#4307=IFCDIRECTION((1.,0.,0.));
#4308=IFCDIRECTION((0.,1.,0.));
#4309=IFCDIRECTION((0.,0.,1.));
#4310=IFCCARTESIANTRANSFORMATIONOPERATOR3D(#4307,#4308,#4306,1.,#4309);
#4311=IFCMAPPEDITEM(#4266,#4310);
#4312=IFCSHAPEREPRESENTATION(#24,'Body','MappedRepresentation',(#4311));
#4313=IFCOPENINGELEMENT('0NNWdv5Lf33O46JdU5zyVy',$,'Opening',$,$,#4487,#4341,$,.OPENING.);
#4329=IFCCARTESIANPOINT((0.,0.,0.));
#4330=IFCDIRECTION((1.,0.,0.));
#4331=IFCDIRECTION((0.,0.,1.));
#4332=IFCAXIS2PLACEMENT3D(#4329,#4331,#4330);
#4333=IFCREPRESENTATIONMAP(#4332,#4462);
#4334=IFCCARTESIANPOINT((0.,0.,0.));
#4335=IFCDIRECTION((1.,0.,0.));
#4336=IFCDIRECTION((0.,1.,0.));
#4337=IFCDIRECTION((0.,0.,1.));
#4338=IFCCARTESIANTRANSFORMATIONOPERATOR3D(#4335,#4336,#4334,1.,#4337);
#4339=IFCMAPPEDITEM(#4333,#4338);
#4340=IFCSHAPEREPRESENTATION(#11,'Body','MappedRepresentation',(#4339));
#4341=IFCPRODUCTDEFINITIONSHAPE($,$,(#4340));
#4342=IFCRELVOIDSELEMENT('1Q6MZoL3H2ueIuoLBb6rCm',$,$,$,#307,#4313);
#4348=IFCRELFILLSELEMENT('1dvQRFD197Th60xFYCcKhy',$,$,$,#4313,#4288);
#4384=IFCCARTESIANPOINTLIST3D(((0.,0.,0.),(0.80752867460250854,0.,0.),(0.80752867460250854,0.,0.89999997615814209),(0.,0.,0.89999997615814209)));
#4385=IFCINDEXEDPOLYCURVE(#4384,(IFCLINEINDEX((1,2,3,4,1))),$);
#4386=IFCSHAPEREPRESENTATION(#18,'Profile','Curve3D',(#4385));
#4387=IFCCARTESIANPOINTLIST2D(((0.,0.),(0.80752867460250854,0.),(0.80752867460250854,0.89999997615814209),(0.,0.89999997615814209)));
#4388=IFCINDEXEDPOLYCURVE(#4387,(IFCLINEINDEX((1,2,3,4,1))),$);
#4389=IFCCARTESIANPOINTLIST2D(((0.02500000037252903,0.02500000037252903),(0.78252867422997952,0.02500000037252903),(0.78252867422997952,0.87499997578561306),(0.02500000037252903,0.87499997578561306)));
#4390=IFCINDEXEDPOLYCURVE(#4389,(IFCLINEINDEX((1,2,3,4,1))),$);
#4391=IFCARBITRARYPROFILEDEFWITHVOIDS(.AREA.,$,#4388,(#4390));
#4392=IFCCARTESIANPOINT((0.,0.090000001713633537,0.));
#4393=IFCDIRECTION((0.,-1.,0.));
#4394=IFCDIRECTION((1.,0.,0.));
#4395=IFCAXIS2PLACEMENT3D(#4392,#4393,#4394);
#4396=IFCDIRECTION((0.,0.,-1.));
#4397=IFCEXTRUDEDAREASOLID(#4391,#4395,#4396,0.0099999997764825821);
#4398=IFCCARTESIANPOINTLIST2D(((0.,0.),(0.80752867460250854,0.),(0.80752867460250854,0.89999997615814209),(0.,0.89999997615814209)));
#4399=IFCINDEXEDPOLYCURVE(#4398,(IFCLINEINDEX((1,2,3,4,1))),$);
#4400=IFCCARTESIANPOINTLIST2D(((0.05000000074505806,0.05000000074505806),(0.75752867385745049,0.05000000074505806),(0.75752867385745049,0.84999997541308403),(0.05000000074505806,0.84999997541308403)));
#4401=IFCINDEXEDPOLYCURVE(#4400,(IFCLINEINDEX((1,2,3,4,1))),$);
#4402=IFCARBITRARYPROFILEDEFWITHVOIDS(.AREA.,$,#4399,(#4401));
#4403=IFCCARTESIANPOINT((0.,0.05000000074505806,0.));
#4404=IFCDIRECTION((0.,-1.,0.));
#4405=IFCDIRECTION((1.,0.,0.));
#4406=IFCAXIS2PLACEMENT3D(#4403,#4404,#4405);
#4407=IFCDIRECTION((0.,0.,-1.));
#4408=IFCEXTRUDEDAREASOLID(#4402,#4406,#4407,0.040000000968575478);
#4409=IFCCARTESIANPOINTLIST2D(((0.,0.),(0.75752867385745049,0.),(0.75752867385745049,0.84999997541308403),(0.,0.84999997541308403)));
#4410=IFCINDEXEDPOLYCURVE(#4409,(IFCLINEINDEX((1,2,3,4,1))),$);
#4411=IFCCARTESIANPOINTLIST2D(((0.035000000149011612,0.035000000149011612),(0.72252867370843887,0.035000000149011612),(0.72252867370843887,0.81499997526407242),(0.035000000149011612,0.81499997526407242)));
#4412=IFCINDEXEDPOLYCURVE(#4411,(IFCLINEINDEX((1,2,3,4,1))),$);
#4413=IFCARBITRARYPROFILEDEFWITHVOIDS(.AREA.,$,#4410,(#4412));
#4414=IFCCARTESIANPOINT((0.02500000037252903,0.090000001713633537,0.02500000037252903));
#4415=IFCDIRECTION((0.,-1.,0.));
#4416=IFCDIRECTION((1.,0.,0.));
#4417=IFCAXIS2PLACEMENT3D(#4414,#4415,#4416);
#4418=IFCDIRECTION((0.,0.,-1.));
#4419=IFCEXTRUDEDAREASOLID(#4413,#4417,#4418,0.035000000149011612);
#4420=IFCINDEXEDPOLYCURVE(#4421,(IFCLINEINDEX((1,2,3,4,1))),$);
#4421=IFCCARTESIANPOINTLIST2D(((0.035000000149011612,0.035000000149011612),(0.72252867370843887,0.035000000149011612),(0.72252867370843887,0.81499997526407242),(0.035000000149011612,0.81499997526407242)));
#4422=IFCARBITRARYCLOSEDPROFILEDEF(.AREA.,$,#4420);
#4423=IFCCARTESIANPOINT((0.02500000037252903,0.10250000178813934,0.02500000037252903));
#4424=IFCDIRECTION((0.,-1.,0.));
#4425=IFCDIRECTION((1.,0.,0.));
#4426=IFCAXIS2PLACEMENT3D(#4423,#4424,#4425);
#4427=IFCDIRECTION((0.,0.,-1.));
#4428=IFCEXTRUDEDAREASOLID(#4422,#4426,#4427,0.01);
#4429=IFCSHAPEREPRESENTATION(#11,'Body','SweptSolid',(#4397,#4408,#4419,#4428));
#4430=IFCSHAPEREPRESENTATION(#11,'Body','SweptSolid',(#4397,#4408));
#4431=IFCSHAPEASPECT((#4430),'Lining',$,.T.,#4298);
#4432=IFCSHAPEREPRESENTATION(#11,'Body','SweptSolid',(#4419));
#4433=IFCSHAPEASPECT((#4432),'Framing',$,.T.,#4298);
#4434=IFCSHAPEREPRESENTATION(#11,'Body','SweptSolid',(#4428));
#4435=IFCSHAPEASPECT((#4434),'Glazing',$,.T.,#4298);
#4436=IFCCARTESIANPOINTLIST2D(((0.05000000074505806,0.05000000074505806),(0.75752867385745049,0.05000000074505806)));
#4437=IFCINDEXEDPOLYCURVE(#4436,$,$);
#4438=IFCCARTESIANPOINTLIST2D(((0.,0.10000000149011612),(0.02500000037252903,0.10000000149011612),(0.02500000037252903,0.090000001713633537),(0.05000000074505806,0.090000001713633537),(0.05000000074505806,0.05000000074505806),(0.,0.05000000074505806)));
#4439=IFCINDEXEDPOLYCURVE(#4438,(IFCLINEINDEX((1,2,3,4,5,6,1))),$);
#4440=IFCCARTESIANPOINTLIST2D(((0.80752867460250854,0.10000000149011612),(0.78252867422997952,0.10000000149011612),(0.78252867422997952,0.090000001713633537),(0.75752867385745049,0.090000001713633537),(0.75752867385745049,0.05000000074505806),(0.80752867460250854,0.05000000074505806)));
#4441=IFCINDEXEDPOLYCURVE(#4440,(IFCLINEINDEX((1,2,3,4,5,6,1))),$);
#4442=IFCCARTESIANPOINTLIST2D(((0.02500000037252903,0.090000001713633537),(0.060000000521540642,0.090000001713633537),(0.060000000521540642,0.12500000186264515),(0.02500000037252903,0.12500000186264515)));
#4443=IFCINDEXEDPOLYCURVE(#4442,(IFCLINEINDEX((1,2,3,4,1))),$);
#4444=IFCINDEXEDPOLYCURVE(#4445,(IFCLINEINDEX((1,2,3,4,1))),$);
#4445=IFCCARTESIANPOINTLIST2D(((0.78252867422997952,0.090000001713633537),(0.7475286740809679,0.090000001713633537),(0.7475286740809679,0.12500000186264515),(0.78252867422997952,0.12500000186264515)));
#4446=IFCCARTESIANPOINTLIST2D(((0.060000000521540642,0.090000001713633537),(0.7475286740809679,0.090000001713633537)));
#4447=IFCINDEXEDPOLYCURVE(#4446,$,$);
#4448=IFCINDEXEDPOLYCURVE(#4449,$,$);
#4449=IFCCARTESIANPOINTLIST2D(((0.060000000521540642,0.12500000186264515),(0.7475286740809679,0.12500000186264515)));
#4450=IFCINDEXEDPOLYCURVE(#4451,$,$);
#4451=IFCCARTESIANPOINTLIST2D(((0.060000000521540642,0.10750000178813934),(0.7475286740809679,0.10750000178813934)));
#4452=IFCSHAPEREPRESENTATION(#24,'Body','Curve2D',(#4437,#4439,#4441,#4443,#4444,#4447,#4448,#4450));
#4453=IFCCARTESIANPOINTLIST2D(((0.,0.),(0.80752867460250854,0.),(0.80752867460250854,0.89999997615814209),(0.,0.89999997615814209)));
#4454=IFCINDEXEDPOLYCURVE(#4453,(IFCLINEINDEX((1,2,3,4,1))),$);
#4455=IFCARBITRARYCLOSEDPROFILEDEF(.AREA.,$,#4454);
#4456=IFCCARTESIANPOINT((0.,-0.60000002384185791,0.));
#4457=IFCDIRECTION((0.,-1.,0.));
#4458=IFCDIRECTION((1.,0.,0.));
#4459=IFCAXIS2PLACEMENT3D(#4456,#4457,#4458);
#4460=IFCDIRECTION((0.,0.,-1.));
#4461=IFCEXTRUDEDAREASOLID(#4455,#4459,#4460,1.2);
#4462=IFCSHAPEREPRESENTATION(#11,'Body','SweptSolid',(#4461));
#4483=IFCCARTESIANPOINT((0.75875329971326289,-1.8136772172994142E-07,1.));
#4484=IFCDIRECTION((0.,0.,1.));
#4485=IFCDIRECTION((0.99999999999988631,-4.7683715820291007E-07,0.));
#4486=IFCAXIS2PLACEMENT3D(#4483,#4484,#4485);
#4487=IFCLOCALPLACEMENT(#318,#4486);
#4590=IFCSLAB('2RFOSthr57ZwJ7khgtSR85',$,'Slab',$,$,#9008,#4605,$,$);
#4591=IFCRELCONTAINEDINSPATIALSTRUCTURE('2oozqVpzrCLwGOqKUOQQ$U',$,$,$,(#9508,#8216,#9202,#6231,#6406,#7778,#6331,#12477,#8800,#10833,#7924,#4590,#6431,#6926,#7244,#6281,#8508,#7509,#6456,#7347,#6973,#6381,#7269,#6306,#7547,#12222,#11937,#7372,#11456),#39);
#4592=IFCMATERIALLAYERSETUSAGE(#1232,.AXIS3.,.POSITIVE.,-0.10000000149011612,$);
#4593=IFCRELASSOCIATESMATERIAL('28dU8e8BH9aw0je0EEwXHV',$,$,$,(#4590),#4592);
#4599=IFCCARTESIANPOINTLIST2D(((0.,0.),(4.76837158203125E-07,9.1099996566772461),(-3.4600005149841309,9.1099987030029297),(-3.4600002765655518,7.6399993896484375),(-7.0100002288818359,7.6400008201599121),(-7.0099992752075195,2.4899997711181641),(-4.0099997520446777,2.4899997711181641),(-4.0099997520446777,0.),(0.,0.)));
#4600=IFCINDEXEDPOLYCURVE(#4599,$,$);
#4601=IFCDIRECTION((0.,0.,1.));
#4602=IFCARBITRARYCLOSEDPROFILEDEF(.AREA.,$,#4600);
#4603=IFCEXTRUDEDAREASOLID(#4602,#4612,#4601,0.10000000000000001);
#4604=IFCSHAPEREPRESENTATION(#11,'Body','SweptSolid',(#4603));
#4605=IFCPRODUCTDEFINITIONSHAPE($,$,(#4604));
#4606=IFCPROPERTYSET('2sLHkXDFf65gfy3xgh7QEC',$,'EPset_Parametric',$,(#4608));
#4607=IFCRELDEFINESBYPROPERTIES('1puB87QNf7IfsNdtduRPG0',$,$,$,(#4590),#4606);
#4608=IFCPROPERTYSINGLEVALUE('Engine',$,IFCLABEL('Bonsai.DumbLayer3'),$);
#4609=IFCCARTESIANPOINT((-0.,-0.,-0.10000000149011612));
#4610=IFCDIRECTION((0.,0.,1.));
#4611=IFCDIRECTION((1.,0.,0.));
#4612=IFCAXIS2PLACEMENT3D(#4609,#4610,#4611);
#4613=IFCROOFTYPE('3hbEccRXb1Yxwy0QWo_O8$',$,'Roof',$,$,(#4614),(#4643,#4671),$,$,.HIP_ROOF.);
#4614=IFCPROPERTYSET('3NRQx6INT7TviTqIUFxUf4',$,'BBIM_Roof',$,(#4615));
#4615=IFCPROPERTYSINGLEVALUE('Data',$,IFCTEXT('{"roof_type": "HIP/GABLE ROOF", "generation_method": "ANGLE", "roof_thickness": 0.10000000149011612, "rafter_edge_angle": 1.5707963705062866, "angle": 0.1745329201221466, "percentage": 17.63269805908203, "path_data": {"edges": [[0, 1], [1, 2], [2, 3], [3, 0]], "verts": [[-5.0, -5.0, 0.0], [-5.0, 5.0, 0.0], [5.0, 5.0, 0.0], [5.0, -5.0, 0.0]]}}'),$);
#4639=IFCCARTESIANPOINT((0.,0.,0.));
#4640=IFCDIRECTION((1.,0.,0.));
#4641=IFCDIRECTION((0.,0.,1.));
#4642=IFCAXIS2PLACEMENT3D(#4639,#4641,#4640);
#4643=IFCREPRESENTATIONMAP(#4642,#4662);
#4644=IFCINDEXEDPOLYGONALFACE((3,1,2));
#4645=IFCINDEXEDPOLYGONALFACE((2,4,3));
#4646=IFCINDEXEDPOLYGONALFACE((1,3,5));
#4647=IFCINDEXEDPOLYGONALFACE((4,5,3));
#4648=IFCINDEXEDPOLYGONALFACE((6,7,8));
#4649=IFCINDEXEDPOLYGONALFACE((8,2,1));
#4650=IFCINDEXEDPOLYGONALFACE((8,1,6));
#4651=IFCINDEXEDPOLYGONALFACE((8,7,9));
#4652=IFCINDEXEDPOLYGONALFACE((2,8,9));
#4653=IFCINDEXEDPOLYGONALFACE((2,9,4));
#4654=IFCINDEXEDPOLYGONALFACE((10,7,6));
#4655=IFCINDEXEDPOLYGONALFACE((6,1,5));
#4656=IFCINDEXEDPOLYGONALFACE((6,5,10));
#4657=IFCINDEXEDPOLYGONALFACE((9,7,10));
#4658=IFCINDEXEDPOLYGONALFACE((4,9,10));
#4659=IFCINDEXEDPOLYGONALFACE((4,10,5));
#4660=IFCCARTESIANPOINTLIST3D(((-5.,-5.,0.),(5.,-5.,0.),(0.,0.,0.88163489103317261),(5.,5.,0.),(-5.,5.,0.),(-5.,-5.,-0.10154265910387039),(0.,0.,0.78009223937988281),(5.,-5.,-0.10154265910387039),(5.,5.,-0.10154265910387039),(-5.,5.,-0.10154265910387039)));
#4661=IFCPOLYGONALFACESET(#4660,.T.,(#4644,#4645,#4646,#4647,#4648,#4649,#4650,#4651,#4652,#4653,#4654,#4655,#4656,#4657,#4658,#4659),$);
#4662=IFCSHAPEREPRESENTATION(#11,'Body','Tessellation',(#4661));
#4664=IFCCARTESIANPOINT((-5.,-5.,-0.10154265910387039));
#4665=IFCBOUNDINGBOX(#4664,10.,10.,0.9831775426864624);
#4666=IFCSHAPEREPRESENTATION(#13,'Box','BoundingBox',(#4665));
#4667=IFCCARTESIANPOINT((0.,0.,0.));
#4668=IFCDIRECTION((1.,0.,0.));
#4669=IFCDIRECTION((0.,0.,1.));
#4670=IFCAXIS2PLACEMENT3D(#4667,#4669,#4668);
#4671=IFCREPRESENTATIONMAP(#4670,#4666);
#4874=IFCWALL('0YOErtzXX8eg0cbrEs1fgS',$,'Wall',$,$,#4930,#4880,$,$);
#4875=IFCMATERIALLAYERSETUSAGE(#82,.AXIS2.,.POSITIVE.,0.,$);
#4876=IFCRELASSOCIATESMATERIAL('1IK13qU0r4WfMN48mgCBBd',$,$,$,(#4874),#4875);
#4880=IFCPRODUCTDEFINITIONSHAPE($,$,(#4957,#4954));
#4896=IFCPROPERTYSET('1hPFyIhbTErvh0m1sQCXn_',$,'EPset_Parametric',$,(#4898));
#4897=IFCRELDEFINESBYPROPERTIES('1OGsJLPl54VuzkqwaRE4F9',$,$,$,(#4874),#4896);
#4898=IFCPROPERTYSINGLEVALUE('Engine',$,IFCLABEL('Bonsai.DumbLayer2'),$);
#4912=IFCRELCONNECTSPATHELEMENTS('0mIbik8PXEjvhkjuQweC29',$,$,$,$,#4874,#382,(),(),.ATEND.,.ATSTART.);
#4926=IFCCARTESIANPOINT((0.21747673594624106,-2.6000680923461914,0.));
#4927=IFCDIRECTION((0.,0.,1.));
#4928=IFCDIRECTION((1.,0.,0.));
#4929=IFCAXIS2PLACEMENT3D(#4926,#4927,#4928);
#4930=IFCLOCALPLACEMENT(#79,#4929);
#4931=IFCCARTESIANPOINTLIST2D(((0.,0.),(-0.10000000437113893,0.10000000000000001),(2.3899997667470272,0.10000000000000001),(2.4899997711181663,0.)));
#4932=IFCINDEXEDPOLYCURVE(#4931,(IFCLINEINDEX((1,2,3,4,1))),$);
#4933=IFCARBITRARYCLOSEDPROFILEDEF(.AREA.,$,#4932);
#4934=IFCCARTESIANPOINT((0.,0.,0.));
#4935=IFCDIRECTION((0.,0.,1.));
#4936=IFCDIRECTION((1.,0.,0.));
#4937=IFCAXIS2PLACEMENT3D(#4934,#4935,#4936);
#4938=IFCDIRECTION((0.,0.,1.));
#4939=IFCEXTRUDEDAREASOLID(#4933,#4937,#4938,3.);
#4940=IFCSHAPEREPRESENTATION(#11,'Body','SweptSolid',(#4939));
#4941=IFCCARTESIANPOINTLIST2D(((0.,0.),(2.4899997711181663,0.)));
#4942=IFCINDEXEDPOLYCURVE(#4941,$,$);
#4943=IFCSHAPEREPRESENTATION(#23,'Axis','Curve2D',(#4942));
#4944=IFCRELCONNECTSPATHELEMENTS('2NcBPDNwf4TAaUz_32DSlg',$,$,$,$,#4874,#232,(),(),.ATSTART.,.ATEND.);
#4945=IFCCARTESIANPOINTLIST2D(((0.,0.),(0.10000000437113894,0.10000000000000001),(3.9099998684358241,0.10000000000000001),(4.0099998608860341,0.)));
#4946=IFCINDEXEDPOLYCURVE(#4945,(IFCLINEINDEX((1,2,3,4,1))),$);
#4947=IFCARBITRARYCLOSEDPROFILEDEF(.AREA.,$,#4946);
#4948=IFCCARTESIANPOINT((0.,0.,0.));
#4949=IFCDIRECTION((0.,0.,1.));
#4950=IFCDIRECTION((1.,0.,0.));
#4951=IFCAXIS2PLACEMENT3D(#4948,#4949,#4950);
#4952=IFCDIRECTION((0.,0.,1.));
#4953=IFCEXTRUDEDAREASOLID(#4947,#4951,#4952,3.);
#4954=IFCSHAPEREPRESENTATION(#11,'Body','SweptSolid',(#4953));
#4955=IFCCARTESIANPOINTLIST2D(((0.,0.),(4.0099998608860341,0.)));
#4956=IFCINDEXEDPOLYCURVE(#4955,$,$);
#4957=IFCSHAPEREPRESENTATION(#23,'Axis','Curve2D',(#4956));
#4958=IFCCARTESIANPOINTLIST2D(((0.,0.),(0.099999992450210157,0.10000000000000001),(9.009999634028075,0.10000000000000001),(9.1099996566774486,0.)));
#4959=IFCINDEXEDPOLYCURVE(#4958,(IFCLINEINDEX((1,2,3,4,1))),$);
#4960=IFCARBITRARYCLOSEDPROFILEDEF(.AREA.,$,#4959);
#4961=IFCCARTESIANPOINT((0.,0.,0.));
#4962=IFCDIRECTION((0.,0.,1.));
#4963=IFCDIRECTION((1.,0.,0.));
#4964=IFCAXIS2PLACEMENT3D(#4961,#4962,#4963);
#4965=IFCDIRECTION((0.,0.,1.));
#4966=IFCEXTRUDEDAREASOLID(#4960,#4964,#4965,3.);
#4967=IFCSHAPEREPRESENTATION(#11,'Body','SweptSolid',(#4966));
#4968=IFCCARTESIANPOINTLIST2D(((0.,0.),(9.1099996566774486,0.)));
#4969=IFCINDEXEDPOLYCURVE(#4968,$,$);
#4970=IFCSHAPEREPRESENTATION(#23,'Axis','Curve2D',(#4969));
#4971=IFCDOOR('0KHbvls0fFw9Yd9kmDMxoQ',$,'Door',$,$,#10642,#4979,$,2.,0.95366543531417847,$,.SINGLE_SWING_LEFT.,$);
#4972=IFCCARTESIANPOINT((0.,0.,0.));
#4973=IFCDIRECTION((1.,0.,0.));
#4974=IFCDIRECTION((0.,1.,0.));
#4975=IFCDIRECTION((0.,0.,1.));
#4976=IFCCARTESIANTRANSFORMATIONOPERATOR3D(#4973,#4974,#4972,1.,#4975);
#4977=IFCMAPPEDITEM(#2107,#4976);
#4978=IFCSHAPEREPRESENTATION(#18,'Profile','MappedRepresentation',(#4977));
#4979=IFCPRODUCTDEFINITIONSHAPE($,$,(#4978,#4986,#4993));
#4980=IFCCARTESIANPOINT((0.,0.,0.));
#4981=IFCDIRECTION((1.,0.,0.));
#4982=IFCDIRECTION((0.,1.,0.));
#4983=IFCDIRECTION((0.,0.,1.));
#4984=IFCCARTESIANTRANSFORMATIONOPERATOR3D(#4981,#4982,#4980,1.,#4983);
#4985=IFCMAPPEDITEM(#2115,#4984);
#4986=IFCSHAPEREPRESENTATION(#11,'Body','MappedRepresentation',(#4985));
#4987=IFCCARTESIANPOINT((0.,0.,0.));
#4988=IFCDIRECTION((1.,0.,0.));
#4989=IFCDIRECTION((0.,1.,0.));
#4990=IFCDIRECTION((0.,0.,1.));
#4991=IFCCARTESIANTRANSFORMATIONOPERATOR3D(#4988,#4989,#4987,1.,#4990);
#4992=IFCMAPPEDITEM(#2193,#4991);
#4993=IFCSHAPEREPRESENTATION(#24,'Body','MappedRepresentation',(#4992));
#4994=IFCOPENINGELEMENT('1l4Ym4anj2iPlFKbfa8vAW',$,'Opening',$,$,#10637,#5007,$,.OPENING.);
#5000=IFCCARTESIANPOINT((0.,0.,0.));
#5001=IFCDIRECTION((1.,0.,0.));
#5002=IFCDIRECTION((0.,1.,0.));
#5003=IFCDIRECTION((0.,0.,1.));
#5004=IFCCARTESIANTRANSFORMATIONOPERATOR3D(#5001,#5002,#5000,1.,#5003);
#5005=IFCMAPPEDITEM(#2256,#5004);
#5006=IFCSHAPEREPRESENTATION(#11,'Body','MappedRepresentation',(#5005));
#5007=IFCPRODUCTDEFINITIONSHAPE($,$,(#5006));
#5008=IFCRELVOIDSELEMENT('0ZBUwVCqr9JgCAVR4TQNjL',$,$,$,#4874,#4994);
#5014=IFCRELFILLSELEMENT('121QaTknj7HvW4BnG37Qb2',$,$,$,#4994,#4971);
#5038=IFCCARTESIANPOINTLIST2D(((0.,0.),(0.,2.),(0.94485408067703247,2.),(0.94485408067703247,0.),(0.91985408030450344,0.),(0.91985408030450344,1.974999999627471),(0.02500000037252903,1.974999999627471),(0.02500000037252903,0.)));
#5039=IFCINDEXEDPOLYCURVE(#5038,(IFCLINEINDEX((1,2,3,4,5,6,7,8,1))),$);
#5040=IFCARBITRARYCLOSEDPROFILEDEF(.AREA.,$,#5039);
#5041=IFCCARTESIANPOINT((0.,0.02500000037252903,0.));
#5042=IFCDIRECTION((0.,-1.,0.));
#5043=IFCDIRECTION((1.,0.,0.));
#5044=IFCAXIS2PLACEMENT3D(#5041,#5042,#5043);
#5045=IFCDIRECTION((0.,0.,-1.));
#5046=IFCEXTRUDEDAREASOLID(#5040,#5044,#5045,0.02500000037252903);
#5047=IFCCARTESIANPOINTLIST2D(((0.,0.),(0.,2.),(0.94485408067703247,2.),(0.94485408067703247,0.),(0.89485407993197441,0.),(0.89485407993197441,1.9499999992549419),(0.05000000074505806,1.9499999992549419),(0.05000000074505806,0.)));
#5048=IFCINDEXEDPOLYCURVE(#5047,(IFCLINEINDEX((1,2,3,4,5,6,7,8,1))),$);
#5049=IFCARBITRARYCLOSEDPROFILEDEF(.AREA.,$,#5048);
#5050=IFCCARTESIANPOINT((0.,0.,0.));
#5051=IFCDIRECTION((0.,-1.,0.));
#5052=IFCDIRECTION((1.,0.,0.));
#5053=IFCAXIS2PLACEMENT3D(#5050,#5051,#5052);
#5054=IFCDIRECTION((0.,0.,-1.));
#5055=IFCEXTRUDEDAREASOLID(#5049,#5053,#5054,0.02500000037252903);
#5056=IFCCARTESIANPOINTLIST2D(((0.,0.),(0.84485407918691635,0.),(0.84485407918691635,0.10000000149011612),(0.,0.10000000149011612)));
#5057=IFCINDEXEDPOLYCURVE(#5056,(IFCLINEINDEX((1,2,3,4,1))),$);
#5058=IFCARBITRARYCLOSEDPROFILEDEF(.AREA.,$,#5057);
#5059=IFCCARTESIANPOINT((0.05000000074505806,0.,0.));
#5060=IFCDIRECTION((0.,0.,1.));
#5061=IFCDIRECTION((1.,0.,0.));
#5062=IFCAXIS2PLACEMENT3D(#5059,#5060,#5061);
#5063=IFCDIRECTION((0.,0.,1.));
#5064=IFCEXTRUDEDAREASOLID(#5058,#5062,#5063,0.02500000037252903);
#5065=IFCCARTESIANPOINTLIST2D(((0.,0.),(0.,2.0250000022351742),(0.99485408514738083,2.0250000022351742),(0.99485408514738083,0.),(0.91985408216714859,0.),(0.91985408216714859,1.9499999992549419),(0.075000002980232239,1.9499999992549419),(0.075000002980232239,0.)));
#5066=IFCINDEXEDPOLYCURVE(#5065,(IFCLINEINDEX((1,2,3,4,5,6,7,8,1))),$);
#5067=IFCARBITRARYCLOSEDPROFILEDEF(.AREA.,$,#5066);
#5068=IFCCARTESIANPOINT((-0.025000002235174179,-0.004999999888241291,0.));
#5069=IFCDIRECTION((0.,-1.,0.));
#5070=IFCDIRECTION((1.,0.,0.));
#5071=IFCAXIS2PLACEMENT3D(#5068,#5069,#5070);
#5072=IFCDIRECTION((0.,0.,-1.));
#5073=IFCEXTRUDEDAREASOLID(#5067,#5071,#5072,0.004999999888241291);
#5074=IFCCARTESIANPOINTLIST2D(((0.,0.),(0.,2.0250000022351742),(0.99485408514738083,2.0250000022351742),(0.99485408514738083,0.),(0.94485408253967762,0.),(0.94485408253967762,1.974999999627471),(0.050000002607703209,1.974999999627471),(0.050000002607703209,0.)));
#5075=IFCINDEXEDPOLYCURVE(#5074,(IFCLINEINDEX((1,2,3,4,5,6,7,8,1))),$);
#5076=IFCARBITRARYCLOSEDPROFILEDEF(.AREA.,$,#5075);
#5077=IFCCARTESIANPOINT((-0.025000002235174179,0.05000000074505806,0.));
#5078=IFCDIRECTION((0.,-1.,0.));
#5079=IFCDIRECTION((1.,0.,0.));
#5080=IFCAXIS2PLACEMENT3D(#5077,#5078,#5079);
#5081=IFCDIRECTION((0.,0.,-1.));
#5082=IFCEXTRUDEDAREASOLID(#5076,#5080,#5081,0.004999999888241291);
#5083=IFCCARTESIANPOINTLIST2D(((0.,0.),(0.89485407993197441,0.),(0.89485407993197441,0.035000000149011612),(0.,0.035000000149011612)));
#5084=IFCINDEXEDPOLYCURVE(#5083,(IFCLINEINDEX((1,2,3,4,1))),$);
#5085=IFCARBITRARYCLOSEDPROFILEDEF(.AREA.,$,#5084);
#5086=IFCCARTESIANPOINT((0.02500000037252903,0.02500000037252903,0.02500000037252903));
#5087=IFCDIRECTION((0.,0.,1.));
#5088=IFCDIRECTION((1.,0.,0.));
#5089=IFCAXIS2PLACEMENT3D(#5086,#5087,#5088);
#5090=IFCDIRECTION((0.,0.,1.));
#5091=IFCEXTRUDEDAREASOLID(#5085,#5089,#5090,1.9499999992549419);
#5092=IFCCARTESIANPOINTLIST2D(((0.,0.),(0.,-0.040000000000000001),(-0.11999999999999988,-0.040000000000000001),(-0.11999999999999988,-0.02),(-0.020000000000000018,-0.02),(-0.020000000000000018,0.)));
#5093=IFCINDEXEDPOLYCURVE(#5092,(IFCLINEINDEX((1,2,3,4,5,6,1))),$);
#5094=IFCARBITRARYCLOSEDPROFILEDEF(.AREA.,$,#5093);
#5095=IFCCARTESIANPOINT((0.8698540803045034,0.02500000037252903,1.015000000372529));
#5096=IFCDIRECTION((0.,0.,1.));
#5097=IFCDIRECTION((1.,0.,0.));
#5098=IFCAXIS2PLACEMENT3D(#5095,#5096,#5097);
#5099=IFCDIRECTION((0.,0.,1.));
#5100=IFCEXTRUDEDAREASOLID(#5094,#5098,#5099,0.02);
#5101=IFCEXTRUDEDAREASOLID(#5102,#5105,#5109,0.02);
#5102=IFCARBITRARYCLOSEDPROFILEDEF(.AREA.,$,#5103);
#5103=IFCINDEXEDPOLYCURVE(#5104,(IFCLINEINDEX((1,2,3,4,5,6,1))),$);
#5104=IFCCARTESIANPOINTLIST2D(((0.,0.),(0.,0.040000000000000008),(-0.11999999999999988,0.040000000000000008),(-0.11999999999999988,0.020000000000000004),(-0.020000000000000018,0.020000000000000004),(-0.020000000000000018,0.)));
#5105=IFCAXIS2PLACEMENT3D(#5106,#5107,#5108);
#5106=IFCCARTESIANPOINT((0.8698540803045034,0.060000000521540642,1.015000000372529));
#5107=IFCDIRECTION((0.,0.,1.));
#5108=IFCDIRECTION((1.,0.,0.));
#5109=IFCDIRECTION((0.,0.,1.));
#5111=IFCSHAPEREPRESENTATION(#11,'Body','SweptSolid',(#5082,#10557,#5073,#5204,#10539,#5064,#5325,#5195,#5361,#5055,#10575,#5046,#5352,#5231,#5343,#10566,#5222,#5334,#5213,#10548));
#5112=IFCSHAPEASPECT((#5111),'Lining',$,.T.,#4979);
#5113=IFCSHAPEREPRESENTATION(#11,'Body','SweptSolid',(#5100,#5380,#10593,#10594,#5379,#5101,#5370,#5091,#5249,#10584,#5250,#5240));
#5114=IFCSHAPEASPECT((#5113),'Framing',$,.T.,#4979);
#5187=IFCCARTESIANPOINTLIST2D(((0.,0.),(0.,2.),(0.94485408067703247,2.),(0.94485408067703247,0.),(0.91985408030450344,0.),(0.91985408030450344,1.974999999627471),(0.02500000037252903,1.974999999627471),(0.02500000037252903,0.)));
#5188=IFCINDEXEDPOLYCURVE(#5187,(IFCLINEINDEX((1,2,3,4,5,6,7,8,1))),$);
#5189=IFCARBITRARYCLOSEDPROFILEDEF(.AREA.,$,#5188);
#5190=IFCCARTESIANPOINT((0.,0.02500000037252903,0.));
#5191=IFCDIRECTION((0.,-1.,0.));
#5192=IFCDIRECTION((1.,0.,0.));
#5193=IFCAXIS2PLACEMENT3D(#5190,#5191,#5192);
#5194=IFCDIRECTION((0.,0.,-1.));
#5195=IFCEXTRUDEDAREASOLID(#5189,#5193,#5194,0.02500000037252903);
#5196=IFCCARTESIANPOINTLIST2D(((0.,0.),(0.,2.),(0.94485408067703247,2.),(0.94485408067703247,0.),(0.89485407993197441,0.),(0.89485407993197441,1.9499999992549419),(0.05000000074505806,1.9499999992549419),(0.05000000074505806,0.)));
#5197=IFCINDEXEDPOLYCURVE(#5196,(IFCLINEINDEX((1,2,3,4,5,6,7,8,1))),$);
#5198=IFCARBITRARYCLOSEDPROFILEDEF(.AREA.,$,#5197);
#5199=IFCCARTESIANPOINT((0.,0.,0.));
#5200=IFCDIRECTION((0.,-1.,0.));
#5201=IFCDIRECTION((1.,0.,0.));
#5202=IFCAXIS2PLACEMENT3D(#5199,#5200,#5201);
#5203=IFCDIRECTION((0.,0.,-1.));
#5204=IFCEXTRUDEDAREASOLID(#5198,#5202,#5203,0.02500000037252903);
#5205=IFCCARTESIANPOINTLIST2D(((0.,0.),(0.84485407918691635,0.),(0.84485407918691635,0.10000000149011612),(0.,0.10000000149011612)));
#5206=IFCINDEXEDPOLYCURVE(#5205,(IFCLINEINDEX((1,2,3,4,1))),$);
#5207=IFCARBITRARYCLOSEDPROFILEDEF(.AREA.,$,#5206);
#5208=IFCCARTESIANPOINT((0.05000000074505806,0.,0.));
#5209=IFCDIRECTION((0.,0.,1.));
#5210=IFCDIRECTION((1.,0.,0.));
#5211=IFCAXIS2PLACEMENT3D(#5208,#5209,#5210);
#5212=IFCDIRECTION((0.,0.,1.));
#5213=IFCEXTRUDEDAREASOLID(#5207,#5211,#5212,0.02500000037252903);
#5214=IFCCARTESIANPOINTLIST2D(((0.,0.),(0.,2.0250000022351742),(0.99485408514738083,2.0250000022351742),(0.99485408514738083,0.),(0.91985408216714859,0.),(0.91985408216714859,1.9499999992549419),(0.075000002980232239,1.9499999992549419),(0.075000002980232239,0.)));
#5215=IFCINDEXEDPOLYCURVE(#5214,(IFCLINEINDEX((1,2,3,4,5,6,7,8,1))),$);
#5216=IFCARBITRARYCLOSEDPROFILEDEF(.AREA.,$,#5215);
#5217=IFCCARTESIANPOINT((-0.025000002235174179,-0.004999999888241291,0.));
#5218=IFCDIRECTION((0.,-1.,0.));
#5219=IFCDIRECTION((1.,0.,0.));
#5220=IFCAXIS2PLACEMENT3D(#5217,#5218,#5219);
#5221=IFCDIRECTION((0.,0.,-1.));
#5222=IFCEXTRUDEDAREASOLID(#5216,#5220,#5221,0.004999999888241291);
#5223=IFCCARTESIANPOINTLIST2D(((0.,0.),(0.,2.0250000022351742),(0.99485408514738083,2.0250000022351742),(0.99485408514738083,0.),(0.94485408253967762,0.),(0.94485408253967762,1.974999999627471),(0.050000002607703209,1.974999999627471),(0.050000002607703209,0.)));
#5224=IFCINDEXEDPOLYCURVE(#5223,(IFCLINEINDEX((1,2,3,4,5,6,7,8,1))),$);
#5225=IFCARBITRARYCLOSEDPROFILEDEF(.AREA.,$,#5224);
#5226=IFCCARTESIANPOINT((-0.025000002235174179,0.05000000074505806,0.));
#5227=IFCDIRECTION((0.,-1.,0.));
#5228=IFCDIRECTION((1.,0.,0.));
#5229=IFCAXIS2PLACEMENT3D(#5226,#5227,#5228);
#5230=IFCDIRECTION((0.,0.,-1.));
#5231=IFCEXTRUDEDAREASOLID(#5225,#5229,#5230,0.004999999888241291);
#5232=IFCCARTESIANPOINTLIST2D(((0.,0.),(0.89485407993197441,0.),(0.89485407993197441,0.035000000149011612),(0.,0.035000000149011612)));
#5233=IFCINDEXEDPOLYCURVE(#5232,(IFCLINEINDEX((1,2,3,4,1))),$);
#5234=IFCARBITRARYCLOSEDPROFILEDEF(.AREA.,$,#5233);
#5235=IFCCARTESIANPOINT((0.02500000037252903,0.02500000037252903,0.02500000037252903));
#5236=IFCDIRECTION((0.,0.,1.));
#5237=IFCDIRECTION((1.,0.,0.));
#5238=IFCAXIS2PLACEMENT3D(#5235,#5236,#5237);
#5239=IFCDIRECTION((0.,0.,1.));
#5240=IFCEXTRUDEDAREASOLID(#5234,#5238,#5239,1.9499999992549419);
#5241=IFCCARTESIANPOINTLIST2D(((0.,0.),(0.,-0.040000000000000001),(0.12,-0.040000000000000001),(0.12,-0.02),(0.02,-0.02),(0.02,0.)));
#5242=IFCINDEXEDPOLYCURVE(#5241,(IFCLINEINDEX((1,2,3,4,5,6,1))),$);
#5243=IFCARBITRARYCLOSEDPROFILEDEF(.AREA.,$,#5242);
#5244=IFCCARTESIANPOINT((0.075000000372529033,0.02500000037252903,1.015000000372529));
#5245=IFCDIRECTION((0.,0.,1.));
#5246=IFCDIRECTION((1.,0.,0.));
#5247=IFCAXIS2PLACEMENT3D(#5244,#5245,#5246);
#5248=IFCDIRECTION((0.,0.,1.));
#5249=IFCEXTRUDEDAREASOLID(#5243,#5247,#5248,0.02);
#5250=IFCEXTRUDEDAREASOLID(#5251,#5254,#5258,0.02);
#5251=IFCARBITRARYCLOSEDPROFILEDEF(.AREA.,$,#5252);
#5252=IFCINDEXEDPOLYCURVE(#5253,(IFCLINEINDEX((1,2,3,4,5,6,1))),$);
#5253=IFCCARTESIANPOINTLIST2D(((0.,0.),(0.,0.040000000000000008),(0.11999999999999998,0.040000000000000008),(0.11999999999999998,0.020000000000000004),(0.020000000000000004,0.020000000000000004),(0.020000000000000004,0.)));
#5254=IFCAXIS2PLACEMENT3D(#5255,#5256,#5257);
#5255=IFCCARTESIANPOINT((0.075000000372529033,0.060000000521540642,1.015000000372529));
#5256=IFCDIRECTION((0.,0.,1.));
#5257=IFCDIRECTION((1.,0.,0.));
#5258=IFCDIRECTION((0.,0.,1.));
#5317=IFCCARTESIANPOINTLIST2D(((0.,0.),(0.,2.),(0.94485408067703247,2.),(0.94485408067703247,0.),(0.91985408030450344,0.),(0.91985408030450344,1.974999999627471),(0.02500000037252903,1.974999999627471),(0.02500000037252903,0.)));
#5318=IFCINDEXEDPOLYCURVE(#5317,(IFCLINEINDEX((1,2,3,4,5,6,7,8,1))),$);
#5319=IFCARBITRARYCLOSEDPROFILEDEF(.AREA.,$,#5318);
#5320=IFCCARTESIANPOINT((0.,0.02500000037252903,0.));
#5321=IFCDIRECTION((0.,-1.,0.));
#5322=IFCDIRECTION((1.,0.,0.));
#5323=IFCAXIS2PLACEMENT3D(#5320,#5321,#5322);
#5324=IFCDIRECTION((0.,0.,-1.));
#5325=IFCEXTRUDEDAREASOLID(#5319,#5323,#5324,0.02500000037252903);
#5326=IFCCARTESIANPOINTLIST2D(((0.,0.),(0.,2.),(0.94485408067703247,2.),(0.94485408067703247,0.),(0.89485407993197441,0.),(0.89485407993197441,1.9499999992549419),(0.05000000074505806,1.9499999992549419),(0.05000000074505806,0.)));
#5327=IFCINDEXEDPOLYCURVE(#5326,(IFCLINEINDEX((1,2,3,4,5,6,7,8,1))),$);
#5328=IFCARBITRARYCLOSEDPROFILEDEF(.AREA.,$,#5327);
#5329=IFCCARTESIANPOINT((0.,0.,0.));
#5330=IFCDIRECTION((0.,-1.,0.));
#5331=IFCDIRECTION((1.,0.,0.));
#5332=IFCAXIS2PLACEMENT3D(#5329,#5330,#5331);
#5333=IFCDIRECTION((0.,0.,-1.));
#5334=IFCEXTRUDEDAREASOLID(#5328,#5332,#5333,0.02500000037252903);
#5335=IFCCARTESIANPOINTLIST2D(((0.,0.),(0.84485407918691635,0.),(0.84485407918691635,0.10000000149011612),(0.,0.10000000149011612)));
#5336=IFCINDEXEDPOLYCURVE(#5335,(IFCLINEINDEX((1,2,3,4,1))),$);
#5337=IFCARBITRARYCLOSEDPROFILEDEF(.AREA.,$,#5336);
#5338=IFCCARTESIANPOINT((0.05000000074505806,0.,0.));
#5339=IFCDIRECTION((0.,0.,1.));
#5340=IFCDIRECTION((1.,0.,0.));
#5341=IFCAXIS2PLACEMENT3D(#5338,#5339,#5340);
#5342=IFCDIRECTION((0.,0.,1.));
#5343=IFCEXTRUDEDAREASOLID(#5337,#5341,#5342,0.02500000037252903);
#5344=IFCCARTESIANPOINTLIST2D(((0.,0.),(0.,2.0250000022351742),(0.99485408514738083,2.0250000022351742),(0.99485408514738083,0.),(0.91985408216714859,0.),(0.91985408216714859,1.9499999992549419),(0.075000002980232239,1.9499999992549419),(0.075000002980232239,0.)));
#5345=IFCINDEXEDPOLYCURVE(#5344,(IFCLINEINDEX((1,2,3,4,5,6,7,8,1))),$);
#5346=IFCARBITRARYCLOSEDPROFILEDEF(.AREA.,$,#5345);
#5347=IFCCARTESIANPOINT((-0.025000002235174179,-0.004999999888241291,0.));
#5348=IFCDIRECTION((0.,-1.,0.));
#5349=IFCDIRECTION((1.,0.,0.));
#5350=IFCAXIS2PLACEMENT3D(#5347,#5348,#5349);
#5351=IFCDIRECTION((0.,0.,-1.));
#5352=IFCEXTRUDEDAREASOLID(#5346,#5350,#5351,0.004999999888241291);
#5353=IFCCARTESIANPOINTLIST2D(((0.,0.),(0.,2.0250000022351742),(0.99485408514738083,2.0250000022351742),(0.99485408514738083,0.),(0.94485408253967762,0.),(0.94485408253967762,1.974999999627471),(0.050000002607703209,1.974999999627471),(0.050000002607703209,0.)));
#5354=IFCINDEXEDPOLYCURVE(#5353,(IFCLINEINDEX((1,2,3,4,5,6,7,8,1))),$);
#5355=IFCARBITRARYCLOSEDPROFILEDEF(.AREA.,$,#5354);
#5356=IFCCARTESIANPOINT((-0.025000002235174179,0.05000000074505806,0.));
#5357=IFCDIRECTION((0.,-1.,0.));
#5358=IFCDIRECTION((1.,0.,0.));
#5359=IFCAXIS2PLACEMENT3D(#5356,#5357,#5358);
#5360=IFCDIRECTION((0.,0.,-1.));
#5361=IFCEXTRUDEDAREASOLID(#5355,#5359,#5360,0.004999999888241291);
#5362=IFCCARTESIANPOINTLIST2D(((0.,0.),(0.89485407993197441,0.),(0.89485407993197441,0.035000000149011612),(0.,0.035000000149011612)));
#5363=IFCINDEXEDPOLYCURVE(#5362,(IFCLINEINDEX((1,2,3,4,1))),$);
#5364=IFCARBITRARYCLOSEDPROFILEDEF(.AREA.,$,#5363);
#5365=IFCCARTESIANPOINT((0.02500000037252903,0.02500000037252903,0.02500000037252903));
#5366=IFCDIRECTION((0.,0.,1.));
#5367=IFCDIRECTION((1.,0.,0.));
#5368=IFCAXIS2PLACEMENT3D(#5365,#5366,#5367);
#5369=IFCDIRECTION((0.,0.,1.));
#5370=IFCEXTRUDEDAREASOLID(#5364,#5368,#5369,1.9499999992549419);
#5371=IFCCARTESIANPOINTLIST2D(((0.,0.),(0.,-0.040000000000000001),(-0.11999999999999988,-0.040000000000000001),(-0.11999999999999988,-0.02),(-0.020000000000000018,-0.02),(-0.020000000000000018,0.)));
#5372=IFCINDEXEDPOLYCURVE(#5371,(IFCLINEINDEX((1,2,3,4,5,6,1))),$);
#5373=IFCARBITRARYCLOSEDPROFILEDEF(.AREA.,$,#5372);
#5374=IFCCARTESIANPOINT((0.8698540803045034,0.02500000037252903,1.015000000372529));
#5375=IFCDIRECTION((0.,0.,1.));
#5376=IFCDIRECTION((1.,0.,0.));
#5377=IFCAXIS2PLACEMENT3D(#5374,#5375,#5376);
#5378=IFCDIRECTION((0.,0.,1.));
#5379=IFCEXTRUDEDAREASOLID(#5373,#5377,#5378,0.02);
#5380=IFCEXTRUDEDAREASOLID(#5381,#5384,#5388,0.02);
#5381=IFCARBITRARYCLOSEDPROFILEDEF(.AREA.,$,#5382);
#5382=IFCINDEXEDPOLYCURVE(#5383,(IFCLINEINDEX((1,2,3,4,5,6,1))),$);
#5383=IFCCARTESIANPOINTLIST2D(((0.,0.),(0.,0.040000000000000008),(-0.11999999999999988,0.040000000000000008),(-0.11999999999999988,0.020000000000000004),(-0.020000000000000018,0.020000000000000004),(-0.020000000000000018,0.)));
#5384=IFCAXIS2PLACEMENT3D(#5385,#5386,#5387);
#5385=IFCCARTESIANPOINT((0.8698540803045034,0.060000000521540642,1.015000000372529));
#5386=IFCDIRECTION((0.,0.,1.));
#5387=IFCDIRECTION((1.,0.,0.));
#5388=IFCDIRECTION((0.,0.,1.));
#5444=IFCWINDOW('2UMeDAIbj6MgFjN$03TI9Y',$,'Window',$,$,#5617,#5453,$,0.89999997615814209,0.80960237979888916,$,.SINGLE_PANEL.,$);
#5445=IFCRELDEFINESBYTYPE('1WdXX0s3LDuu03MRMf1IGB',$,$,$,(#5444),#2660);
#5446=IFCCARTESIANPOINT((0.,0.,0.));
#5447=IFCDIRECTION((1.,0.,0.));
#5448=IFCDIRECTION((0.,1.,0.));
#5449=IFCDIRECTION((0.,0.,1.));
#5450=IFCCARTESIANTRANSFORMATIONOPERATOR3D(#5447,#5448,#5446,1.,#5449);
#5451=IFCMAPPEDITEM(#2670,#5450);
#5452=IFCSHAPEREPRESENTATION(#18,'Profile','MappedRepresentation',(#5451));
#5453=IFCPRODUCTDEFINITIONSHAPE($,$,(#5452,#5460,#5467));
#5454=IFCCARTESIANPOINT((0.,0.,0.));
#5455=IFCDIRECTION((1.,0.,0.));
#5456=IFCDIRECTION((0.,1.,0.));
#5457=IFCDIRECTION((0.,0.,1.));
#5458=IFCCARTESIANTRANSFORMATIONOPERATOR3D(#5455,#5456,#5454,1.,#5457);
#5459=IFCMAPPEDITEM(#2718,#5458);
#5460=IFCSHAPEREPRESENTATION(#11,'Body','MappedRepresentation',(#5459));
#5461=IFCCARTESIANPOINT((0.,0.,0.));
#5462=IFCDIRECTION((1.,0.,0.));
#5463=IFCDIRECTION((0.,1.,0.));
#5464=IFCDIRECTION((0.,0.,1.));
#5465=IFCCARTESIANTRANSFORMATIONOPERATOR3D(#5462,#5463,#5461,1.,#5464);
#5466=IFCMAPPEDITEM(#2740,#5465);
#5467=IFCSHAPEREPRESENTATION(#24,'Body','MappedRepresentation',(#5466));
#5468=IFCOPENINGELEMENT('0qWmXbkdrFbP8V_oc$2aic',$,'Opening',$,$,#5612,#5496,$,.OPENING.);
#5484=IFCCARTESIANPOINT((0.,0.,0.));
#5485=IFCDIRECTION((1.,0.,0.));
#5486=IFCDIRECTION((0.,0.,1.));
#5487=IFCAXIS2PLACEMENT3D(#5484,#5486,#5485);
#5488=IFCREPRESENTATIONMAP(#5487,#5602);
#5489=IFCCARTESIANPOINT((0.,0.,0.));
#5490=IFCDIRECTION((1.,0.,0.));
#5491=IFCDIRECTION((0.,1.,0.));
#5492=IFCDIRECTION((0.,0.,1.));
#5493=IFCCARTESIANTRANSFORMATIONOPERATOR3D(#5490,#5491,#5489,1.,#5492);
#5494=IFCMAPPEDITEM(#5488,#5493);
#5495=IFCSHAPEREPRESENTATION(#11,'Body','MappedRepresentation',(#5494));
#5496=IFCPRODUCTDEFINITIONSHAPE($,$,(#5495));
#5497=IFCRELVOIDSELEMENT('2oowXUBU9FFe3igqymetpF',$,$,$,#4874,#5468);
#5503=IFCRELFILLSELEMENT('2OyB7WIb1B0wOTUfmstDjw',$,$,$,#5468,#5444);
#5524=IFCCARTESIANPOINTLIST3D(((0.,0.,0.),(0.80960237979888916,0.,0.),(0.80960237979888916,0.,0.89999997615814209),(0.,0.,0.89999997615814209)));
#5525=IFCINDEXEDPOLYCURVE(#5524,(IFCLINEINDEX((1,2,3,4,1))),$);
#5526=IFCSHAPEREPRESENTATION(#18,'Profile','Curve3D',(#5525));
#5527=IFCCARTESIANPOINTLIST2D(((0.,0.),(0.80960237979888916,0.),(0.80960237979888916,0.89999997615814209),(0.,0.89999997615814209)));
#5528=IFCINDEXEDPOLYCURVE(#5527,(IFCLINEINDEX((1,2,3,4,1))),$);
#5529=IFCCARTESIANPOINTLIST2D(((0.02500000037252903,0.02500000037252903),(0.78460237942636013,0.02500000037252903),(0.78460237942636013,0.87499997578561306),(0.02500000037252903,0.87499997578561306)));
#5530=IFCINDEXEDPOLYCURVE(#5529,(IFCLINEINDEX((1,2,3,4,1))),$);
#5531=IFCARBITRARYPROFILEDEFWITHVOIDS(.AREA.,$,#5528,(#5530));
#5532=IFCCARTESIANPOINT((0.,0.090000001713633537,0.));
#5533=IFCDIRECTION((0.,-1.,0.));
#5534=IFCDIRECTION((1.,0.,0.));
#5535=IFCAXIS2PLACEMENT3D(#5532,#5533,#5534);
#5536=IFCDIRECTION((0.,0.,-1.));
#5537=IFCEXTRUDEDAREASOLID(#5531,#5535,#5536,0.0099999997764825821);
#5538=IFCCARTESIANPOINTLIST2D(((0.,0.),(0.80960237979888916,0.),(0.80960237979888916,0.89999997615814209),(0.,0.89999997615814209)));
#5539=IFCINDEXEDPOLYCURVE(#5538,(IFCLINEINDEX((1,2,3,4,1))),$);
#5540=IFCCARTESIANPOINTLIST2D(((0.05000000074505806,0.05000000074505806),(0.7596023790538311,0.05000000074505806),(0.7596023790538311,0.84999997541308403),(0.05000000074505806,0.84999997541308403)));
#5541=IFCINDEXEDPOLYCURVE(#5540,(IFCLINEINDEX((1,2,3,4,1))),$);
#5542=IFCARBITRARYPROFILEDEFWITHVOIDS(.AREA.,$,#5539,(#5541));
#5543=IFCCARTESIANPOINT((0.,0.05000000074505806,0.));
#5544=IFCDIRECTION((0.,-1.,0.));
#5545=IFCDIRECTION((1.,0.,0.));
#5546=IFCAXIS2PLACEMENT3D(#5543,#5544,#5545);
#5547=IFCDIRECTION((0.,0.,-1.));
#5548=IFCEXTRUDEDAREASOLID(#5542,#5546,#5547,0.040000000968575478);
#5549=IFCCARTESIANPOINTLIST2D(((0.,0.),(0.7596023790538311,0.),(0.7596023790538311,0.84999997541308403),(0.,0.84999997541308403)));
#5550=IFCINDEXEDPOLYCURVE(#5549,(IFCLINEINDEX((1,2,3,4,1))),$);
#5551=IFCCARTESIANPOINTLIST2D(((0.035000000149011612,0.035000000149011612),(0.72460237890481949,0.035000000149011612),(0.72460237890481949,0.81499997526407242),(0.035000000149011612,0.81499997526407242)));
#5552=IFCINDEXEDPOLYCURVE(#5551,(IFCLINEINDEX((1,2,3,4,1))),$);
#5553=IFCARBITRARYPROFILEDEFWITHVOIDS(.AREA.,$,#5550,(#5552));
#5554=IFCCARTESIANPOINT((0.02500000037252903,0.090000001713633537,0.02500000037252903));
#5555=IFCDIRECTION((0.,-1.,0.));
#5556=IFCDIRECTION((1.,0.,0.));
#5557=IFCAXIS2PLACEMENT3D(#5554,#5555,#5556);
#5558=IFCDIRECTION((0.,0.,-1.));
#5559=IFCEXTRUDEDAREASOLID(#5553,#5557,#5558,0.035000000149011612);
#5560=IFCINDEXEDPOLYCURVE(#5561,(IFCLINEINDEX((1,2,3,4,1))),$);
#5561=IFCCARTESIANPOINTLIST2D(((0.035000000149011612,0.035000000149011612),(0.72460237890481949,0.035000000149011612),(0.72460237890481949,0.81499997526407242),(0.035000000149011612,0.81499997526407242)));
#5562=IFCARBITRARYCLOSEDPROFILEDEF(.AREA.,$,#5560);
#5563=IFCCARTESIANPOINT((0.02500000037252903,0.10250000178813934,0.02500000037252903));
#5564=IFCDIRECTION((0.,-1.,0.));
#5565=IFCDIRECTION((1.,0.,0.));
#5566=IFCAXIS2PLACEMENT3D(#5563,#5564,#5565);
#5567=IFCDIRECTION((0.,0.,-1.));
#5568=IFCEXTRUDEDAREASOLID(#5562,#5566,#5567,0.01);
#5569=IFCSHAPEREPRESENTATION(#11,'Body','SweptSolid',(#5537,#5548,#5559,#5568));
#5570=IFCSHAPEREPRESENTATION(#11,'Body','SweptSolid',(#5537,#5548));
#5571=IFCSHAPEASPECT((#5570),'Lining',$,.T.,#5453);
#5572=IFCSHAPEREPRESENTATION(#11,'Body','SweptSolid',(#5559));
#5573=IFCSHAPEASPECT((#5572),'Framing',$,.T.,#5453);
#5574=IFCSHAPEREPRESENTATION(#11,'Body','SweptSolid',(#5568));
#5575=IFCSHAPEASPECT((#5574),'Glazing',$,.T.,#5453);
#5576=IFCCARTESIANPOINTLIST2D(((0.05000000074505806,0.05000000074505806),(0.7596023790538311,0.05000000074505806)));
#5577=IFCINDEXEDPOLYCURVE(#5576,$,$);
#5578=IFCCARTESIANPOINTLIST2D(((0.,0.10000000149011612),(0.02500000037252903,0.10000000149011612),(0.02500000037252903,0.090000001713633537),(0.05000000074505806,0.090000001713633537),(0.05000000074505806,0.05000000074505806),(0.,0.05000000074505806)));
#5579=IFCINDEXEDPOLYCURVE(#5578,(IFCLINEINDEX((1,2,3,4,5,6,1))),$);
#5580=IFCCARTESIANPOINTLIST2D(((0.80960237979888916,0.10000000149011612),(0.78460237942636013,0.10000000149011612),(0.78460237942636013,0.090000001713633537),(0.7596023790538311,0.090000001713633537),(0.7596023790538311,0.05000000074505806),(0.80960237979888916,0.05000000074505806)));
#5581=IFCINDEXEDPOLYCURVE(#5580,(IFCLINEINDEX((1,2,3,4,5,6,1))),$);
#5582=IFCCARTESIANPOINTLIST2D(((0.02500000037252903,0.090000001713633537),(0.060000000521540642,0.090000001713633537),(0.060000000521540642,0.12500000186264515),(0.02500000037252903,0.12500000186264515)));
#5583=IFCINDEXEDPOLYCURVE(#5582,(IFCLINEINDEX((1,2,3,4,1))),$);
#5584=IFCINDEXEDPOLYCURVE(#5585,(IFCLINEINDEX((1,2,3,4,1))),$);
#5585=IFCCARTESIANPOINTLIST2D(((0.78460237942636013,0.090000001713633537),(0.74960237927734852,0.090000001713633537),(0.74960237927734852,0.12500000186264515),(0.78460237942636013,0.12500000186264515)));
#5586=IFCCARTESIANPOINTLIST2D(((0.060000000521540642,0.090000001713633537),(0.74960237927734852,0.090000001713633537)));
#5587=IFCINDEXEDPOLYCURVE(#5586,$,$);
#5588=IFCINDEXEDPOLYCURVE(#5589,$,$);
#5589=IFCCARTESIANPOINTLIST2D(((0.060000000521540642,0.12500000186264515),(0.74960237927734852,0.12500000186264515)));
#5590=IFCINDEXEDPOLYCURVE(#5591,$,$);
#5591=IFCCARTESIANPOINTLIST2D(((0.060000000521540642,0.10750000178813934),(0.74960237927734852,0.10750000178813934)));
#5592=IFCSHAPEREPRESENTATION(#24,'Body','Curve2D',(#5577,#5579,#5581,#5583,#5584,#5587,#5588,#5590));
#5593=IFCCARTESIANPOINTLIST2D(((0.,0.),(0.80960237979888916,0.),(0.80960237979888916,0.89999997615814209),(0.,0.89999997615814209)));
#5594=IFCINDEXEDPOLYCURVE(#5593,(IFCLINEINDEX((1,2,3,4,1))),$);
#5595=IFCARBITRARYCLOSEDPROFILEDEF(.AREA.,$,#5594);
#5596=IFCCARTESIANPOINT((0.,-0.60000002384185791,0.));
#5597=IFCDIRECTION((0.,-1.,0.));
#5598=IFCDIRECTION((1.,0.,0.));
#5599=IFCAXIS2PLACEMENT3D(#5596,#5597,#5598);
#5600=IFCDIRECTION((0.,0.,-1.));
#5601=IFCEXTRUDEDAREASOLID(#5595,#5599,#5600,1.2);
#5602=IFCSHAPEREPRESENTATION(#11,'Body','SweptSolid',(#5601));
#5608=IFCCARTESIANPOINT((1.7554827824863761,2.384185791015625E-07,1.));
#5609=IFCDIRECTION((0.,0.,1.));
#5610=IFCDIRECTION((0.99999999999997158,-2.3841857910155572E-07,0.));
#5611=IFCAXIS2PLACEMENT3D(#5608,#5609,#5610);
#5612=IFCLOCALPLACEMENT(#4930,#5611);
#5613=IFCCARTESIANPOINT((-4.4408920985006262E-16,0.,0.));
#5614=IFCDIRECTION((0.,0.,1.));
#5615=IFCDIRECTION((1.,0.,0.));
#5616=IFCAXIS2PLACEMENT3D(#5613,#5614,#5615);
#5617=IFCLOCALPLACEMENT(#5612,#5616);
#5648=IFCCARTESIANPOINT((-8.8817841970012523E-16,0.,0.));
#5649=IFCDIRECTION((0.,0.,1.));
#5650=IFCDIRECTION((1.,0.,0.));
#5651=IFCAXIS2PLACEMENT3D(#5648,#5649,#5650);
#5652=IFCLOCALPLACEMENT(#4201,#5651);
#5653=IFCCARTESIANPOINT((-1.1102230246251565E-16,0.,0.));
#5654=IFCDIRECTION((0.,0.,1.));
#5655=IFCDIRECTION((1.,2.1175823681357508E-22,0.));
#5656=IFCAXIS2PLACEMENT3D(#5653,#5654,#5655);
#5657=IFCLOCALPLACEMENT(#4487,#5656);
#6231=IFCWALL('18YjVsPmzEZO12Va3peVbt',$,'Wall',$,$,#9038,#6237,$,$);
#6232=IFCMATERIALLAYERSETUSAGE(#82,.AXIS2.,.POSITIVE.,0.,$);
#6233=IFCRELASSOCIATESMATERIAL('0YTEG6VCnDoA1bt83isbZm',$,$,$,(#6231),#6232);
#6237=IFCPRODUCTDEFINITIONSHAPE($,$,(#7128,#7125));
#6253=IFCPROPERTYSET('3Z5p6yabH7LOsGsByAEWu4',$,'EPset_Parametric',$,(#6255));
#6254=IFCRELDEFINESBYPROPERTIES('2t8O7TRzr1Ovy8MdHRVrM$',$,$,$,(#6231),#6253);
#6255=IFCPROPERTYSINGLEVALUE('Engine',$,IFCLABEL('Bonsai.DumbLayer2'),$);
#6281=IFCWALL('0WcTGjomrBEv8hV2TxLmpW',$,'Wall',$,$,#9053,#6287,$,$);
#6282=IFCMATERIALLAYERSETUSAGE(#82,.AXIS2.,.POSITIVE.,0.,$);
#6283=IFCRELASSOCIATESMATERIAL('3ducYc$E9AFg4lWZ52WGmc',$,$,$,(#6281),#6282);
#6287=IFCPRODUCTDEFINITIONSHAPE($,$,(#7109,#7106));
#6303=IFCPROPERTYSET('3t1hixHXTF2OZkuba8Dlxq',$,'EPset_Parametric',$,(#6305));
#6304=IFCRELDEFINESBYPROPERTIES('0_MGFAZWr4yf3f6O0FARJM',$,$,$,(#6281),#6303);
#6305=IFCPROPERTYSINGLEVALUE('Engine',$,IFCLABEL('Bonsai.DumbLayer2'),$);
#6306=IFCWALL('2ZwaYBCFP5Vx_TZOjYPxcj',$,'Wall',$,$,#9013,#6312,$,$);
#6307=IFCMATERIALLAYERSETUSAGE(#82,.AXIS2.,.POSITIVE.,0.,$);
#6308=IFCRELASSOCIATESMATERIAL('1Izn8B0QXCPBd6ZtpBK96X',$,$,$,(#6306),#6307);
#6312=IFCPRODUCTDEFINITIONSHAPE($,$,(#7476,#7473));
#6328=IFCPROPERTYSET('0YJdA7PtT7y9ANFxsx83Eu',$,'EPset_Parametric',$,(#6330));
#6329=IFCRELDEFINESBYPROPERTIES('3Lzxw5iBD1$h8DH3eRmK9Z',$,$,$,(#6306),#6328);
#6330=IFCPROPERTYSINGLEVALUE('Engine',$,IFCLABEL('Bonsai.DumbLayer2'),$);
#6331=IFCWALL('1cNjQ1_Kf4YuXKWpYkte7P',$,'Wall',$,$,#9018,#6337,$,$);
#6332=IFCMATERIALLAYERSETUSAGE(#82,.AXIS2.,.POSITIVE.,0.,$);
#6333=IFCRELASSOCIATESMATERIAL('3K1Szc8jjEHwOl6DjprW7U',$,$,$,(#6331),#6332);
#6337=IFCPRODUCTDEFINITIONSHAPE($,$,(#7739,#7736));
#6353=IFCPROPERTYSET('0EYNskC_D8yg6m5jzBf4Ir',$,'EPset_Parametric',$,(#6355));
#6354=IFCRELDEFINESBYPROPERTIES('0tZrZ8AaT7RQTneiS6q9Va',$,$,$,(#6331),#6353);
#6355=IFCPROPERTYSINGLEVALUE('Engine',$,IFCLABEL('Bonsai.DumbLayer2'),$);
#6381=IFCWALL('1tfv$96f1BdvXl4D1dg3$4',$,'Wall',$,$,#9078,#6387,$,$);
#6382=IFCMATERIALLAYERSETUSAGE(#82,.AXIS2.,.POSITIVE.,0.,$);
#6383=IFCRELASSOCIATESMATERIAL('3LcRQA8QXFJ9G7AN4RkSfD',$,$,$,(#6381),#6382);
#6387=IFCPRODUCTDEFINITIONSHAPE($,$,(#7603,#7600));
#6403=IFCPROPERTYSET('1EzwEt57HF7gwn_WL7Offd',$,'EPset_Parametric',$,(#6405));
#6404=IFCRELDEFINESBYPROPERTIES('30Av4CV1HBK8fzxgyg72jB',$,$,$,(#6381),#6403);
#6405=IFCPROPERTYSINGLEVALUE('Engine',$,IFCLABEL('Bonsai.DumbLayer2'),$);
#6406=IFCWALL('0iNItYTmXDGfH_U9Ju2psi',$,'Wall',$,$,#9023,#6412,$,$);
#6407=IFCMATERIALLAYERSETUSAGE(#82,.AXIS2.,.POSITIVE.,0.,$);
#6408=IFCRELASSOCIATESMATERIAL('22GKBt3Qb5OgZyLzCjovtp',$,$,$,(#6406),#6407);
#6412=IFCPRODUCTDEFINITIONSHAPE($,$,(#6861,#6858));
#6428=IFCPROPERTYSET('2rGVRArc56BBFxrMWnoRAR',$,'EPset_Parametric',$,(#6430));
#6429=IFCRELDEFINESBYPROPERTIES('3MOD56B953sednVtrAFBKD',$,$,$,(#6406),#6428);
#6430=IFCPROPERTYSINGLEVALUE('Engine',$,IFCLABEL('Bonsai.DumbLayer2'),$);
#6431=IFCWALL('2$06rq7Lv2y9zsLrtij59I',$,'Wall',$,$,#9028,#6437,$,$);
#6432=IFCMATERIALLAYERSETUSAGE(#82,.AXIS2.,.POSITIVE.,0.,$);
#6433=IFCRELASSOCIATESMATERIAL('1J3Oek18X9a9edjDB9NWVY',$,$,$,(#6431),#6432);
#6437=IFCPRODUCTDEFINITIONSHAPE($,$,(#6893,#6890));
#6453=IFCPROPERTYSET('2RuwnOiGzEzQxAcu2tt6Ti',$,'EPset_Parametric',$,(#6455));
#6454=IFCRELDEFINESBYPROPERTIES('2QKbKwtzv4jg5CGt2LJNP2',$,$,$,(#6431),#6453);
#6455=IFCPROPERTYSINGLEVALUE('Engine',$,IFCLABEL('Bonsai.DumbLayer2'),$);
#6456=IFCWALL('2OczfsB_HBqh669_4lSiUY',$,'Wall',$,$,#9033,#6462,$,$);
#6457=IFCMATERIALLAYERSETUSAGE(#82,.AXIS2.,.POSITIVE.,0.,$);
#6458=IFCRELASSOCIATESMATERIAL('1nxk1RU2f7eRTwH_VCwgQw',$,$,$,(#6456),#6457);
#6462=IFCPRODUCTDEFINITIONSHAPE($,$,(#6907,#6904));
#6478=IFCPROPERTYSET('1NYfJWpsj0xPn682_U7tTE',$,'EPset_Parametric',$,(#6480));
#6479=IFCRELDEFINESBYPROPERTIES('03QZgODqL88RQpyyRdAw9u',$,$,$,(#6456),#6478);
#6480=IFCPROPERTYSINGLEVALUE('Engine',$,IFCLABEL('Bonsai.DumbLayer2'),$);
#6670=IFCRELCONNECTSPATHELEMENTS('3fRCH$Gu904u_g2t0W$Vun',$,$,$,$,#6306,#6281,(),(),.ATEND.,.ATSTART.);
#6702=IFCRELCONNECTSPATHELEMENTS('11dKAp6pv3vumZJoDVqm6X',$,$,$,$,#6331,#6306,(),(),.ATEND.,.ATSTART.);
#6798=IFCRELCONNECTSPATHELEMENTS('209zXt98n3NRQvc2WVrfS5',$,$,$,$,#6406,#6381,(),(),.ATEND.,.ATSTART.);
#6830=IFCRELCONNECTSPATHELEMENTS('19GBcZZYP5OwZBrIZDFYaQ',$,$,$,$,#6431,#6406,(),(),.ATEND.,.ATSTART.);
#6849=IFCCARTESIANPOINTLIST2D(((0.,0.),(-0.10000004013393446,0.10000000000000001),(0.81000021497397789,0.10000000000000001),(0.91000023126604768,0.)));
#6850=IFCINDEXEDPOLYCURVE(#6849,(IFCLINEINDEX((1,2,3,4,1))),$);
#6851=IFCARBITRARYCLOSEDPROFILEDEF(.AREA.,$,#6850);
#6852=IFCCARTESIANPOINT((0.,0.,0.));
#6853=IFCDIRECTION((0.,0.,1.));
#6854=IFCDIRECTION((1.,0.,0.));
#6855=IFCAXIS2PLACEMENT3D(#6852,#6853,#6854);
#6856=IFCDIRECTION((0.,0.,1.));
#6857=IFCEXTRUDEDAREASOLID(#6851,#6855,#6856,3.);
#6858=IFCSHAPEREPRESENTATION(#11,'Body','SweptSolid',(#6857));
#6859=IFCCARTESIANPOINTLIST2D(((0.,0.),(0.91000023126604768,0.)));
#6860=IFCINDEXEDPOLYCURVE(#6859,$,$);
#6861=IFCSHAPEREPRESENTATION(#23,'Axis','Curve2D',(#6860));
#6862=IFCRELCONNECTSPATHELEMENTS('3$RvpauWL4AA070vHL8bXF',$,$,$,$,#6456,#6431,(),(),.ATEND.,.ATSTART.);
#6881=IFCCARTESIANPOINTLIST2D(((0.,0.),(0.10000001629206984,0.10000000000000001),(2.3000099071274946,0.10000000000000001),(2.4000098995777046,0.)));
#6882=IFCINDEXEDPOLYCURVE(#6881,(IFCLINEINDEX((1,2,3,4,1))),$);
#6883=IFCARBITRARYCLOSEDPROFILEDEF(.AREA.,$,#6882);
#6884=IFCCARTESIANPOINT((0.,0.,0.));
#6885=IFCDIRECTION((0.,0.,1.));
#6886=IFCDIRECTION((1.,0.,0.));
#6887=IFCAXIS2PLACEMENT3D(#6884,#6885,#6886);
#6888=IFCDIRECTION((0.,0.,1.));
#6889=IFCEXTRUDEDAREASOLID(#6883,#6887,#6888,3.);
#6890=IFCSHAPEREPRESENTATION(#11,'Body','SweptSolid',(#6889));
#6891=IFCCARTESIANPOINTLIST2D(((0.,0.),(2.4000098995777046,0.)));
#6892=IFCINDEXEDPOLYCURVE(#6891,$,$);
#6893=IFCSHAPEREPRESENTATION(#23,'Axis','Curve2D',(#6892));
#6894=IFCRELCONNECTSPATHELEMENTS('2IvYuOhTn26e9LLIn_gBWU',$,$,$,$,#6456,#6231,(),(),.ATSTART.,.ATEND.);
#6895=IFCCARTESIANPOINTLIST2D(((0.,0.),(0.099999992450210157,0.10000000000000001),(9.5251926434044059,0.10000000000000001),(9.6251926422119176,0.)));
#6896=IFCINDEXEDPOLYCURVE(#6895,(IFCLINEINDEX((1,2,3,4,1))),$);
#6897=IFCARBITRARYCLOSEDPROFILEDEF(.AREA.,$,#6896);
#6898=IFCCARTESIANPOINT((0.,0.,0.));
#6899=IFCDIRECTION((0.,0.,1.));
#6900=IFCDIRECTION((1.,0.,0.));
#6901=IFCAXIS2PLACEMENT3D(#6898,#6899,#6900);
#6902=IFCDIRECTION((0.,0.,1.));
#6903=IFCEXTRUDEDAREASOLID(#6897,#6901,#6902,3.);
#6904=IFCSHAPEREPRESENTATION(#11,'Body','SweptSolid',(#6903));
#6905=IFCCARTESIANPOINTLIST2D(((0.,0.),(9.6251926422119176,0.)));
#6906=IFCINDEXEDPOLYCURVE(#6905,$,$);
#6907=IFCSHAPEREPRESENTATION(#23,'Axis','Curve2D',(#6906));
#6926=IFCSLAB('3hQQY4sAzD8ODI0VI4TpHa',$,'Slab',$,$,#9043,#6940,$,$);
#6927=IFCMATERIALLAYERSETUSAGE(#1232,.AXIS3.,.POSITIVE.,-0.10000000149011612,$);
#6928=IFCRELASSOCIATESMATERIAL('1XPKZJV611Pxh2Xa2pwwrW',$,$,$,(#6926),#6927);
#6934=IFCCARTESIANPOINTLIST2D(((0.,0.),(-4.0200004577636719,4.76837158203125E-07),(-4.0200004577636719,-0.97000026702880859),(-7.5200004577636719,-0.96999883651733398),(-7.5200014114379883,-9.6252269744873047),(-6.198883056640625E-05,-9.6252260208129883),(0.,0.)));
#6935=IFCINDEXEDPOLYCURVE(#6934,$,$);
#6936=IFCDIRECTION((0.,0.,1.));
#6937=IFCARBITRARYCLOSEDPROFILEDEF(.AREA.,$,#6935);
#6938=IFCEXTRUDEDAREASOLID(#6937,#6947,#6936,0.10000000000000001);
#6939=IFCSHAPEREPRESENTATION(#11,'Body','SweptSolid',(#6938));
#6940=IFCPRODUCTDEFINITIONSHAPE($,$,(#6939));
#6941=IFCPROPERTYSET('1OfvWQV2H1MO779n$5xZOt',$,'EPset_Parametric',$,(#6943));
#6942=IFCRELDEFINESBYPROPERTIES('20fiulp7vDUxvhU5QkWLKt',$,$,$,(#6926),#6941);
#6943=IFCPROPERTYSINGLEVALUE('Engine',$,IFCLABEL('Bonsai.DumbLayer3'),$);
#6944=IFCCARTESIANPOINT((-0.,-0.,-0.10000000149011612));
#6945=IFCDIRECTION((0.,0.,1.));
#6946=IFCDIRECTION((1.,0.,0.));
#6947=IFCAXIS2PLACEMENT3D(#6944,#6945,#6946);
#6973=IFCWALL('3V8JR6kTTAYRx8YqY4VAls',$,'Wall',$,$,#9048,#6979,$,$);
#6974=IFCMATERIALLAYERSETUSAGE(#82,.AXIS2.,.POSITIVE.,0.,$);
#6975=IFCRELASSOCIATESMATERIAL('3H2gY45SL5Bfh4eCia7ZGy',$,$,$,(#6973),#6974);
#6979=IFCPRODUCTDEFINITIONSHAPE($,$,(#7141,#7138));
#6995=IFCPROPERTYSET('0TGoBjlYHEIeKA8MOm0EJX',$,'EPset_Parametric',$,(#6997));
#6996=IFCRELDEFINESBYPROPERTIES('0gotglupfB1upFAwYbMJJV',$,$,$,(#6973),#6995);
#6997=IFCPROPERTYSINGLEVALUE('Engine',$,IFCLABEL('Bonsai.DumbLayer2'),$);
#7083=IFCRELCONNECTSPATHELEMENTS('3ivp0Ef$b7yhUF35rQgzLY',$,$,$,$,#6973,#6281,(),(),.ATSTART.,.ATSTART.);
#7097=IFCCARTESIANPOINTLIST2D(((0.10000000000000493,0.),(-3.1391646615475111E-08,0.10000000000000001),(3.5600000468895736,0.10000000000000001),(3.6600000933808108,0.)));
#7098=IFCINDEXEDPOLYCURVE(#7097,(IFCLINEINDEX((1,2,3,4,1))),$);
#7099=IFCARBITRARYCLOSEDPROFILEDEF(.AREA.,$,#7098);
#7100=IFCCARTESIANPOINT((0.,0.,0.));
#7101=IFCDIRECTION((0.,0.,1.));
#7102=IFCDIRECTION((1.,0.,0.));
#7103=IFCAXIS2PLACEMENT3D(#7100,#7101,#7102);
#7104=IFCDIRECTION((0.,0.,1.));
#7105=IFCEXTRUDEDAREASOLID(#7099,#7103,#7104,3.);
#7106=IFCSHAPEREPRESENTATION(#11,'Body','SweptSolid',(#7105));
#7107=IFCCARTESIANPOINTLIST2D(((0.,0.),(3.6600000933808108,0.)));
#7108=IFCINDEXEDPOLYCURVE(#7107,$,$);
#7109=IFCSHAPEREPRESENTATION(#23,'Axis','Curve2D',(#7108));
#7115=IFCRELCONNECTSPATHELEMENTS('197YtfkE5DpPt0iC4QpWk9',$,$,$,$,#6231,#6973,(),(),.ATEND.,.ATEND.);
#7116=IFCCARTESIANPOINTLIST2D(((0.,0.),(0.09999999880751248,0.10000000000000001),(3.860000062965228,0.10000000000000001),(3.9600000641577151,0.)));
#7117=IFCINDEXEDPOLYCURVE(#7116,(IFCLINEINDEX((1,2,3,4,1))),$);
#7118=IFCARBITRARYCLOSEDPROFILEDEF(.AREA.,$,#7117);
#7119=IFCCARTESIANPOINT((0.,0.,0.));
#7120=IFCDIRECTION((0.,0.,1.));
#7121=IFCDIRECTION((1.,0.,0.));
#7122=IFCAXIS2PLACEMENT3D(#7119,#7120,#7121);
#7123=IFCDIRECTION((0.,0.,1.));
#7124=IFCEXTRUDEDAREASOLID(#7118,#7122,#7123,3.);
#7125=IFCSHAPEREPRESENTATION(#11,'Body','SweptSolid',(#7124));
#7126=IFCCARTESIANPOINTLIST2D(((0.,0.),(3.8600000641577155,0.)));
#7127=IFCINDEXEDPOLYCURVE(#7126,$,$);
#7128=IFCSHAPEREPRESENTATION(#23,'Axis','Curve2D',(#7127));
#7129=IFCCARTESIANPOINTLIST2D(((-0.10000000000000495,0.),(3.1391646615474191E-08,0.10000000000000001),(0.97000066797950635,0.10000000000000001),(0.87000066678701882,0.)));
#7130=IFCINDEXEDPOLYCURVE(#7129,(IFCLINEINDEX((1,2,3,4,1))),$);
#7131=IFCARBITRARYCLOSEDPROFILEDEF(.AREA.,$,#7130);
#7132=IFCCARTESIANPOINT((0.,0.,0.));
#7133=IFCDIRECTION((0.,0.,1.));
#7134=IFCDIRECTION((1.,0.,0.));
#7135=IFCAXIS2PLACEMENT3D(#7132,#7133,#7134);
#7136=IFCDIRECTION((0.,0.,1.));
#7137=IFCEXTRUDEDAREASOLID(#7131,#7135,#7136,3.);
#7138=IFCSHAPEREPRESENTATION(#11,'Body','SweptSolid',(#7137));
#7139=IFCCARTESIANPOINTLIST2D(((0.,0.),(0.97000066678701879,0.)));
#7140=IFCINDEXEDPOLYCURVE(#7139,$,$);
#7141=IFCSHAPEREPRESENTATION(#23,'Axis','Curve2D',(#7140));
#7244=IFCWALL('1hMdQAFDnEQ80$yY4lRoVw',$,'Wall',$,$,#9058,#7250,$,$);
#7245=IFCMATERIALLAYERSETUSAGE(#82,.AXIS2.,.POSITIVE.,0.,$);
#7246=IFCRELASSOCIATESMATERIAL('0eFbYt$lLFsOkaehGwcTv5',$,$,$,(#7244),#7245);
#7250=IFCPRODUCTDEFINITIONSHAPE($,$,(#7346,#7343));
#7266=IFCPROPERTYSET('3yy5cpO4H9IRQWfmc506bO',$,'EPset_Parametric',$,(#7268));
#7267=IFCRELDEFINESBYPROPERTIES('3wG9X7wab9Uugg3JbZAP_J',$,$,$,(#7244),#7266);
#7268=IFCPROPERTYSINGLEVALUE('Engine',$,IFCLABEL('Bonsai.DumbLayer2'),$);
#7269=IFCWALL('2xvmrrUzT1BP4V3t4KYIPy',$,'Wall',$,$,#9063,#7275,$,$);
#7270=IFCMATERIALLAYERSETUSAGE(#82,.AXIS2.,.POSITIVE.,0.,$);
#7271=IFCRELASSOCIATESMATERIAL('3bwLaVl1f1nR45VdJ$KUoD',$,$,$,(#7269),#7270);
#7275=IFCPRODUCTDEFINITIONSHAPE($,$,(#7333,#7330));
#7291=IFCPROPERTYSET('2AA_zzjfb1Pu5n4ATjYcB$',$,'EPset_Parametric',$,(#7293));
#7292=IFCRELDEFINESBYPROPERTIES('0UECBYfxj5086_CD6LxMQZ',$,$,$,(#7269),#7291);
#7293=IFCPROPERTYSINGLEVALUE('Engine',$,IFCLABEL('Bonsai.DumbLayer2'),$);
#7320=IFCRELCONNECTSPATHELEMENTS('0vzcAXHgvBmuUoWOuU1kRD',$,$,$,$,#7269,#7244,(),(),.ATEND.,.ATSTART.);
#7321=IFCCARTESIANPOINTLIST2D(((0.,0.),(0.10000002821300073,0.10000000000000001),(3.8673905694154285,0.10000000000000001),(3.8673905694154285,0.)));
#7322=IFCINDEXEDPOLYCURVE(#7321,(IFCLINEINDEX((1,2,3,4,1))),$);
#7323=IFCARBITRARYCLOSEDPROFILEDEF(.AREA.,$,#7322);
#7324=IFCCARTESIANPOINT((0.,0.,0.));
#7325=IFCDIRECTION((0.,0.,1.));
#7326=IFCDIRECTION((1.,0.,0.));
#7327=IFCAXIS2PLACEMENT3D(#7324,#7325,#7326);
#7328=IFCDIRECTION((0.,0.,1.));
#7329=IFCEXTRUDEDAREASOLID(#7323,#7327,#7328,3.);
#7330=IFCSHAPEREPRESENTATION(#11,'Body','SweptSolid',(#7329));
#7331=IFCCARTESIANPOINTLIST2D(((0.,0.),(3.8673905694154285,0.)));
#7332=IFCINDEXEDPOLYCURVE(#7331,$,$);
#7333=IFCSHAPEREPRESENTATION(#23,'Axis','Curve2D',(#7332));
#7334=IFCCARTESIANPOINTLIST2D(((0.,0.),(0.,0.10000000000000001),(0.44765841523792621,0.10000000000000001),(0.54765844345092696,0.)));
#7335=IFCINDEXEDPOLYCURVE(#7334,(IFCLINEINDEX((1,2,3,4,1))),$);
#7336=IFCARBITRARYCLOSEDPROFILEDEF(.AREA.,$,#7335);
#7337=IFCCARTESIANPOINT((0.,0.,0.));
#7338=IFCDIRECTION((0.,0.,1.));
#7339=IFCDIRECTION((1.,0.,0.));
#7340=IFCAXIS2PLACEMENT3D(#7337,#7338,#7339);
#7341=IFCDIRECTION((0.,0.,1.));
#7342=IFCEXTRUDEDAREASOLID(#7336,#7340,#7341,3.);
#7343=IFCSHAPEREPRESENTATION(#11,'Body','SweptSolid',(#7342));
#7344=IFCCARTESIANPOINTLIST2D(((0.,0.),(0.54765844345092696,0.)));
#7345=IFCINDEXEDPOLYCURVE(#7344,$,$);
#7346=IFCSHAPEREPRESENTATION(#23,'Axis','Curve2D',(#7345));
#7347=IFCWALL('1MVeR4HHbE$hy0L_zD$$H2',$,'Wall',$,$,#9068,#7353,$,$);
#7348=IFCMATERIALLAYERSETUSAGE(#82,.AXIS2.,.POSITIVE.,0.,$);
#7349=IFCRELASSOCIATESMATERIAL('2UqUNkq5P3nA8lz0d5mhu7',$,$,$,(#7347),#7348);
#7353=IFCPRODUCTDEFINITIONSHAPE($,$,(#7449,#7446));
#7369=IFCPROPERTYSET('2MSkanOXrEBuiugXegUV2B',$,'EPset_Parametric',$,(#7371));
#7370=IFCRELDEFINESBYPROPERTIES('3vsz66A4f4OP8tv11VCBXU',$,$,$,(#7347),#7369);
#7371=IFCPROPERTYSINGLEVALUE('Engine',$,IFCLABEL('Bonsai.DumbLayer2'),$);
#7372=IFCWALL('1FjAN$z95A7RBgBldK2sTa',$,'Wall',$,$,#9073,#7378,$,$);
#7373=IFCMATERIALLAYERSETUSAGE(#82,.AXIS2.,.POSITIVE.,0.,$);
#7374=IFCRELASSOCIATESMATERIAL('1y7dunMaj1VwGAOtlDALHc',$,$,$,(#7372),#7373);
#7378=IFCPRODUCTDEFINITIONSHAPE($,$,(#7463,#7460));
#7394=IFCPROPERTYSET('1Fa_6HnFnCa8eOkNV1ygWd',$,'EPset_Parametric',$,(#7396));
#7395=IFCRELDEFINESBYPROPERTIES('1y2eT04GXBOeyXWI3z_WF_',$,$,$,(#7372),#7394);
#7396=IFCPROPERTYSINGLEVALUE('Engine',$,IFCLABEL('Bonsai.DumbLayer2'),$);
#7423=IFCRELCONNECTSPATHELEMENTS('09H9yetbn3hxlJGphEr9Zp',$,$,$,$,#7372,#7347,(),(),.ATEND.,.ATSTART.);
#7437=IFCCARTESIANPOINTLIST2D(((0.,0.),(0.,0.10000000000000001),(2.3599999829134739,0.10000000000000001),(2.2599999904632635,0.)));
#7438=IFCINDEXEDPOLYCURVE(#7437,(IFCLINEINDEX((1,2,3,4,1))),$);
#7439=IFCARBITRARYCLOSEDPROFILEDEF(.AREA.,$,#7438);
#7440=IFCCARTESIANPOINT((0.,0.,0.));
#7441=IFCDIRECTION((0.,0.,1.));
#7442=IFCDIRECTION((1.,0.,0.));
#7443=IFCAXIS2PLACEMENT3D(#7440,#7441,#7442);
#7444=IFCDIRECTION((0.,0.,1.));
#7445=IFCEXTRUDEDAREASOLID(#7439,#7443,#7444,3.);
#7446=IFCSHAPEREPRESENTATION(#11,'Body','SweptSolid',(#7445));
#7447=IFCCARTESIANPOINTLIST2D(((0.,0.),(2.2599999904632635,0.)));
#7448=IFCINDEXEDPOLYCURVE(#7447,$,$);
#7449=IFCSHAPEREPRESENTATION(#23,'Axis','Curve2D',(#7448));
#7450=IFCRELCONNECTSPATHELEMENTS('3fjlNVmYHE2P48ih6xlauF',$,$,$,$,#7372,#6306,(),(),.ATPATH.,.ATEND.);
#7451=IFCCARTESIANPOINTLIST2D(((0.,0.),(-0.099999992450210171,0.10000000000000001),(3.4525722388214413,0.10000000000000001),(3.4525722312716511,0.)));
#7452=IFCINDEXEDPOLYCURVE(#7451,(IFCLINEINDEX((1,2,3,4,1))),$);
#7453=IFCARBITRARYCLOSEDPROFILEDEF(.AREA.,$,#7452);
#7454=IFCCARTESIANPOINT((0.,0.,0.));
#7455=IFCDIRECTION((0.,0.,1.));
#7456=IFCDIRECTION((1.,0.,0.));
#7457=IFCAXIS2PLACEMENT3D(#7454,#7455,#7456);
#7458=IFCDIRECTION((0.,0.,1.));
#7459=IFCEXTRUDEDAREASOLID(#7453,#7457,#7458,3.);
#7460=IFCSHAPEREPRESENTATION(#11,'Body','SweptSolid',(#7459));
#7461=IFCCARTESIANPOINTLIST2D(((0.,0.),(3.5525722312716517,0.)));
#7462=IFCINDEXEDPOLYCURVE(#7461,$,$);
#7463=IFCSHAPEREPRESENTATION(#23,'Axis','Curve2D',(#7462));
#7464=IFCCARTESIANPOINTLIST2D(((0.,0.),(0.10000004649123768,0.10000000000000001),(7.0600007410750765,0.10000000000000001),(7.1600007335252869,0.)));
#7465=IFCINDEXEDPOLYCURVE(#7464,(IFCLINEINDEX((1,2,3,4,1))),$);
#7466=IFCARBITRARYCLOSEDPROFILEDEF(.AREA.,$,#7465);
#7467=IFCCARTESIANPOINT((0.,0.,0.));
#7468=IFCDIRECTION((0.,0.,1.));
#7469=IFCDIRECTION((1.,0.,0.));
#7470=IFCAXIS2PLACEMENT3D(#7467,#7468,#7469);
#7471=IFCDIRECTION((0.,0.,1.));
#7472=IFCEXTRUDEDAREASOLID(#7466,#7470,#7471,3.);
#7473=IFCSHAPEREPRESENTATION(#11,'Body','SweptSolid',(#7472));
#7474=IFCCARTESIANPOINTLIST2D(((0.,0.),(7.1600007335252869,0.)));
#7475=IFCINDEXEDPOLYCURVE(#7474,$,$);
#7476=IFCSHAPEREPRESENTATION(#23,'Axis','Curve2D',(#7475));
#7509=IFCWALL('2gjL0oS_L3AfYkoh05g6Ml',$,'Wall',$,$,#9088,#7515,$,$);
#7510=IFCMATERIALLAYERSETUSAGE(#82,.AXIS2.,.POSITIVE.,0.,$);
#7511=IFCRELASSOCIATESMATERIAL('0nWzmWpND7owD5Vu$vhMnr',$,$,$,(#7509),#7510);
#7515=IFCPRODUCTDEFINITIONSHAPE($,$,(#7726,#7723));
#7531=IFCPROPERTYSET('0xSRnvaFXBzhdJbEoeqiNN',$,'EPset_Parametric',$,(#7533));
#7532=IFCRELDEFINESBYPROPERTIES('1$j1m_1LX1xvUrkXa5vqGw',$,$,$,(#7509),#7531);
#7533=IFCPROPERTYSINGLEVALUE('Engine',$,IFCLABEL('Bonsai.DumbLayer2'),$);
#7547=IFCWALL('1KVALzsYbChAx8euKLwMuN',$,'Wall',$,$,#9083,#7553,$,$);
#7548=IFCMATERIALLAYERSETUSAGE(#82,.AXIS2.,.POSITIVE.,0.,$);
#7549=IFCRELASSOCIATESMATERIAL('3$eJLUqlT2juUxpId93LxQ',$,$,$,(#7547),#7548);
#7553=IFCPRODUCTDEFINITIONSHAPE($,$,(#7699,#7696));
#7569=IFCPROPERTYSET('0anphjTWv7teFwZ989oOpR',$,'EPset_Parametric',$,(#7571));
#7570=IFCRELDEFINESBYPROPERTIES('314gel8E98aAlavXIuYZm3',$,$,$,(#7547),#7569);
#7571=IFCPROPERTYSINGLEVALUE('Engine',$,IFCLABEL('Bonsai.DumbLayer2'),$);
#7590=IFCRELCONNECTSPATHELEMENTS('2VkrvR_QX2ae2Pu5V5U0H6',$,$,$,$,#6381,#7547,(),(),.ATEND.,.ATSTART.);
#7591=IFCCARTESIANPOINTLIST2D(((0.,0.),(0.099376271759415907,0.10000000000000001),(1.6637473062310906,0.10000000000000001),(1.5637472660971563,0.)));
#7592=IFCINDEXEDPOLYCURVE(#7591,(IFCLINEINDEX((1,2,3,4,1))),$);
#7593=IFCARBITRARYCLOSEDPROFILEDEF(.AREA.,$,#7592);
#7594=IFCCARTESIANPOINT((0.,0.,0.));
#7595=IFCDIRECTION((0.,0.,1.));
#7596=IFCDIRECTION((1.,0.,0.));
#7597=IFCAXIS2PLACEMENT3D(#7594,#7595,#7596);
#7598=IFCDIRECTION((0.,0.,1.));
#7599=IFCEXTRUDEDAREASOLID(#7593,#7597,#7598,3.);
#7600=IFCSHAPEREPRESENTATION(#11,'Body','SweptSolid',(#7599));
#7601=IFCCARTESIANPOINTLIST2D(((0.,0.),(1.5637472660971563,0.)));
#7602=IFCINDEXEDPOLYCURVE(#7601,$,$);
#7603=IFCSHAPEREPRESENTATION(#23,'Axis','Curve2D',(#7602));
#7686=IFCRELCONNECTSPATHELEMENTS('3dmhi$fvPF1e$JNu0FDhO3',$,$,$,$,#7547,#6331,(),(),.ATEND.,.ATSTART.);
#7687=IFCCARTESIANPOINTLIST2D(((0.,0.),(-0.099376248065805417,0.10000000000000001),(0.48582832981415541,0.10000000000000001),(0.58520460157357124,0.)));
#7688=IFCINDEXEDPOLYCURVE(#7687,(IFCLINEINDEX((1,2,3,4,1))),$);
#7689=IFCARBITRARYCLOSEDPROFILEDEF(.AREA.,$,#7688);
#7690=IFCCARTESIANPOINT((0.,0.,0.));
#7691=IFCDIRECTION((0.,0.,1.));
#7692=IFCDIRECTION((1.,0.,0.));
#7693=IFCAXIS2PLACEMENT3D(#7690,#7691,#7692);
#7694=IFCDIRECTION((0.,0.,1.));
#7695=IFCEXTRUDEDAREASOLID(#7689,#7693,#7694,3.);
#7696=IFCSHAPEREPRESENTATION(#11,'Body','SweptSolid',(#7695));
#7697=IFCCARTESIANPOINTLIST2D(((0.,0.),(0.58520460157357124,0.)));
#7698=IFCINDEXEDPOLYCURVE(#7697,$,$);
#7699=IFCSHAPEREPRESENTATION(#23,'Axis','Curve2D',(#7698));
#7713=IFCRELCONNECTSPATHELEMENTS('0rmO1xLPf8e9FTHuc_KRLR',$,$,$,$,#7509,#6331,(),(),.ATPATH.,.ATEND.);
#7714=IFCCARTESIANPOINTLIST2D(((0.,0.),(0.,0.10000000000000001),(4.0523411349454319,0.10000000000000001),(4.0523411273956418,0.)));
#7715=IFCINDEXEDPOLYCURVE(#7714,(IFCLINEINDEX((1,2,3,4,1))),$);
#7716=IFCARBITRARYCLOSEDPROFILEDEF(.AREA.,$,#7715);
#7717=IFCCARTESIANPOINT((0.,0.,0.));
#7718=IFCDIRECTION((0.,0.,1.));
#7719=IFCDIRECTION((1.,0.,0.));
#7720=IFCAXIS2PLACEMENT3D(#7717,#7718,#7719);
#7721=IFCDIRECTION((0.,0.,1.));
#7722=IFCEXTRUDEDAREASOLID(#7716,#7720,#7721,3.);
#7723=IFCSHAPEREPRESENTATION(#11,'Body','SweptSolid',(#7722));
#7724=IFCCARTESIANPOINTLIST2D(((0.,0.),(4.1523411273956414,0.)));
#7725=IFCINDEXEDPOLYCURVE(#7724,$,$);
#7726=IFCSHAPEREPRESENTATION(#23,'Axis','Curve2D',(#7725));
#7727=IFCCARTESIANPOINTLIST2D(((0.,0.),(0.099999992450210171,0.10000000000000001),(3.6519565852001743,0.10000000000000001),(3.5525803371343692,0.)));
#7728=IFCINDEXEDPOLYCURVE(#7727,(IFCLINEINDEX((1,2,3,4,1))),$);
#7729=IFCARBITRARYCLOSEDPROFILEDEF(.AREA.,$,#7728);
#7730=IFCCARTESIANPOINT((0.,0.,0.));
#7731=IFCDIRECTION((0.,0.,1.));
#7732=IFCDIRECTION((1.,0.,0.));
#7733=IFCAXIS2PLACEMENT3D(#7730,#7731,#7732);
#7734=IFCDIRECTION((0.,0.,1.));
#7735=IFCEXTRUDEDAREASOLID(#7729,#7733,#7734,3.);
#7736=IFCSHAPEREPRESENTATION(#11,'Body','SweptSolid',(#7735));
#7737=IFCCARTESIANPOINTLIST2D(((0.,0.),(3.5525803371343692,0.)));
#7738=IFCINDEXEDPOLYCURVE(#7737,$,$);
#7739=IFCSHAPEREPRESENTATION(#23,'Axis','Curve2D',(#7738));
#7778=IFCWALL('3Hzi_SAk50ehmU3LKu1ZZG',$,'Wall',$,$,#9093,#7784,$,$);
#7779=IFCMATERIALLAYERSETUSAGE(#82,.AXIS2.,.POSITIVE.,0.,$);
#7780=IFCRELASSOCIATESMATERIAL('3f1OaeWIn34uVjiqkTGWRk',$,$,$,(#7778),#7779);
#7784=IFCPRODUCTDEFINITIONSHAPE($,$,(#7815,#7812));
#7800=IFCPROPERTYSET('24S5v0b0vFh9J1UeWODgQp',$,'EPset_Parametric',$,(#7802));
#7801=IFCRELDEFINESBYPROPERTIES('0SQ85ff$D55uXNOceBZFgZ',$,$,$,(#7778),#7800);
#7802=IFCPROPERTYSINGLEVALUE('Engine',$,IFCLABEL('Bonsai.DumbLayer2'),$);
#7803=IFCCARTESIANPOINTLIST2D(((0.,0.),(0.,0.10000000000000001),(3.7675120583729336,0.10000000000000001),(3.7675120583729336,0.)));
#7804=IFCINDEXEDPOLYCURVE(#7803,(IFCLINEINDEX((1,2,3,4,1))),$);
#7805=IFCARBITRARYCLOSEDPROFILEDEF(.AREA.,$,#7804);
#7806=IFCCARTESIANPOINT((0.,0.,0.));
#7807=IFCDIRECTION((0.,0.,1.));
#7808=IFCDIRECTION((1.,0.,0.));
#7809=IFCAXIS2PLACEMENT3D(#7806,#7807,#7808);
#7810=IFCDIRECTION((0.,0.,1.));
#7811=IFCEXTRUDEDAREASOLID(#7805,#7809,#7810,3.);
#7812=IFCSHAPEREPRESENTATION(#11,'Body','SweptSolid',(#7811));
#7813=IFCCARTESIANPOINTLIST2D(((0.,0.),(3.7675120583729336,0.)));
#7814=IFCINDEXEDPOLYCURVE(#7813,$,$);
#7815=IFCSHAPEREPRESENTATION(#23,'Axis','Curve2D',(#7814));
#7816=IFCDOORTYPE('3MkMnG7B9BAB$$VZUDmyD6',$,'Master-2F',$,$,(#7817),(#7819,#7827,#7905),$,$,.DOOR.,.SINGLE_SWING_LEFT.,$,$);
#7817=IFCPROPERTYSET('3nOZqZ3bj5yxjIJcbwj22J',$,'BBIM_Door',$,(#7818));
#7818=IFCPROPERTYSINGLEVALUE('Data',$,IFCTEXT('{"door_type": "SINGLE_SWING_LEFT", "overall_height": 2.0, "overall_width": 0.894845724105835, "lining_properties": {"lining_depth": 0.05000000074505806, "lining_thickness": 0.05000000074505806, "lining_offset": 0.0, "lining_to_panel_offset_x": 0.02500000037252903, "lining_to_panel_offset_y": 0.02500000037252903, "transom_thickness": 0.0, "casing_thickness": 0.07500000298023224, "casing_depth": 0.004999999888241291, "threshold_thickness": 0.02500000037252903, "threshold_depth": 0.10000000149011612, "threshold_offset": 0.0}, "panel_properties": {"panel_depth": 0.03500000014901161, "panel_width_ratio": 1.0}}'),$);
#7819=IFCREPRESENTATIONMAP(#7820,#9268);
#7820=IFCAXIS2PLACEMENT3D(#7821,#7822,#7823);
#7821=IFCCARTESIANPOINT((0.,0.,0.));
#7822=IFCDIRECTION((0.,0.,1.));
#7823=IFCDIRECTION((1.,0.,0.));
#7827=IFCREPRESENTATIONMAP(#7828,#9341);
#7828=IFCAXIS2PLACEMENT3D(#7829,#7830,#7831);
#7829=IFCCARTESIANPOINT((0.,0.,0.));
#7830=IFCDIRECTION((0.,0.,1.));
#7831=IFCDIRECTION((1.,0.,0.));
#7905=IFCREPRESENTATIONMAP(#7906,#9359);
#7906=IFCAXIS2PLACEMENT3D(#7907,#7908,#7909);
#7907=IFCCARTESIANPOINT((0.,0.,0.));
#7908=IFCDIRECTION((0.,0.,1.));
#7909=IFCDIRECTION((1.,0.,0.));
#7924=IFCDOOR('32T$cXg5XBev3htFJJUONm',$,'Door',$,$,#9399,#7933,$,2.,0.89484572410583496,$,.SINGLE_SWING_RIGHT.,$);
#7925=IFCRELDEFINESBYTYPE('0em5dRsC19$AglimzX0Oco',$,$,$,(#9202,#7924),#7816);
#7926=IFCCARTESIANPOINT((0.,0.,0.));
#7927=IFCDIRECTION((1.,0.,0.));
#7928=IFCDIRECTION((0.,1.,0.));
#7929=IFCDIRECTION((0.,0.,1.));
#7930=IFCCARTESIANTRANSFORMATIONOPERATOR3D(#7927,#7928,#7926,1.,#7929);
#7931=IFCMAPPEDITEM(#7819,#7930);
#7932=IFCSHAPEREPRESENTATION(#18,'Profile','MappedRepresentation',(#7931));
#7933=IFCPRODUCTDEFINITIONSHAPE($,$,(#7932,#7940,#7947));
#7934=IFCCARTESIANPOINT((0.,0.,0.));
#7935=IFCDIRECTION((1.,0.,0.));
#7936=IFCDIRECTION((0.,1.,0.));
#7937=IFCDIRECTION((0.,0.,1.));
#7938=IFCCARTESIANTRANSFORMATIONOPERATOR3D(#7935,#7936,#7934,1.,#7937);
#7939=IFCMAPPEDITEM(#7827,#7938);
#7940=IFCSHAPEREPRESENTATION(#11,'Body','MappedRepresentation',(#7939));
#7941=IFCCARTESIANPOINT((0.,0.,0.));
#7942=IFCDIRECTION((1.,0.,0.));
#7943=IFCDIRECTION((0.,1.,0.));
#7944=IFCDIRECTION((0.,0.,1.));
#7945=IFCCARTESIANTRANSFORMATIONOPERATOR3D(#7942,#7943,#7941,1.,#7944);
#7946=IFCMAPPEDITEM(#7905,#7945);
#7947=IFCSHAPEREPRESENTATION(#24,'Body','MappedRepresentation',(#7946));
#7948=IFCOPENINGELEMENT('3MtIB6HKz6k9fo3x$wX41n',$,'Opening',$,$,#9394,#7976,$,.OPENING.);
#7964=IFCCARTESIANPOINT((0.,0.,0.));
#7965=IFCDIRECTION((1.,0.,0.));
#7966=IFCDIRECTION((0.,0.,1.));
#7967=IFCAXIS2PLACEMENT3D(#7964,#7966,#7965);
#7968=IFCREPRESENTATIONMAP(#7967,#9369);
#7969=IFCCARTESIANPOINT((0.,0.,0.));
#7970=IFCDIRECTION((1.,0.,0.));
#7971=IFCDIRECTION((0.,1.,0.));
#7972=IFCDIRECTION((0.,0.,1.));
#7973=IFCCARTESIANTRANSFORMATIONOPERATOR3D(#7970,#7971,#7969,1.,#7972);
#7974=IFCMAPPEDITEM(#7968,#7973);
#7975=IFCSHAPEREPRESENTATION(#11,'Body','MappedRepresentation',(#7974));
#7976=IFCPRODUCTDEFINITIONSHAPE($,$,(#7975));
#7977=IFCRELVOIDSELEMENT('2qJX9gs4v3BOrgtXkzqEap',$,$,$,#7509,#7948);
#7983=IFCRELFILLSELEMENT('0jz8jSj5P4yAh1HjPwx$y_',$,$,$,#7948,#7924);
#7992=IFCCARTESIANPOINTLIST2D(((0.,0.),(0.,2.),(0.86094182729721069,2.),(0.86094182729721069,0.),(0.83594182692468166,0.),(0.83594182692468166,1.974999999627471),(0.02500000037252903,1.974999999627471),(0.02500000037252903,0.)));
#7993=IFCINDEXEDPOLYCURVE(#7992,(IFCLINEINDEX((1,2,3,4,5,6,7,8,1))),$);
#7994=IFCARBITRARYCLOSEDPROFILEDEF(.AREA.,$,#7993);
#7995=IFCCARTESIANPOINT((0.,0.02500000037252903,0.));
#7996=IFCDIRECTION((0.,-1.,0.));
#7997=IFCDIRECTION((1.,0.,0.));
#7998=IFCAXIS2PLACEMENT3D(#7995,#7996,#7997);
#7999=IFCDIRECTION((0.,0.,-1.));
#8000=IFCEXTRUDEDAREASOLID(#7994,#7998,#7999,0.02500000037252903);
#8001=IFCCARTESIANPOINTLIST2D(((0.,0.),(0.,2.),(0.86094182729721069,2.),(0.86094182729721069,0.),(0.81094182655215263,0.),(0.81094182655215263,1.9499999992549419),(0.05000000074505806,1.9499999992549419),(0.05000000074505806,0.)));
#8002=IFCINDEXEDPOLYCURVE(#8001,(IFCLINEINDEX((1,2,3,4,5,6,7,8,1))),$);
#8003=IFCARBITRARYCLOSEDPROFILEDEF(.AREA.,$,#8002);
#8004=IFCCARTESIANPOINT((0.,0.,0.));
#8005=IFCDIRECTION((0.,-1.,0.));
#8006=IFCDIRECTION((1.,0.,0.));
#8007=IFCAXIS2PLACEMENT3D(#8004,#8005,#8006);
#8008=IFCDIRECTION((0.,0.,-1.));
#8009=IFCEXTRUDEDAREASOLID(#8003,#8007,#8008,0.02500000037252903);
#8010=IFCCARTESIANPOINTLIST2D(((0.,0.),(0.76094182580709457,0.),(0.76094182580709457,0.10000000149011612),(0.,0.10000000149011612)));
#8011=IFCINDEXEDPOLYCURVE(#8010,(IFCLINEINDEX((1,2,3,4,1))),$);
#8012=IFCARBITRARYCLOSEDPROFILEDEF(.AREA.,$,#8011);
#8013=IFCCARTESIANPOINT((0.05000000074505806,0.,0.));
#8014=IFCDIRECTION((0.,0.,1.));
#8015=IFCDIRECTION((1.,0.,0.));
#8016=IFCAXIS2PLACEMENT3D(#8013,#8014,#8015);
#8017=IFCDIRECTION((0.,0.,1.));
#8018=IFCEXTRUDEDAREASOLID(#8012,#8016,#8017,0.02500000037252903);
#8019=IFCCARTESIANPOINTLIST2D(((0.,0.),(0.,2.0250000022351742),(0.91094183176755905,2.0250000022351742),(0.91094183176755905,0.),(0.83594182878732681,0.),(0.83594182878732681,1.9499999992549419),(0.075000002980232239,1.9499999992549419),(0.075000002980232239,0.)));
#8020=IFCINDEXEDPOLYCURVE(#8019,(IFCLINEINDEX((1,2,3,4,5,6,7,8,1))),$);
#8021=IFCARBITRARYCLOSEDPROFILEDEF(.AREA.,$,#8020);
#8022=IFCCARTESIANPOINT((-0.025000002235174179,-0.004999999888241291,0.));
#8023=IFCDIRECTION((0.,-1.,0.));
#8024=IFCDIRECTION((1.,0.,0.));
#8025=IFCAXIS2PLACEMENT3D(#8022,#8023,#8024);
#8026=IFCDIRECTION((0.,0.,-1.));
#8027=IFCEXTRUDEDAREASOLID(#8021,#8025,#8026,0.004999999888241291);
#8028=IFCCARTESIANPOINTLIST2D(((0.,0.),(0.,2.0250000022351742),(0.91094183176755905,2.0250000022351742),(0.91094183176755905,0.),(0.86094182915985584,0.),(0.86094182915985584,1.974999999627471),(0.050000002607703209,1.974999999627471),(0.050000002607703209,0.)));
#8029=IFCINDEXEDPOLYCURVE(#8028,(IFCLINEINDEX((1,2,3,4,5,6,7,8,1))),$);
#8030=IFCARBITRARYCLOSEDPROFILEDEF(.AREA.,$,#8029);
#8031=IFCCARTESIANPOINT((-0.025000002235174179,0.05000000074505806,0.));
#8032=IFCDIRECTION((0.,-1.,0.));
#8033=IFCDIRECTION((1.,0.,0.));
#8034=IFCAXIS2PLACEMENT3D(#8031,#8032,#8033);
#8035=IFCDIRECTION((0.,0.,-1.));
#8036=IFCEXTRUDEDAREASOLID(#8030,#8034,#8035,0.004999999888241291);
#8037=IFCCARTESIANPOINTLIST2D(((0.,0.),(0.81094182655215263,0.),(0.81094182655215263,0.035000000149011612),(0.,0.035000000149011612)));
#8038=IFCINDEXEDPOLYCURVE(#8037,(IFCLINEINDEX((1,2,3,4,1))),$);
#8039=IFCARBITRARYCLOSEDPROFILEDEF(.AREA.,$,#8038);
#8040=IFCCARTESIANPOINT((0.02500000037252903,0.02500000037252903,0.02500000037252903));
#8041=IFCDIRECTION((0.,0.,1.));
#8042=IFCDIRECTION((1.,0.,0.));
#8043=IFCAXIS2PLACEMENT3D(#8040,#8041,#8042);
#8044=IFCDIRECTION((0.,0.,1.));
#8045=IFCEXTRUDEDAREASOLID(#8039,#8043,#8044,1.9499999992549419);
#8046=IFCCARTESIANPOINTLIST2D(((0.,0.),(0.,-0.040000000000000001),(0.12,-0.040000000000000001),(0.12,-0.02),(0.02,-0.02),(0.02,0.)));
#8047=IFCINDEXEDPOLYCURVE(#8046,(IFCLINEINDEX((1,2,3,4,5,6,1))),$);
#8048=IFCARBITRARYCLOSEDPROFILEDEF(.AREA.,$,#8047);
#8049=IFCCARTESIANPOINT((0.075000000372529033,0.02500000037252903,1.015000000372529));
#8050=IFCDIRECTION((0.,0.,1.));
#8051=IFCDIRECTION((1.,0.,0.));
#8052=IFCAXIS2PLACEMENT3D(#8049,#8050,#8051);
#8053=IFCDIRECTION((0.,0.,1.));
#8054=IFCEXTRUDEDAREASOLID(#8048,#8052,#8053,0.02);
#8055=IFCEXTRUDEDAREASOLID(#8056,#8059,#8063,0.02);
#8056=IFCARBITRARYCLOSEDPROFILEDEF(.AREA.,$,#8057);
#8057=IFCINDEXEDPOLYCURVE(#8058,(IFCLINEINDEX((1,2,3,4,5,6,1))),$);
#8058=IFCCARTESIANPOINTLIST2D(((0.,0.),(0.,0.040000000000000008),(0.11999999999999998,0.040000000000000008),(0.11999999999999998,0.020000000000000004),(0.020000000000000004,0.020000000000000004),(0.020000000000000004,0.)));
#8059=IFCAXIS2PLACEMENT3D(#8060,#8061,#8062);
#8060=IFCCARTESIANPOINT((0.075000000372529033,0.060000000521540642,1.015000000372529));
#8061=IFCDIRECTION((0.,0.,1.));
#8062=IFCDIRECTION((1.,0.,0.));
#8063=IFCDIRECTION((0.,0.,1.));
#8065=IFCSHAPEREPRESENTATION(#11,'Body','SweptSolid',(#8000,#8009,#8018,#8027,#8036));
#8066=IFCSHAPEASPECT((#8065),'Lining',$,.T.,#7933);
#8067=IFCSHAPEREPRESENTATION(#11,'Body','SweptSolid',(#8045,#8054,#8055));
#8068=IFCSHAPEASPECT((#8067),'Framing',$,.T.,#7933);
#8108=IFCDOORTYPE('0LtlufFE91$fHBb8l4me6g',$,'Bedroom1-2F',$,$,(#8109),(#8111,#8119,#8197),$,$,.DOOR.,.SINGLE_SWING_LEFT.,$,$);
#8109=IFCPROPERTYSET('1mE7RADeX4YgqJ3oTRcBH0',$,'BBIM_Door',$,(#8110));
#8110=IFCPROPERTYSINGLEVALUE('Data',$,IFCTEXT('{"door_type": "SINGLE_SWING_LEFT", "overall_height": 2.0, "overall_width": 0.8630608916282654, "lining_properties": {"lining_depth": 0.05000000074505806, "lining_thickness": 0.05000000074505806, "lining_offset": 0.0, "lining_to_panel_offset_x": 0.02500000037252903, "lining_to_panel_offset_y": 0.02500000037252903, "transom_thickness": 0.0, "casing_thickness": 0.07500000298023224, "casing_depth": 0.004999999888241291, "threshold_thickness": 0.02500000037252903, "threshold_depth": 0.10000000149011612, "threshold_offset": 0.0}, "panel_properties": {"panel_depth": 0.03500000014901161, "panel_width_ratio": 1.0}}'),$);
#8111=IFCREPRESENTATIONMAP(#8112,#8283);
#8112=IFCAXIS2PLACEMENT3D(#8113,#8114,#8115);
#8113=IFCCARTESIANPOINT((0.,0.,0.));
#8114=IFCDIRECTION((0.,0.,1.));
#8115=IFCDIRECTION((1.,0.,0.));
#8119=IFCREPRESENTATIONMAP(#8120,#8356);
#8120=IFCAXIS2PLACEMENT3D(#8121,#8122,#8123);
#8121=IFCCARTESIANPOINT((0.,0.,0.));
#8122=IFCDIRECTION((0.,0.,1.));
#8123=IFCDIRECTION((1.,0.,0.));
#8197=IFCREPRESENTATIONMAP(#8198,#8374);
#8198=IFCAXIS2PLACEMENT3D(#8199,#8200,#8201);
#8199=IFCCARTESIANPOINT((0.,0.,0.));
#8200=IFCDIRECTION((0.,0.,1.));
#8201=IFCDIRECTION((1.,0.,0.));
#8216=IFCDOOR('3HmEFiPdf1jBtXeapNhCVQ',$,'Door',$,$,#8399,#8225,$,2.,0.86306089162826538,$,.SINGLE_SWING_LEFT.,$);
#8217=IFCRELDEFINESBYTYPE('2WFeSo7mfBRhBSiJXTqqNv',$,$,$,(#8216),#8108);
#8218=IFCCARTESIANPOINT((0.,0.,0.));
#8219=IFCDIRECTION((1.,0.,0.));
#8220=IFCDIRECTION((0.,1.,0.));
#8221=IFCDIRECTION((0.,0.,1.));
#8222=IFCCARTESIANTRANSFORMATIONOPERATOR3D(#8219,#8220,#8218,1.,#8221);
#8223=IFCMAPPEDITEM(#8111,#8222);
#8224=IFCSHAPEREPRESENTATION(#18,'Profile','MappedRepresentation',(#8223));
#8225=IFCPRODUCTDEFINITIONSHAPE($,$,(#8224,#8232,#8239));
#8226=IFCCARTESIANPOINT((0.,0.,0.));
#8227=IFCDIRECTION((1.,0.,0.));
#8228=IFCDIRECTION((0.,1.,0.));
#8229=IFCDIRECTION((0.,0.,1.));
#8230=IFCCARTESIANTRANSFORMATIONOPERATOR3D(#8227,#8228,#8226,1.,#8229);
#8231=IFCMAPPEDITEM(#8119,#8230);
#8232=IFCSHAPEREPRESENTATION(#11,'Body','MappedRepresentation',(#8231));
#8233=IFCCARTESIANPOINT((0.,0.,0.));
#8234=IFCDIRECTION((1.,0.,0.));
#8235=IFCDIRECTION((0.,1.,0.));
#8236=IFCDIRECTION((0.,0.,1.));
#8237=IFCCARTESIANTRANSFORMATIONOPERATOR3D(#8234,#8235,#8233,1.,#8236);
#8238=IFCMAPPEDITEM(#8197,#8237);
#8239=IFCSHAPEREPRESENTATION(#24,'Body','MappedRepresentation',(#8238));
#8240=IFCOPENINGELEMENT('3ywMwIDD18Nxf_gm9cVYpy',$,'Opening',$,$,#8394,#8268,$,.OPENING.);
#8256=IFCCARTESIANPOINT((0.,0.,0.));
#8257=IFCDIRECTION((1.,0.,0.));
#8258=IFCDIRECTION((0.,0.,1.));
#8259=IFCAXIS2PLACEMENT3D(#8256,#8258,#8257);
#8260=IFCREPRESENTATIONMAP(#8259,#8384);
#8261=IFCCARTESIANPOINT((0.,0.,0.));
#8262=IFCDIRECTION((1.,0.,0.));
#8263=IFCDIRECTION((0.,1.,0.));
#8264=IFCDIRECTION((0.,0.,1.));
#8265=IFCCARTESIANTRANSFORMATIONOPERATOR3D(#8262,#8263,#8261,1.,#8264);
#8266=IFCMAPPEDITEM(#8260,#8265);
#8267=IFCSHAPEREPRESENTATION(#11,'Body','MappedRepresentation',(#8266));
#8268=IFCPRODUCTDEFINITIONSHAPE($,$,(#8267));
#8269=IFCRELVOIDSELEMENT('1jHKmqQObCkhBBt2SJWA_n',$,$,$,#7347,#8240);
#8275=IFCRELFILLSELEMENT('09W1awhVDCtwqTz3gpxgGk',$,$,$,#8240,#8216);
#8281=IFCCARTESIANPOINTLIST3D(((0.,0.,0.),(0.86306089162826538,0.,0.),(0.86306089162826538,0.,2.),(0.,0.,2.)));
#8282=IFCINDEXEDPOLYCURVE(#8281,(IFCLINEINDEX((1,2,3,4,1))),$);
#8283=IFCSHAPEREPRESENTATION(#18,'Profile','Curve3D',(#8282));
#8284=IFCCARTESIANPOINTLIST2D(((0.,0.),(0.,2.),(0.86306089162826538,2.),(0.86306089162826538,0.),(0.83806089125573635,0.),(0.83806089125573635,1.974999999627471),(0.02500000037252903,1.974999999627471),(0.02500000037252903,0.)));
#8285=IFCINDEXEDPOLYCURVE(#8284,(IFCLINEINDEX((1,2,3,4,5,6,7,8,1))),$);
#8286=IFCARBITRARYCLOSEDPROFILEDEF(.AREA.,$,#8285);
#8287=IFCCARTESIANPOINT((0.,0.02500000037252903,0.));
#8288=IFCDIRECTION((0.,-1.,0.));
#8289=IFCDIRECTION((1.,0.,0.));
#8290=IFCAXIS2PLACEMENT3D(#8287,#8288,#8289);
#8291=IFCDIRECTION((0.,0.,-1.));
#8292=IFCEXTRUDEDAREASOLID(#8286,#8290,#8291,0.02500000037252903);
#8293=IFCCARTESIANPOINTLIST2D(((0.,0.),(0.,2.),(0.86306089162826538,2.),(0.86306089162826538,0.),(0.81306089088320732,0.),(0.81306089088320732,1.9499999992549419),(0.05000000074505806,1.9499999992549419),(0.05000000074505806,0.)));
#8294=IFCINDEXEDPOLYCURVE(#8293,(IFCLINEINDEX((1,2,3,4,5,6,7,8,1))),$);
#8295=IFCARBITRARYCLOSEDPROFILEDEF(.AREA.,$,#8294);
#8296=IFCCARTESIANPOINT((0.,0.,0.));
#8297=IFCDIRECTION((0.,-1.,0.));
#8298=IFCDIRECTION((1.,0.,0.));
#8299=IFCAXIS2PLACEMENT3D(#8296,#8297,#8298);
#8300=IFCDIRECTION((0.,0.,-1.));
#8301=IFCEXTRUDEDAREASOLID(#8295,#8299,#8300,0.02500000037252903);
#8302=IFCCARTESIANPOINTLIST2D(((0.,0.),(0.76306089013814926,0.),(0.76306089013814926,0.10000000149011612),(0.,0.10000000149011612)));
#8303=IFCINDEXEDPOLYCURVE(#8302,(IFCLINEINDEX((1,2,3,4,1))),$);
#8304=IFCARBITRARYCLOSEDPROFILEDEF(.AREA.,$,#8303);
#8305=IFCCARTESIANPOINT((0.05000000074505806,0.,0.));
#8306=IFCDIRECTION((0.,0.,1.));
#8307=IFCDIRECTION((1.,0.,0.));
#8308=IFCAXIS2PLACEMENT3D(#8305,#8306,#8307);
#8309=IFCDIRECTION((0.,0.,1.));
#8310=IFCEXTRUDEDAREASOLID(#8304,#8308,#8309,0.02500000037252903);
#8311=IFCCARTESIANPOINTLIST2D(((0.,0.),(0.,2.0250000022351742),(0.91306089609861374,2.0250000022351742),(0.91306089609861374,0.),(0.8380608931183815,0.),(0.8380608931183815,1.9499999992549419),(0.075000002980232239,1.9499999992549419),(0.075000002980232239,0.)));
#8312=IFCINDEXEDPOLYCURVE(#8311,(IFCLINEINDEX((1,2,3,4,5,6,7,8,1))),$);
#8313=IFCARBITRARYCLOSEDPROFILEDEF(.AREA.,$,#8312);
#8314=IFCCARTESIANPOINT((-0.025000002235174179,-0.004999999888241291,0.));
#8315=IFCDIRECTION((0.,-1.,0.));
#8316=IFCDIRECTION((1.,0.,0.));
#8317=IFCAXIS2PLACEMENT3D(#8314,#8315,#8316);
#8318=IFCDIRECTION((0.,0.,-1.));
#8319=IFCEXTRUDEDAREASOLID(#8313,#8317,#8318,0.004999999888241291);
#8320=IFCCARTESIANPOINTLIST2D(((0.,0.),(0.,2.0250000022351742),(0.91306089609861374,2.0250000022351742),(0.91306089609861374,0.),(0.86306089349091053,0.),(0.86306089349091053,1.974999999627471),(0.050000002607703209,1.974999999627471),(0.050000002607703209,0.)));
#8321=IFCINDEXEDPOLYCURVE(#8320,(IFCLINEINDEX((1,2,3,4,5,6,7,8,1))),$);
#8322=IFCARBITRARYCLOSEDPROFILEDEF(.AREA.,$,#8321);
#8323=IFCCARTESIANPOINT((-0.025000002235174179,0.05000000074505806,0.));
#8324=IFCDIRECTION((0.,-1.,0.));
#8325=IFCDIRECTION((1.,0.,0.));
#8326=IFCAXIS2PLACEMENT3D(#8323,#8324,#8325);
#8327=IFCDIRECTION((0.,0.,-1.));
#8328=IFCEXTRUDEDAREASOLID(#8322,#8326,#8327,0.004999999888241291);
#8329=IFCCARTESIANPOINTLIST2D(((0.,0.),(0.81306089088320732,0.),(0.81306089088320732,0.035000000149011612),(0.,0.035000000149011612)));
#8330=IFCINDEXEDPOLYCURVE(#8329,(IFCLINEINDEX((1,2,3,4,1))),$);
#8331=IFCARBITRARYCLOSEDPROFILEDEF(.AREA.,$,#8330);
#8332=IFCCARTESIANPOINT((0.02500000037252903,0.02500000037252903,0.02500000037252903));
#8333=IFCDIRECTION((0.,0.,1.));
#8334=IFCDIRECTION((1.,0.,0.));
#8335=IFCAXIS2PLACEMENT3D(#8332,#8333,#8334);
#8336=IFCDIRECTION((0.,0.,1.));
#8337=IFCEXTRUDEDAREASOLID(#8331,#8335,#8336,1.9499999992549419);
#8338=IFCCARTESIANPOINTLIST2D(((0.,0.),(0.,-0.040000000000000001),(-0.11999999999999988,-0.040000000000000001),(-0.11999999999999988,-0.02),(-0.020000000000000018,-0.02),(-0.020000000000000018,0.)));
#8339=IFCINDEXEDPOLYCURVE(#8338,(IFCLINEINDEX((1,2,3,4,5,6,1))),$);
#8340=IFCARBITRARYCLOSEDPROFILEDEF(.AREA.,$,#8339);
#8341=IFCCARTESIANPOINT((0.78806089125573631,0.02500000037252903,1.015000000372529));
#8342=IFCDIRECTION((0.,0.,1.));
#8343=IFCDIRECTION((1.,0.,0.));
#8344=IFCAXIS2PLACEMENT3D(#8341,#8342,#8343);
#8345=IFCDIRECTION((0.,0.,1.));
#8346=IFCEXTRUDEDAREASOLID(#8340,#8344,#8345,0.02);
#8347=IFCEXTRUDEDAREASOLID(#8348,#8351,#8355,0.02);
#8348=IFCARBITRARYCLOSEDPROFILEDEF(.AREA.,$,#8349);
#8349=IFCINDEXEDPOLYCURVE(#8350,(IFCLINEINDEX((1,2,3,4,5,6,1))),$);
#8350=IFCCARTESIANPOINTLIST2D(((0.,0.),(0.,0.040000000000000008),(-0.11999999999999988,0.040000000000000008),(-0.11999999999999988,0.020000000000000004),(-0.020000000000000018,0.020000000000000004),(-0.020000000000000018,0.)));
#8351=IFCAXIS2PLACEMENT3D(#8352,#8353,#8354);
#8352=IFCCARTESIANPOINT((0.78806089125573631,0.060000000521540642,1.015000000372529));
#8353=IFCDIRECTION((0.,0.,1.));
#8354=IFCDIRECTION((1.,0.,0.));
#8355=IFCDIRECTION((0.,0.,1.));
#8356=IFCSHAPEREPRESENTATION(#11,'Body','SweptSolid',(#8292,#8301,#8337,#8346,#8347,#8310,#8319,#8328));
#8357=IFCSHAPEREPRESENTATION(#11,'Body','SweptSolid',(#8292,#8301,#8310,#8319,#8328));
#8358=IFCSHAPEASPECT((#8357),'Lining',$,.T.,#8225);
#8359=IFCSHAPEREPRESENTATION(#11,'Body','SweptSolid',(#8337,#8346,#8347));
#8360=IFCSHAPEASPECT((#8359),'Framing',$,.T.,#8225);
#8361=IFCCARTESIANPOINTLIST2D(((0.,0.),(0.,0.05000000074505806),(0.02500000037252903,0.05000000074505806),(0.02500000037252903,0.02500000037252903),(0.05000000074505806,0.02500000037252903),(0.05000000074505806,0.)));
#8362=IFCINDEXEDPOLYCURVE(#8361,(IFCLINEINDEX((1,2,3,4,5,6,1))),$);
#8363=IFCINDEXEDPOLYCURVE(#8364,(IFCLINEINDEX((1,2,3,4,5,6,1))),$);
#8364=IFCCARTESIANPOINTLIST2D(((0.86306089162826538,0.),(0.86306089162826538,0.05000000074505806),(0.83806089125573635,0.05000000074505806),(0.83806089125573635,0.02500000037252903),(0.81306089088320732,0.02500000037252903),(0.81306089088320732,0.)));
#8365=IFCDIRECTION((1.,0.));
#8366=IFCCARTESIANPOINT((0.060000000521540642,0.05000000074505806));
#8367=IFCAXIS2PLACEMENT2D(#8366,#8365);
#8368=IFCELLIPSE(#8367,0.77806089073419571,0.81306089088320732);
#8369=IFCCARTESIANPOINT((0.83806089125573635,0.05000000074505806));
#8370=IFCCARTESIANPOINT((0.060000000521540642,0.86306089162826538));
#8371=IFCTRIMMEDCURVE(#8368,(#8369),(#8370),.T.,.CARTESIAN.);
#8372=IFCCARTESIANPOINTLIST2D(((0.02500000037252903,0.05000000074505806),(0.060000000521540642,0.05000000074505806),(0.060000000521540642,0.86306089162826538),(0.02500000037252903,0.86306089162826538)));
#8373=IFCINDEXEDPOLYCURVE(#8372,(IFCLINEINDEX((1,2,3,4,1))),$);
#8374=IFCSHAPEREPRESENTATION(#24,'Body','Curve2D',(#8362,#8363,#8371,#8373));
#8375=IFCCARTESIANPOINTLIST2D(((0.,0.),(0.86306089162826538,0.),(0.86306089162826538,2.),(0.,2.)));
#8376=IFCINDEXEDPOLYCURVE(#8375,(IFCLINEINDEX((1,2,3,4,1))),$);
#8377=IFCARBITRARYCLOSEDPROFILEDEF(.AREA.,$,#8376);
#8378=IFCCARTESIANPOINT((0.,-0.60000002384185791,0.));
#8379=IFCDIRECTION((0.,-1.,0.));
#8380=IFCDIRECTION((1.,0.,0.));
#8381=IFCAXIS2PLACEMENT3D(#8378,#8379,#8380);
#8382=IFCDIRECTION((0.,0.,-1.));
#8383=IFCEXTRUDEDAREASOLID(#8377,#8381,#8382,1.2);
#8384=IFCSHAPEREPRESENTATION(#11,'Body','SweptSolid',(#8383));
#8390=IFCCARTESIANPOINT((2.1215338782468405,0.10000031070533877,0.));
#8391=IFCDIRECTION((0.,0.,1.));
#8392=IFCDIRECTION((-0.99999999999999611,-8.7422783678901773E-08,0.));
#8393=IFCAXIS2PLACEMENT3D(#8390,#8391,#8392);
#8394=IFCLOCALPLACEMENT(#9068,#8393);
#8395=IFCCARTESIANPOINT((-4.4408920985006262E-16,-5.5511151231257827E-17,0.));
#8396=IFCDIRECTION((0.,0.,1.));
#8397=IFCDIRECTION((0.99999999999999978,2.6469779601696886E-23,0.));
#8398=IFCAXIS2PLACEMENT3D(#8395,#8396,#8397);
#8399=IFCLOCALPLACEMENT(#8394,#8398);
#8400=IFCDOORTYPE('2SM3Z2lZ12bevVQBL1Fne5',$,'Bedroom2-2F',$,$,(#8401),(#8403,#8411,#8489),$,$,.DOOR.,.SINGLE_SWING_LEFT.,$,$);
#8401=IFCPROPERTYSET('2VD9$UXp10I8Ubtl5xzYik',$,'BBIM_Door',$,(#8402));
#8402=IFCPROPERTYSINGLEVALUE('Data',$,IFCTEXT('{"door_type": "SINGLE_SWING_RIGHT", "overall_height": 2.0, "overall_width": 0.8842508792877197, "lining_properties": {"lining_depth": 0.05000000074505806, "lining_thickness": 0.05000000074505806, "lining_offset": 0.0, "lining_to_panel_offset_x": 0.02500000037252903, "lining_to_panel_offset_y": 0.02500000037252903, "transom_thickness": 0.0, "casing_thickness": 0.07500000298023224, "casing_depth": 0.004999999888241291, "threshold_thickness": 0.02500000037252903, "threshold_depth": 0.10000000149011612, "threshold_offset": 0.0}, "panel_properties": {"panel_depth": 0.03500000014901161, "panel_width_ratio": 1.0}}'),$);
#8403=IFCREPRESENTATIONMAP(#8404,#8575);
#8404=IFCAXIS2PLACEMENT3D(#8405,#8406,#8407);
#8405=IFCCARTESIANPOINT((0.,0.,0.));
#8406=IFCDIRECTION((0.,0.,1.));
#8407=IFCDIRECTION((1.,0.,0.));
#8411=IFCREPRESENTATIONMAP(#8412,#8648);
#8412=IFCAXIS2PLACEMENT3D(#8413,#8414,#8415);
#8413=IFCCARTESIANPOINT((0.,0.,0.));
#8414=IFCDIRECTION((0.,0.,1.));
#8415=IFCDIRECTION((1.,0.,0.));
#8489=IFCREPRESENTATIONMAP(#8490,#8666);
#8490=IFCAXIS2PLACEMENT3D(#8491,#8492,#8493);
#8491=IFCCARTESIANPOINT((0.,0.,0.));
#8492=IFCDIRECTION((0.,0.,1.));
#8493=IFCDIRECTION((1.,0.,0.));
#8508=IFCDOOR('0HOp$gGlb6kR8eQVUZmpl7',$,'Door',$,$,#8691,#8517,$,2.,0.88425087928771973,$,.SINGLE_SWING_RIGHT.,$);
#8509=IFCRELDEFINESBYTYPE('137oowfB95Y8GNvArQgU$O',$,$,$,(#8508),#8400);
#8510=IFCCARTESIANPOINT((0.,0.,0.));
#8511=IFCDIRECTION((1.,0.,0.));
#8512=IFCDIRECTION((0.,1.,0.));
#8513=IFCDIRECTION((0.,0.,1.));
#8514=IFCCARTESIANTRANSFORMATIONOPERATOR3D(#8511,#8512,#8510,1.,#8513);
#8515=IFCMAPPEDITEM(#8403,#8514);
#8516=IFCSHAPEREPRESENTATION(#18,'Profile','MappedRepresentation',(#8515));
#8517=IFCPRODUCTDEFINITIONSHAPE($,$,(#8516,#8524,#8531));
#8518=IFCCARTESIANPOINT((0.,0.,0.));
#8519=IFCDIRECTION((1.,0.,0.));
#8520=IFCDIRECTION((0.,1.,0.));
#8521=IFCDIRECTION((0.,0.,1.));
#8522=IFCCARTESIANTRANSFORMATIONOPERATOR3D(#8519,#8520,#8518,1.,#8521);
#8523=IFCMAPPEDITEM(#8411,#8522);
#8524=IFCSHAPEREPRESENTATION(#11,'Body','MappedRepresentation',(#8523));
#8525=IFCCARTESIANPOINT((0.,0.,0.));
#8526=IFCDIRECTION((1.,0.,0.));
#8527=IFCDIRECTION((0.,1.,0.));
#8528=IFCDIRECTION((0.,0.,1.));
#8529=IFCCARTESIANTRANSFORMATIONOPERATOR3D(#8526,#8527,#8525,1.,#8528);
#8530=IFCMAPPEDITEM(#8489,#8529);
#8531=IFCSHAPEREPRESENTATION(#24,'Body','MappedRepresentation',(#8530));
#8532=IFCOPENINGELEMENT('3mM68eztjBe9gXehvH5smb',$,'Opening',$,$,#8686,#8560,$,.OPENING.);
#8548=IFCCARTESIANPOINT((0.,0.,0.));
#8549=IFCDIRECTION((1.,0.,0.));
#8550=IFCDIRECTION((0.,0.,1.));
#8551=IFCAXIS2PLACEMENT3D(#8548,#8550,#8549);
#8552=IFCREPRESENTATIONMAP(#8551,#8676);
#8553=IFCCARTESIANPOINT((0.,0.,0.));
#8554=IFCDIRECTION((1.,0.,0.));
#8555=IFCDIRECTION((0.,1.,0.));
#8556=IFCDIRECTION((0.,0.,1.));
#8557=IFCCARTESIANTRANSFORMATIONOPERATOR3D(#8554,#8555,#8553,1.,#8556);
#8558=IFCMAPPEDITEM(#8552,#8557);
#8559=IFCSHAPEREPRESENTATION(#11,'Body','MappedRepresentation',(#8558));
#8560=IFCPRODUCTDEFINITIONSHAPE($,$,(#8559));
#8561=IFCRELVOIDSELEMENT('0dn6FTl7v3KfgiotWrBOXu',$,$,$,#7778,#8532);
#8567=IFCRELFILLSELEMENT('1Vi6Hyxsr2dBnz6or4bvdH',$,$,$,#8532,#8508);
#8573=IFCCARTESIANPOINTLIST3D(((0.,0.,0.),(0.88425087928771973,0.,0.),(0.88425087928771973,0.,2.),(0.,0.,2.)));
#8574=IFCINDEXEDPOLYCURVE(#8573,(IFCLINEINDEX((1,2,3,4,1))),$);
#8575=IFCSHAPEREPRESENTATION(#18,'Profile','Curve3D',(#8574));
#8576=IFCCARTESIANPOINTLIST2D(((0.,0.),(0.,2.),(0.88425087928771973,2.),(0.88425087928771973,0.),(0.8592508789151907,0.),(0.8592508789151907,1.974999999627471),(0.02500000037252903,1.974999999627471),(0.02500000037252903,0.)));
#8577=IFCINDEXEDPOLYCURVE(#8576,(IFCLINEINDEX((1,2,3,4,5,6,7,8,1))),$);
#8578=IFCARBITRARYCLOSEDPROFILEDEF(.AREA.,$,#8577);
#8579=IFCCARTESIANPOINT((0.,0.02500000037252903,0.));
#8580=IFCDIRECTION((0.,-1.,0.));
#8581=IFCDIRECTION((1.,0.,0.));
#8582=IFCAXIS2PLACEMENT3D(#8579,#8580,#8581);
#8583=IFCDIRECTION((0.,0.,-1.));
#8584=IFCEXTRUDEDAREASOLID(#8578,#8582,#8583,0.02500000037252903);
#8585=IFCCARTESIANPOINTLIST2D(((0.,0.),(0.,2.),(0.88425087928771973,2.),(0.88425087928771973,0.),(0.83425087854266167,0.),(0.83425087854266167,1.9499999992549419),(0.05000000074505806,1.9499999992549419),(0.05000000074505806,0.)));
#8586=IFCINDEXEDPOLYCURVE(#8585,(IFCLINEINDEX((1,2,3,4,5,6,7,8,1))),$);
#8587=IFCARBITRARYCLOSEDPROFILEDEF(.AREA.,$,#8586);
#8588=IFCCARTESIANPOINT((0.,0.,0.));
#8589=IFCDIRECTION((0.,-1.,0.));
#8590=IFCDIRECTION((1.,0.,0.));
#8591=IFCAXIS2PLACEMENT3D(#8588,#8589,#8590);
#8592=IFCDIRECTION((0.,0.,-1.));
#8593=IFCEXTRUDEDAREASOLID(#8587,#8591,#8592,0.02500000037252903);
#8594=IFCCARTESIANPOINTLIST2D(((0.,0.),(0.78425087779760361,0.),(0.78425087779760361,0.10000000149011612),(0.,0.10000000149011612)));
#8595=IFCINDEXEDPOLYCURVE(#8594,(IFCLINEINDEX((1,2,3,4,1))),$);
#8596=IFCARBITRARYCLOSEDPROFILEDEF(.AREA.,$,#8595);
#8597=IFCCARTESIANPOINT((0.05000000074505806,0.,0.));
#8598=IFCDIRECTION((0.,0.,1.));
#8599=IFCDIRECTION((1.,0.,0.));
#8600=IFCAXIS2PLACEMENT3D(#8597,#8598,#8599);
#8601=IFCDIRECTION((0.,0.,1.));
#8602=IFCEXTRUDEDAREASOLID(#8596,#8600,#8601,0.02500000037252903);
#8603=IFCCARTESIANPOINTLIST2D(((0.,0.),(0.,2.0250000022351742),(0.93425088375806808,2.0250000022351742),(0.93425088375806808,0.),(0.85925088077783585,0.),(0.85925088077783585,1.9499999992549419),(0.075000002980232239,1.9499999992549419),(0.075000002980232239,0.)));
#8604=IFCINDEXEDPOLYCURVE(#8603,(IFCLINEINDEX((1,2,3,4,5,6,7,8,1))),$);
#8605=IFCARBITRARYCLOSEDPROFILEDEF(.AREA.,$,#8604);
#8606=IFCCARTESIANPOINT((-0.025000002235174179,-0.004999999888241291,0.));
#8607=IFCDIRECTION((0.,-1.,0.));
#8608=IFCDIRECTION((1.,0.,0.));
#8609=IFCAXIS2PLACEMENT3D(#8606,#8607,#8608);
#8610=IFCDIRECTION((0.,0.,-1.));
#8611=IFCEXTRUDEDAREASOLID(#8605,#8609,#8610,0.004999999888241291);
#8612=IFCCARTESIANPOINTLIST2D(((0.,0.),(0.,2.0250000022351742),(0.93425088375806808,2.0250000022351742),(0.93425088375806808,0.),(0.88425088115036488,0.),(0.88425088115036488,1.974999999627471),(0.050000002607703209,1.974999999627471),(0.050000002607703209,0.)));
#8613=IFCINDEXEDPOLYCURVE(#8612,(IFCLINEINDEX((1,2,3,4,5,6,7,8,1))),$);
#8614=IFCARBITRARYCLOSEDPROFILEDEF(.AREA.,$,#8613);
#8615=IFCCARTESIANPOINT((-0.025000002235174179,0.05000000074505806,0.));
#8616=IFCDIRECTION((0.,-1.,0.));
#8617=IFCDIRECTION((1.,0.,0.));
#8618=IFCAXIS2PLACEMENT3D(#8615,#8616,#8617);
#8619=IFCDIRECTION((0.,0.,-1.));
#8620=IFCEXTRUDEDAREASOLID(#8614,#8618,#8619,0.004999999888241291);
#8621=IFCCARTESIANPOINTLIST2D(((0.,0.),(0.83425087854266167,0.),(0.83425087854266167,0.035000000149011612),(0.,0.035000000149011612)));
#8622=IFCINDEXEDPOLYCURVE(#8621,(IFCLINEINDEX((1,2,3,4,1))),$);
#8623=IFCARBITRARYCLOSEDPROFILEDEF(.AREA.,$,#8622);
#8624=IFCCARTESIANPOINT((0.02500000037252903,0.02500000037252903,0.02500000037252903));
#8625=IFCDIRECTION((0.,0.,1.));
#8626=IFCDIRECTION((1.,0.,0.));
#8627=IFCAXIS2PLACEMENT3D(#8624,#8625,#8626);
#8628=IFCDIRECTION((0.,0.,1.));
#8629=IFCEXTRUDEDAREASOLID(#8623,#8627,#8628,1.9499999992549419);
#8630=IFCCARTESIANPOINTLIST2D(((0.,0.),(0.,-0.040000000000000001),(0.12,-0.040000000000000001),(0.12,-0.02),(0.02,-0.02),(0.02,0.)));
#8631=IFCINDEXEDPOLYCURVE(#8630,(IFCLINEINDEX((1,2,3,4,5,6,1))),$);
#8632=IFCARBITRARYCLOSEDPROFILEDEF(.AREA.,$,#8631);
#8633=IFCCARTESIANPOINT((0.075000000372529033,0.02500000037252903,1.015000000372529));
#8634=IFCDIRECTION((0.,0.,1.));
#8635=IFCDIRECTION((1.,0.,0.));
#8636=IFCAXIS2PLACEMENT3D(#8633,#8634,#8635);
#8637=IFCDIRECTION((0.,0.,1.));
#8638=IFCEXTRUDEDAREASOLID(#8632,#8636,#8637,0.02);
#8639=IFCEXTRUDEDAREASOLID(#8640,#8643,#8647,0.02);
#8640=IFCARBITRARYCLOSEDPROFILEDEF(.AREA.,$,#8641);
#8641=IFCINDEXEDPOLYCURVE(#8642,(IFCLINEINDEX((1,2,3,4,5,6,1))),$);
#8642=IFCCARTESIANPOINTLIST2D(((0.,0.),(0.,0.040000000000000008),(0.11999999999999998,0.040000000000000008),(0.11999999999999998,0.020000000000000004),(0.020000000000000004,0.020000000000000004),(0.020000000000000004,0.)));
#8643=IFCAXIS2PLACEMENT3D(#8644,#8645,#8646);
#8644=IFCCARTESIANPOINT((0.075000000372529033,0.060000000521540642,1.015000000372529));
#8645=IFCDIRECTION((0.,0.,1.));
#8646=IFCDIRECTION((1.,0.,0.));
#8647=IFCDIRECTION((0.,0.,1.));
#8648=IFCSHAPEREPRESENTATION(#11,'Body','SweptSolid',(#8584,#8593,#8629,#8638,#8639,#8602,#8611,#8620));
#8649=IFCSHAPEREPRESENTATION(#11,'Body','SweptSolid',(#8584,#8593,#8602,#8611,#8620));
#8650=IFCSHAPEASPECT((#8649),'Lining',$,.T.,#8517);
#8651=IFCSHAPEREPRESENTATION(#11,'Body','SweptSolid',(#8629,#8638,#8639));
#8652=IFCSHAPEASPECT((#8651),'Framing',$,.T.,#8517);
#8653=IFCCARTESIANPOINTLIST2D(((0.,0.),(0.,0.05000000074505806),(0.02500000037252903,0.05000000074505806),(0.02500000037252903,0.02500000037252903),(0.05000000074505806,0.02500000037252903),(0.05000000074505806,0.)));
#8654=IFCINDEXEDPOLYCURVE(#8653,(IFCLINEINDEX((1,2,3,4,5,6,1))),$);
#8655=IFCINDEXEDPOLYCURVE(#8656,(IFCLINEINDEX((1,2,3,4,5,6,1))),$);
#8656=IFCCARTESIANPOINTLIST2D(((0.88425087928771973,0.),(0.88425087928771973,0.05000000074505806),(0.8592508789151907,0.05000000074505806),(0.8592508789151907,0.02500000037252903),(0.83425087854266167,0.02500000037252903),(0.83425087854266167,0.)));
#8657=IFCDIRECTION((1.,0.));
#8658=IFCCARTESIANPOINT((0.82425087876617908,0.05000000074505806));
#8659=IFCAXIS2PLACEMENT2D(#8658,#8657);
#8660=IFCELLIPSE(#8659,0.79925087839365005,0.83425087854266167);
#8661=IFCCARTESIANPOINT((0.82425087876617908,0.88425087928771973));
#8662=IFCCARTESIANPOINT((0.02500000037252903,0.05000000074505806));
#8663=IFCTRIMMEDCURVE(#8660,(#8661),(#8662),.T.,.CARTESIAN.);
#8664=IFCCARTESIANPOINTLIST2D(((0.8592508789151907,0.05000000074505806),(0.82425087876617908,0.05000000074505806),(0.82425087876617908,0.88425087928771973),(0.8592508789151907,0.88425087928771973)));
#8665=IFCINDEXEDPOLYCURVE(#8664,(IFCLINEINDEX((1,2,3,4,1))),$);
#8666=IFCSHAPEREPRESENTATION(#24,'Body','Curve2D',(#8654,#8655,#8663,#8665));
#8667=IFCCARTESIANPOINTLIST2D(((0.,0.),(0.88425087928771973,0.),(0.88425087928771973,2.),(0.,2.)));
#8668=IFCINDEXEDPOLYCURVE(#8667,(IFCLINEINDEX((1,2,3,4,1))),$);
#8669=IFCARBITRARYCLOSEDPROFILEDEF(.AREA.,$,#8668);
#8670=IFCCARTESIANPOINT((0.,-0.60000002384185791,0.));
#8671=IFCDIRECTION((0.,-1.,0.));
#8672=IFCDIRECTION((1.,0.,0.));
#8673=IFCAXIS2PLACEMENT3D(#8670,#8671,#8672);
#8674=IFCDIRECTION((0.,0.,-1.));
#8675=IFCEXTRUDEDAREASOLID(#8669,#8673,#8674,1.2);
#8676=IFCSHAPEREPRESENTATION(#11,'Body','SweptSolid',(#8675));
#8682=IFCCARTESIANPOINT((1.0301702320575714,0.099999904632568359,0.));
#8683=IFCDIRECTION((0.,0.,1.));
#8684=IFCDIRECTION((-0.99999999999992428,3.8941436741876494E-07,0.));
#8685=IFCAXIS2PLACEMENT3D(#8682,#8683,#8684);
#8686=IFCLOCALPLACEMENT(#9093,#8685);
#8687=IFCCARTESIANPOINT((2.2204460492503131E-16,0.,0.));
#8688=IFCDIRECTION((0.,0.,1.));
#8689=IFCDIRECTION((0.99999999999999989,5.2939559203393771E-23,0.));
#8690=IFCAXIS2PLACEMENT3D(#8687,#8688,#8689);
#8691=IFCLOCALPLACEMENT(#8686,#8690);
#8692=IFCDOORTYPE('3JUVjx_y11l8S4dQjiRIgX',$,'Bathroom-2F',$,$,(#8693),(#8695,#8703,#8781),$,$,.DOOR.,.SINGLE_SWING_LEFT.,$,$);
#8693=IFCPROPERTYSET('28NVw1ngjEdA3CY5QCHbbm',$,'BBIM_Door',$,(#8694));
#8694=IFCPROPERTYSINGLEVALUE('Data',$,IFCTEXT('{"door_type": "SINGLE_SWING_LEFT", "overall_height": 2.0, "overall_width": 0.7456682920455933, "lining_properties": {"lining_depth": 0.05000000074505806, "lining_thickness": 0.05000000074505806, "lining_offset": 0.0, "lining_to_panel_offset_x": 0.02500000037252903, "lining_to_panel_offset_y": 0.02500000037252903, "transom_thickness": 0.0, "casing_thickness": 0.07500000298023224, "casing_depth": 0.004999999888241291, "threshold_thickness": 0.02500000037252903, "threshold_depth": 0.10000000149011612, "threshold_offset": 0.0}, "panel_properties": {"panel_depth": 0.03500000014901161, "panel_width_ratio": 1.0}}'),$);
#8695=IFCREPRESENTATIONMAP(#8696,#8882);
#8696=IFCAXIS2PLACEMENT3D(#8697,#8698,#8699);
#8697=IFCCARTESIANPOINT((0.,0.,0.));
#8698=IFCDIRECTION((0.,0.,1.));
#8699=IFCDIRECTION((1.,0.,0.));
#8703=IFCREPRESENTATIONMAP(#8704,#8955);
#8704=IFCAXIS2PLACEMENT3D(#8705,#8706,#8707);
#8705=IFCCARTESIANPOINT((0.,0.,0.));
#8706=IFCDIRECTION((0.,0.,1.));
#8707=IFCDIRECTION((1.,0.,0.));
#8781=IFCREPRESENTATIONMAP(#8782,#8973);
#8782=IFCAXIS2PLACEMENT3D(#8783,#8784,#8785);
#8783=IFCCARTESIANPOINT((0.,0.,0.));
#8784=IFCDIRECTION((0.,0.,1.));
#8785=IFCDIRECTION((1.,0.,0.));
#8800=IFCDOOR('3VzqtdgOv9_BtseGKUFtXH',$,'Door',$,$,#8998,#8809,$,2.,0.74566829204559326,$,.SINGLE_SWING_LEFT.,$);
#8801=IFCRELDEFINESBYTYPE('1winnINTf5ZhEOS6EQEerg',$,$,$,(#8800),#8692);
#8802=IFCCARTESIANPOINT((0.,0.,0.));
#8803=IFCDIRECTION((1.,0.,0.));
#8804=IFCDIRECTION((0.,1.,0.));
#8805=IFCDIRECTION((0.,0.,1.));
#8806=IFCCARTESIANTRANSFORMATIONOPERATOR3D(#8803,#8804,#8802,1.,#8805);
#8807=IFCMAPPEDITEM(#8695,#8806);
#8808=IFCSHAPEREPRESENTATION(#18,'Profile','MappedRepresentation',(#8807));
#8809=IFCPRODUCTDEFINITIONSHAPE($,$,(#8808,#8816,#8823));
#8810=IFCCARTESIANPOINT((0.,0.,0.));
#8811=IFCDIRECTION((1.,0.,0.));
#8812=IFCDIRECTION((0.,1.,0.));
#8813=IFCDIRECTION((0.,0.,1.));
#8814=IFCCARTESIANTRANSFORMATIONOPERATOR3D(#8811,#8812,#8810,1.,#8813);
#8815=IFCMAPPEDITEM(#8703,#8814);
#8816=IFCSHAPEREPRESENTATION(#11,'Body','MappedRepresentation',(#8815));
#8817=IFCCARTESIANPOINT((0.,0.,0.));
#8818=IFCDIRECTION((1.,0.,0.));
#8819=IFCDIRECTION((0.,1.,0.));
#8820=IFCDIRECTION((0.,0.,1.));
#8821=IFCCARTESIANTRANSFORMATIONOPERATOR3D(#8818,#8819,#8817,1.,#8820);
#8822=IFCMAPPEDITEM(#8781,#8821);
#8823=IFCSHAPEREPRESENTATION(#24,'Body','MappedRepresentation',(#8822));
#8824=IFCOPENINGELEMENT('03Li5dCJn0IOA7RzLkhcBV',$,'Opening',$,$,#8993,#8852,$,.OPENING.);
#8840=IFCCARTESIANPOINT((0.,0.,0.));
#8841=IFCDIRECTION((1.,0.,0.));
#8842=IFCDIRECTION((0.,0.,1.));
#8843=IFCAXIS2PLACEMENT3D(#8840,#8842,#8841);
#8844=IFCREPRESENTATIONMAP(#8843,#8983);
#8845=IFCCARTESIANPOINT((0.,0.,0.));
#8846=IFCDIRECTION((1.,0.,0.));
#8847=IFCDIRECTION((0.,1.,0.));
#8848=IFCDIRECTION((0.,0.,1.));
#8849=IFCCARTESIANTRANSFORMATIONOPERATOR3D(#8846,#8847,#8845,1.,#8848);
#8850=IFCMAPPEDITEM(#8844,#8849);
#8851=IFCSHAPEREPRESENTATION(#11,'Body','MappedRepresentation',(#8850));
#8852=IFCPRODUCTDEFINITIONSHAPE($,$,(#8851));
#8853=IFCRELVOIDSELEMENT('1iQ1wdAmT5cBviYqZ5CM50',$,$,$,#7269,#8824);
#8859=IFCRELFILLSELEMENT('2ThNCE2SXA3h1JwacIhAUW',$,$,$,#8824,#8800);
#8880=IFCCARTESIANPOINTLIST3D(((0.,0.,0.),(0.74566829204559326,0.,0.),(0.74566829204559326,0.,2.),(0.,0.,2.)));
#8881=IFCINDEXEDPOLYCURVE(#8880,(IFCLINEINDEX((1,2,3,4,1))),$);
#8882=IFCSHAPEREPRESENTATION(#18,'Profile','Curve3D',(#8881));
#8883=IFCCARTESIANPOINTLIST2D(((0.,0.),(0.,2.),(0.74566829204559326,2.),(0.74566829204559326,0.),(0.72066829167306423,0.),(0.72066829167306423,1.974999999627471),(0.02500000037252903,1.974999999627471),(0.02500000037252903,0.)));
#8884=IFCINDEXEDPOLYCURVE(#8883,(IFCLINEINDEX((1,2,3,4,5,6,7,8,1))),$);
#8885=IFCARBITRARYCLOSEDPROFILEDEF(.AREA.,$,#8884);
#8886=IFCCARTESIANPOINT((0.,0.02500000037252903,0.));
#8887=IFCDIRECTION((0.,-1.,0.));
#8888=IFCDIRECTION((1.,0.,0.));
#8889=IFCAXIS2PLACEMENT3D(#8886,#8887,#8888);
#8890=IFCDIRECTION((0.,0.,-1.));
#8891=IFCEXTRUDEDAREASOLID(#8885,#8889,#8890,0.02500000037252903);
#8892=IFCCARTESIANPOINTLIST2D(((0.,0.),(0.,2.),(0.74566829204559326,2.),(0.74566829204559326,0.),(0.6956682913005352,0.),(0.6956682913005352,1.9499999992549419),(0.05000000074505806,1.9499999992549419),(0.05000000074505806,0.)));
#8893=IFCINDEXEDPOLYCURVE(#8892,(IFCLINEINDEX((1,2,3,4,5,6,7,8,1))),$);
#8894=IFCARBITRARYCLOSEDPROFILEDEF(.AREA.,$,#8893);
#8895=IFCCARTESIANPOINT((0.,0.,0.));
#8896=IFCDIRECTION((0.,-1.,0.));
#8897=IFCDIRECTION((1.,0.,0.));
#8898=IFCAXIS2PLACEMENT3D(#8895,#8896,#8897);
#8899=IFCDIRECTION((0.,0.,-1.));
#8900=IFCEXTRUDEDAREASOLID(#8894,#8898,#8899,0.02500000037252903);
#8901=IFCCARTESIANPOINTLIST2D(((0.,0.),(0.64566829055547714,0.),(0.64566829055547714,0.10000000149011612),(0.,0.10000000149011612)));
#8902=IFCINDEXEDPOLYCURVE(#8901,(IFCLINEINDEX((1,2,3,4,1))),$);
#8903=IFCARBITRARYCLOSEDPROFILEDEF(.AREA.,$,#8902);
#8904=IFCCARTESIANPOINT((0.05000000074505806,0.,0.));
#8905=IFCDIRECTION((0.,0.,1.));
#8906=IFCDIRECTION((1.,0.,0.));
#8907=IFCAXIS2PLACEMENT3D(#8904,#8905,#8906);
#8908=IFCDIRECTION((0.,0.,1.));
#8909=IFCEXTRUDEDAREASOLID(#8903,#8907,#8908,0.02500000037252903);
#8910=IFCCARTESIANPOINTLIST2D(((0.,0.),(0.,2.0250000022351742),(0.79566829651594162,2.0250000022351742),(0.79566829651594162,0.),(0.72066829353570938,0.),(0.72066829353570938,1.9499999992549419),(0.075000002980232239,1.9499999992549419),(0.075000002980232239,0.)));
#8911=IFCINDEXEDPOLYCURVE(#8910,(IFCLINEINDEX((1,2,3,4,5,6,7,8,1))),$);
#8912=IFCARBITRARYCLOSEDPROFILEDEF(.AREA.,$,#8911);
#8913=IFCCARTESIANPOINT((-0.025000002235174179,-0.004999999888241291,0.));
#8914=IFCDIRECTION((0.,-1.,0.));
#8915=IFCDIRECTION((1.,0.,0.));
#8916=IFCAXIS2PLACEMENT3D(#8913,#8914,#8915);
#8917=IFCDIRECTION((0.,0.,-1.));
#8918=IFCEXTRUDEDAREASOLID(#8912,#8916,#8917,0.004999999888241291);
#8919=IFCCARTESIANPOINTLIST2D(((0.,0.),(0.,2.0250000022351742),(0.79566829651594162,2.0250000022351742),(0.79566829651594162,0.),(0.74566829390823841,0.),(0.74566829390823841,1.974999999627471),(0.050000002607703209,1.974999999627471),(0.050000002607703209,0.)));
#8920=IFCINDEXEDPOLYCURVE(#8919,(IFCLINEINDEX((1,2,3,4,5,6,7,8,1))),$);
#8921=IFCARBITRARYCLOSEDPROFILEDEF(.AREA.,$,#8920);
#8922=IFCCARTESIANPOINT((-0.025000002235174179,0.05000000074505806,0.));
#8923=IFCDIRECTION((0.,-1.,0.));
#8924=IFCDIRECTION((1.,0.,0.));
#8925=IFCAXIS2PLACEMENT3D(#8922,#8923,#8924);
#8926=IFCDIRECTION((0.,0.,-1.));
#8927=IFCEXTRUDEDAREASOLID(#8921,#8925,#8926,0.004999999888241291);
#8928=IFCCARTESIANPOINTLIST2D(((0.,0.),(0.6956682913005352,0.),(0.6956682913005352,0.035000000149011612),(0.,0.035000000149011612)));
#8929=IFCINDEXEDPOLYCURVE(#8928,(IFCLINEINDEX((1,2,3,4,1))),$);
#8930=IFCARBITRARYCLOSEDPROFILEDEF(.AREA.,$,#8929);
#8931=IFCCARTESIANPOINT((0.02500000037252903,0.02500000037252903,0.02500000037252903));
#8932=IFCDIRECTION((0.,0.,1.));
#8933=IFCDIRECTION((1.,0.,0.));
#8934=IFCAXIS2PLACEMENT3D(#8931,#8932,#8933);
#8935=IFCDIRECTION((0.,0.,1.));
#8936=IFCEXTRUDEDAREASOLID(#8930,#8934,#8935,1.9499999992549419);
#8937=IFCCARTESIANPOINTLIST2D(((0.,0.),(0.,-0.040000000000000001),(-0.11999999999999988,-0.040000000000000001),(-0.11999999999999988,-0.02),(-0.020000000000000018,-0.02),(-0.020000000000000018,0.)));
#8938=IFCINDEXEDPOLYCURVE(#8937,(IFCLINEINDEX((1,2,3,4,5,6,1))),$);
#8939=IFCARBITRARYCLOSEDPROFILEDEF(.AREA.,$,#8938);
#8940=IFCCARTESIANPOINT((0.67066829167306419,0.02500000037252903,1.015000000372529));
#8941=IFCDIRECTION((0.,0.,1.));
#8942=IFCDIRECTION((1.,0.,0.));
#8943=IFCAXIS2PLACEMENT3D(#8940,#8941,#8942);
#8944=IFCDIRECTION((0.,0.,1.));
#8945=IFCEXTRUDEDAREASOLID(#8939,#8943,#8944,0.02);
#8946=IFCEXTRUDEDAREASOLID(#8947,#8950,#8954,0.02);
#8947=IFCARBITRARYCLOSEDPROFILEDEF(.AREA.,$,#8948);
#8948=IFCINDEXEDPOLYCURVE(#8949,(IFCLINEINDEX((1,2,3,4,5,6,1))),$);
#8949=IFCCARTESIANPOINTLIST2D(((0.,0.),(0.,0.040000000000000008),(-0.11999999999999988,0.040000000000000008),(-0.11999999999999988,0.020000000000000004),(-0.020000000000000018,0.020000000000000004),(-0.020000000000000018,0.)));
#8950=IFCAXIS2PLACEMENT3D(#8951,#8952,#8953);
#8951=IFCCARTESIANPOINT((0.67066829167306419,0.060000000521540642,1.015000000372529));
#8952=IFCDIRECTION((0.,0.,1.));
#8953=IFCDIRECTION((1.,0.,0.));
#8954=IFCDIRECTION((0.,0.,1.));
#8955=IFCSHAPEREPRESENTATION(#11,'Body','SweptSolid',(#8891,#8900,#8936,#8945,#8946,#8909,#8918,#8927));
#8956=IFCSHAPEREPRESENTATION(#11,'Body','SweptSolid',(#8891,#8900,#8909,#8918,#8927));
#8957=IFCSHAPEASPECT((#8956),'Lining',$,.T.,#8809);
#8958=IFCSHAPEREPRESENTATION(#11,'Body','SweptSolid',(#8936,#8945,#8946));
#8959=IFCSHAPEASPECT((#8958),'Framing',$,.T.,#8809);
#8960=IFCCARTESIANPOINTLIST2D(((0.,0.),(0.,0.05000000074505806),(0.02500000037252903,0.05000000074505806),(0.02500000037252903,0.02500000037252903),(0.05000000074505806,0.02500000037252903),(0.05000000074505806,0.)));
#8961=IFCINDEXEDPOLYCURVE(#8960,(IFCLINEINDEX((1,2,3,4,5,6,1))),$);
#8962=IFCINDEXEDPOLYCURVE(#8963,(IFCLINEINDEX((1,2,3,4,5,6,1))),$);
#8963=IFCCARTESIANPOINTLIST2D(((0.74566829204559326,0.),(0.74566829204559326,0.05000000074505806),(0.72066829167306423,0.05000000074505806),(0.72066829167306423,0.02500000037252903),(0.6956682913005352,0.02500000037252903),(0.6956682913005352,0.)));
#8964=IFCDIRECTION((1.,0.));
#8965=IFCCARTESIANPOINT((0.060000000521540642,0.05000000074505806));
#8966=IFCAXIS2PLACEMENT2D(#8965,#8964);
#8967=IFCELLIPSE(#8966,0.66066829115152359,0.6956682913005352);
#8968=IFCCARTESIANPOINT((0.72066829167306423,0.05000000074505806));
#8969=IFCCARTESIANPOINT((0.060000000521540642,0.74566829204559326));
#8970=IFCTRIMMEDCURVE(#8967,(#8968),(#8969),.T.,.CARTESIAN.);
#8971=IFCCARTESIANPOINTLIST2D(((0.02500000037252903,0.05000000074505806),(0.060000000521540642,0.05000000074505806),(0.060000000521540642,0.74566829204559326),(0.02500000037252903,0.74566829204559326)));
#8972=IFCINDEXEDPOLYCURVE(#8971,(IFCLINEINDEX((1,2,3,4,1))),$);
#8973=IFCSHAPEREPRESENTATION(#24,'Body','Curve2D',(#8961,#8962,#8970,#8972));
#8974=IFCCARTESIANPOINTLIST2D(((0.,0.),(0.74566829204559326,0.),(0.74566829204559326,2.),(0.,2.)));
#8975=IFCINDEXEDPOLYCURVE(#8974,(IFCLINEINDEX((1,2,3,4,1))),$);
#8976=IFCARBITRARYCLOSEDPROFILEDEF(.AREA.,$,#8975);
#8977=IFCCARTESIANPOINT((0.,-0.60000002384185791,0.));
#8978=IFCDIRECTION((0.,-1.,0.));
#8979=IFCDIRECTION((1.,0.,0.));
#8980=IFCAXIS2PLACEMENT3D(#8977,#8978,#8979);
#8981=IFCDIRECTION((0.,0.,-1.));
#8982=IFCEXTRUDEDAREASOLID(#8976,#8980,#8981,1.2);
#8983=IFCSHAPEREPRESENTATION(#11,'Body','SweptSolid',(#8982));
#8989=IFCCARTESIANPOINT((0.35989370942137494,8.6786896957846693E-07,0.));
#8990=IFCDIRECTION((0.,0.,1.));
#8991=IFCDIRECTION((0.99999999999997158,-2.3841857910155572E-07,0.));
#8992=IFCAXIS2PLACEMENT3D(#8989,#8990,#8991);
#8993=IFCLOCALPLACEMENT(#9063,#8992);
#8994=IFCCARTESIANPOINT((-1.1102230246251565E-16,0.,0.));
#8995=IFCDIRECTION((0.,0.,1.));
#8996=IFCDIRECTION((1.,0.,0.));
#8997=IFCAXIS2PLACEMENT3D(#8994,#8995,#8996);
#8998=IFCLOCALPLACEMENT(#8993,#8997);
#8999=IFCCARTESIANPOINT((0.,0.,3.));
#9000=IFCDIRECTION((0.,0.,1.));
#9001=IFCDIRECTION((1.,0.,0.));
#9002=IFCAXIS2PLACEMENT3D(#8999,#9000,#9001);
#9003=IFCLOCALPLACEMENT(#56,#9002);
#9004=IFCCARTESIANPOINT((4.2274765968322754,-2.6000680923461914,0.));
#9005=IFCDIRECTION((0.,0.,1.));
#9006=IFCDIRECTION((1.,0.,0.));
#9007=IFCAXIS2PLACEMENT3D(#9004,#9005,#9006);
#9008=IFCLOCALPLACEMENT(#9003,#9007);
#9009=IFCCARTESIANPOINT((-3.2925214767456725,5.5399326602525614,0.));
#9010=IFCDIRECTION((0.,0.,1.));
#9011=IFCDIRECTION((7.5497901264043123E-08,-0.99999999999999722,0.));
#9012=IFCAXIS2PLACEMENT3D(#9009,#9010,#9011);
#9013=IFCLOCALPLACEMENT(#9003,#9012);
#9014=IFCCARTESIANPOINT((-3.2925209361806442,-1.6200680732727051,0.));
#9015=IFCDIRECTION((0.,0.,1.));
#9016=IFCDIRECTION((1.,0.,0.));
#9017=IFCAXIS2PLACEMENT3D(#9014,#9015,#9016);
#9018=IFCLOCALPLACEMENT(#9003,#9017);
#9019=IFCCARTESIANPOINT((1.8274682760238885,-2.2052608466148236,0.));
#9020=IFCDIRECTION((0.,0.,1.));
#9021=IFCDIRECTION((-1.6292068494294439E-07,-0.99999999999998679,0.));
#9022=IFCAXIS2PLACEMENT3D(#9019,#9020,#9021);
#9023=IFCLOCALPLACEMENT(#9003,#9022);
#9024=IFCCARTESIANPOINT((1.8274681277660276,-3.1152610778808594,0.));
#9025=IFCDIRECTION((0.,0.,1.));
#9026=IFCDIRECTION((1.,0.,0.));
#9027=IFCAXIS2PLACEMENT3D(#9024,#9025,#9026);
#9028=IFCLOCALPLACEMENT(#9003,#9027);
#9029=IFCCARTESIANPOINT((4.2274780273437322,-3.1152610778808598,0.));
#9030=IFCDIRECTION((0.,0.,1.));
#9031=IFCDIRECTION((7.5497901264043123E-08,0.99999999999999722,0.));
#9032=IFCAXIS2PLACEMENT3D(#9029,#9030,#9031);
#9033=IFCLOCALPLACEMENT(#9003,#9032);
#9034=IFCCARTESIANPOINT((4.2274787540255767,6.5099315643310325,0.));
#9035=IFCDIRECTION((0.,0.,1.));
#9036=IFCDIRECTION((-0.99999999999999623,8.7422776573475527E-08,0.));
#9037=IFCAXIS2PLACEMENT3D(#9034,#9035,#9036);
#9038=IFCLOCALPLACEMENT(#9003,#9037);
#9039=IFCCARTESIANPOINT((4.2274789810180664,6.5099315643310547,0.));
#9040=IFCDIRECTION((0.,0.,1.));
#9041=IFCDIRECTION((1.,0.,0.));
#9042=IFCAXIS2PLACEMENT3D(#9039,#9040,#9041);
#9043=IFCLOCALPLACEMENT(#9003,#9042);
#9044=IFCCARTESIANPOINT((0.36747861663486125,5.5399312349959402,0.));
#9045=IFCDIRECTION((0.,0.,1.));
#9046=IFCDIRECTION((7.5497901264043123E-08,0.99999999999999722,0.));
#9047=IFCAXIS2PLACEMENT3D(#9044,#9045,#9046);
#9048=IFCLOCALPLACEMENT(#9003,#9047);
#9049=IFCCARTESIANPOINT((0.36747861663486125,5.5399312349959402,0.));
#9050=IFCDIRECTION((0.,0.,1.));
#9051=IFCDIRECTION((-0.99999999999992428,3.8941436741876494E-07,0.));
#9052=IFCAXIS2PLACEMENT3D(#9049,#9050,#9051);
#9053=IFCLOCALPLACEMENT(#9003,#9052);
#9054=IFCCARTESIANPOINT((0.26005077362060547,5.4399313926696777,0.));
#9055=IFCDIRECTION((0.,0.,1.));
#9056=IFCDIRECTION((-4.3711388286737889E-08,-0.99999999999999911,0.));
#9057=IFCAXIS2PLACEMENT3D(#9054,#9055,#9056);
#9058=IFCLOCALPLACEMENT(#9003,#9057);
#9059=IFCCARTESIANPOINT((0.26005074381828308,4.89227294921875,0.));
#9060=IFCDIRECTION((0.,0.,1.));
#9061=IFCDIRECTION((0.99999999999997158,2.3841857910155572E-07,0.));
#9062=IFCAXIS2PLACEMENT3D(#9059,#9060,#9061);
#9063=IFCLOCALPLACEMENT(#9003,#9062);
#9064=IFCCARTESIANPOINT((0.26005080342292786,4.89227294921875,0.));
#9065=IFCDIRECTION((0.,0.,1.));
#9066=IFCDIRECTION((7.5497901264043123E-08,-0.99999999999999722,0.));
#9067=IFCAXIS2PLACEMENT3D(#9064,#9065,#9066);
#9068=IFCLOCALPLACEMENT(#9003,#9067);
#9069=IFCCARTESIANPOINT((0.26005098223686218,2.6322729587554932,0.));
#9070=IFCDIRECTION((0.,0.,1.));
#9071=IFCDIRECTION((-0.99999999999998868,-1.5099580252808492E-07,0.));
#9072=IFCAXIS2PLACEMENT3D(#9069,#9070,#9071);
#9073=IFCLOCALPLACEMENT(#9003,#9072);
#9074=IFCCARTESIANPOINT((0.26372100992677661,-2.2052612194412249,0.));
#9075=IFCDIRECTION((0.,0.,1.));
#9076=IFCDIRECTION((0.99999999999997158,2.3841857910155572E-07,0.));
#9077=IFCAXIS2PLACEMENT3D(#9074,#9075,#9076);
#9078=IFCLOCALPLACEMENT(#9003,#9077);
#9079=IFCCARTESIANPOINT((0.26005940095372498,-1.6200680732727051,0.));
#9080=IFCDIRECTION((0.,0.,1.));
#9081=IFCDIRECTION((0.0062569722849167902,-0.99998042495732176,0.));
#9082=IFCAXIS2PLACEMENT3D(#9079,#9080,#9081);
#9083=IFCLOCALPLACEMENT(#9003,#9082);
#9084=IFCCARTESIANPOINT((0.26005095243453979,2.5322730541229248,0.));
#9085=IFCDIRECTION((0.,0.,1.));
#9086=IFCDIRECTION((7.5497901264043123E-08,-0.99999999999999722,0.));
#9087=IFCAXIS2PLACEMENT3D(#9084,#9085,#9086);
#9088=IFCLOCALPLACEMENT(#9003,#9087);
#9089=IFCCARTESIANPOINT((0.36005136370658875,0.3922940194606781,0.));
#9090=IFCDIRECTION((0.,0.,1.));
#9091=IFCDIRECTION((1.,0.,0.));
#9092=IFCAXIS2PLACEMENT3D(#9089,#9090,#9091);
#9093=IFCLOCALPLACEMENT(#9003,#9092);
#9094=IFCDOORTYPE('2S6ZBd$3b2vhTUQGVRhIiE',$,'Balcony-1-2F',$,$,(#9095),(#9097,#9105,#9183),$,$,.DOOR.,.SINGLE_SWING_LEFT.,$,$);
#9095=IFCPROPERTYSET('0wl9fPed9CKBFAEVJiqd5d',$,'BBIM_Door',$,(#9096));
#9096=IFCPROPERTYSINGLEVALUE('Data',$,IFCTEXT('{"door_type": "SINGLE_SWING_RIGHT", "overall_height": 2.0, "overall_width": 0.8842508792877197, "lining_properties": {"lining_depth": 0.05000000074505806, "lining_thickness": 0.05000000074505806, "lining_offset": 0.0, "lining_to_panel_offset_x": 0.02500000037252903, "lining_to_panel_offset_y": 0.02500000037252903, "transom_thickness": 0.0, "casing_thickness": 0.07500000298023224, "casing_depth": 0.004999999888241291, "threshold_thickness": 0.02500000037252903, "threshold_depth": 0.10000000149011612, "threshold_offset": 0.0}, "panel_properties": {"panel_depth": 0.03500000014901161, "panel_width_ratio": 1.0}}'),$);
#9097=IFCREPRESENTATIONMAP(#9098,#9102);
#9098=IFCAXIS2PLACEMENT3D(#9099,#9100,#9101);
#9099=IFCCARTESIANPOINT((0.,0.,0.));
#9100=IFCDIRECTION((0.,0.,1.));
#9101=IFCDIRECTION((1.,0.,0.));
#9102=IFCSHAPEREPRESENTATION(#18,'Profile','Curve3D',(#9103));
#9103=IFCINDEXEDPOLYCURVE(#9104,(IFCLINEINDEX((1,2,3,4,1))),$);
#9104=IFCCARTESIANPOINTLIST3D(((0.,0.,0.),(0.88425087928771973,0.,0.),(0.88425087928771973,0.,2.),(0.,0.,2.)));
#9105=IFCREPRESENTATIONMAP(#9106,#9110);
#9106=IFCAXIS2PLACEMENT3D(#9107,#9108,#9109);
#9107=IFCCARTESIANPOINT((0.,0.,0.));
#9108=IFCDIRECTION((0.,0.,1.));
#9109=IFCDIRECTION((1.,0.,0.));
#9110=IFCSHAPEREPRESENTATION(#11,'Body','SweptSolid',(#9111,#9120,#9129,#9138,#9147,#9156,#9165,#9174));
#9111=IFCEXTRUDEDAREASOLID(#9112,#9115,#9119,0.02500000037252903);
#9112=IFCARBITRARYCLOSEDPROFILEDEF(.AREA.,$,#9113);
#9113=IFCINDEXEDPOLYCURVE(#9114,(IFCLINEINDEX((1,2,3,4,5,6,7,8,1))),$);
#9114=IFCCARTESIANPOINTLIST2D(((0.,0.),(0.,2.),(0.88425087928771973,2.),(0.88425087928771973,0.),(0.8592508789151907,0.),(0.8592508789151907,1.974999999627471),(0.02500000037252903,1.974999999627471),(0.02500000037252903,0.)));
#9115=IFCAXIS2PLACEMENT3D(#9116,#9117,#9118);
#9116=IFCCARTESIANPOINT((0.,0.02500000037252903,0.));
#9117=IFCDIRECTION((0.,-1.,0.));
#9118=IFCDIRECTION((1.,0.,0.));
#9119=IFCDIRECTION((0.,0.,-1.));
#9120=IFCEXTRUDEDAREASOLID(#9121,#9124,#9128,0.02500000037252903);
#9121=IFCARBITRARYCLOSEDPROFILEDEF(.AREA.,$,#9122);
#9122=IFCINDEXEDPOLYCURVE(#9123,(IFCLINEINDEX((1,2,3,4,5,6,7,8,1))),$);
#9123=IFCCARTESIANPOINTLIST2D(((0.,0.),(0.,2.),(0.88425087928771973,2.),(0.88425087928771973,0.),(0.83425087854266167,0.),(0.83425087854266167,1.9499999992549419),(0.05000000074505806,1.9499999992549419),(0.05000000074505806,0.)));
#9124=IFCAXIS2PLACEMENT3D(#9125,#9126,#9127);
#9125=IFCCARTESIANPOINT((0.,0.,0.));
#9126=IFCDIRECTION((0.,-1.,0.));
#9127=IFCDIRECTION((1.,0.,0.));
#9128=IFCDIRECTION((0.,0.,-1.));
#9129=IFCEXTRUDEDAREASOLID(#9130,#9133,#9137,1.9499999992549419);
#9130=IFCARBITRARYCLOSEDPROFILEDEF(.AREA.,$,#9131);
#9131=IFCINDEXEDPOLYCURVE(#9132,(IFCLINEINDEX((1,2,3,4,1))),$);
#9132=IFCCARTESIANPOINTLIST2D(((0.,0.),(0.83425087854266167,0.),(0.83425087854266167,0.035000000149011612),(0.,0.035000000149011612)));
#9133=IFCAXIS2PLACEMENT3D(#9134,#9135,#9136);
#9134=IFCCARTESIANPOINT((0.02500000037252903,0.02500000037252903,0.02500000037252903));
#9135=IFCDIRECTION((0.,0.,1.));
#9136=IFCDIRECTION((1.,0.,0.));
#9137=IFCDIRECTION((0.,0.,1.));
#9138=IFCEXTRUDEDAREASOLID(#9139,#9142,#9146,0.02);
#9139=IFCARBITRARYCLOSEDPROFILEDEF(.AREA.,$,#9140);
#9140=IFCINDEXEDPOLYCURVE(#9141,(IFCLINEINDEX((1,2,3,4,5,6,1))),$);
#9141=IFCCARTESIANPOINTLIST2D(((0.,0.),(0.,-0.040000000000000001),(0.12,-0.040000000000000001),(0.12,-0.02),(0.02,-0.02),(0.02,0.)));
#9142=IFCAXIS2PLACEMENT3D(#9143,#9144,#9145);
#9143=IFCCARTESIANPOINT((0.075000000372529033,0.02500000037252903,1.015000000372529));
#9144=IFCDIRECTION((0.,0.,1.));
#9145=IFCDIRECTION((1.,0.,0.));
#9146=IFCDIRECTION((0.,0.,1.));
#9147=IFCEXTRUDEDAREASOLID(#9148,#9151,#9155,0.02);
#9148=IFCARBITRARYCLOSEDPROFILEDEF(.AREA.,$,#9149);
#9149=IFCINDEXEDPOLYCURVE(#9150,(IFCLINEINDEX((1,2,3,4,5,6,1))),$);
#9150=IFCCARTESIANPOINTLIST2D(((0.,0.),(0.,0.040000000000000008),(0.11999999999999998,0.040000000000000008),(0.11999999999999998,0.020000000000000004),(0.020000000000000004,0.020000000000000004),(0.020000000000000004,0.)));
#9151=IFCAXIS2PLACEMENT3D(#9152,#9153,#9154);
#9152=IFCCARTESIANPOINT((0.075000000372529033,0.060000000521540642,1.015000000372529));
#9153=IFCDIRECTION((0.,0.,1.));
#9154=IFCDIRECTION((1.,0.,0.));
#9155=IFCDIRECTION((0.,0.,1.));
#9156=IFCEXTRUDEDAREASOLID(#9157,#9160,#9164,0.02500000037252903);
#9157=IFCARBITRARYCLOSEDPROFILEDEF(.AREA.,$,#9158);
#9158=IFCINDEXEDPOLYCURVE(#9159,(IFCLINEINDEX((1,2,3,4,1))),$);
#9159=IFCCARTESIANPOINTLIST2D(((0.,0.),(0.78425087779760361,0.),(0.78425087779760361,0.10000000149011612),(0.,0.10000000149011612)));
#9160=IFCAXIS2PLACEMENT3D(#9161,#9162,#9163);
#9161=IFCCARTESIANPOINT((0.05000000074505806,0.,0.));
#9162=IFCDIRECTION((0.,0.,1.));
#9163=IFCDIRECTION((1.,0.,0.));
#9164=IFCDIRECTION((0.,0.,1.));
#9165=IFCEXTRUDEDAREASOLID(#9166,#9169,#9173,0.004999999888241291);
#9166=IFCARBITRARYCLOSEDPROFILEDEF(.AREA.,$,#9167);
#9167=IFCINDEXEDPOLYCURVE(#9168,(IFCLINEINDEX((1,2,3,4,5,6,7,8,1))),$);
#9168=IFCCARTESIANPOINTLIST2D(((0.,0.),(0.,2.0250000022351742),(0.93425088375806808,2.0250000022351742),(0.93425088375806808,0.),(0.85925088077783585,0.),(0.85925088077783585,1.9499999992549419),(0.075000002980232239,1.9499999992549419),(0.075000002980232239,0.)));
#9169=IFCAXIS2PLACEMENT3D(#9170,#9171,#9172);
#9170=IFCCARTESIANPOINT((-0.025000002235174179,-0.004999999888241291,0.));
#9171=IFCDIRECTION((0.,-1.,0.));
#9172=IFCDIRECTION((1.,0.,0.));
#9173=IFCDIRECTION((0.,0.,-1.));
#9174=IFCEXTRUDEDAREASOLID(#9175,#9178,#9182,0.004999999888241291);
#9175=IFCARBITRARYCLOSEDPROFILEDEF(.AREA.,$,#9176);
#9176=IFCINDEXEDPOLYCURVE(#9177,(IFCLINEINDEX((1,2,3,4,5,6,7,8,1))),$);
#9177=IFCCARTESIANPOINTLIST2D(((0.,0.),(0.,2.0250000022351742),(0.93425088375806808,2.0250000022351742),(0.93425088375806808,0.),(0.88425088115036488,0.),(0.88425088115036488,1.974999999627471),(0.050000002607703209,1.974999999627471),(0.050000002607703209,0.)));
#9178=IFCAXIS2PLACEMENT3D(#9179,#9180,#9181);
#9179=IFCCARTESIANPOINT((-0.025000002235174179,0.05000000074505806,0.));
#9180=IFCDIRECTION((0.,-1.,0.));
#9181=IFCDIRECTION((1.,0.,0.));
#9182=IFCDIRECTION((0.,0.,-1.));
#9183=IFCREPRESENTATIONMAP(#9184,#9188);
#9184=IFCAXIS2PLACEMENT3D(#9185,#9186,#9187);
#9185=IFCCARTESIANPOINT((0.,0.,0.));
#9186=IFCDIRECTION((0.,0.,1.));
#9187=IFCDIRECTION((1.,0.,0.));
#9188=IFCSHAPEREPRESENTATION(#24,'Body','Curve2D',(#9189,#9191,#9193,#9200));
#9189=IFCINDEXEDPOLYCURVE(#9190,(IFCLINEINDEX((1,2,3,4,5,6,1))),$);
#9190=IFCCARTESIANPOINTLIST2D(((0.,0.),(0.,0.05000000074505806),(0.02500000037252903,0.05000000074505806),(0.02500000037252903,0.02500000037252903),(0.05000000074505806,0.02500000037252903),(0.05000000074505806,0.)));
#9191=IFCINDEXEDPOLYCURVE(#9192,(IFCLINEINDEX((1,2,3,4,5,6,1))),$);
#9192=IFCCARTESIANPOINTLIST2D(((0.88425087928771973,0.),(0.88425087928771973,0.05000000074505806),(0.8592508789151907,0.05000000074505806),(0.8592508789151907,0.02500000037252903),(0.83425087854266167,0.02500000037252903),(0.83425087854266167,0.)));
#9193=IFCTRIMMEDCURVE(#9194,(#9198),(#9199),.T.,.CARTESIAN.);
#9194=IFCELLIPSE(#9195,0.79925087839365005,0.83425087854266167);
#9195=IFCAXIS2PLACEMENT2D(#9196,#9197);
#9196=IFCCARTESIANPOINT((0.82425087876617908,0.05000000074505806));
#9197=IFCDIRECTION((1.,0.));
#9198=IFCCARTESIANPOINT((0.82425087876617908,0.88425087928771973));
#9199=IFCCARTESIANPOINT((0.02500000037252903,0.05000000074505806));
#9200=IFCINDEXEDPOLYCURVE(#9201,(IFCLINEINDEX((1,2,3,4,1))),$);
#9201=IFCCARTESIANPOINTLIST2D(((0.8592508789151907,0.05000000074505806),(0.82425087876617908,0.05000000074505806),(0.82425087876617908,0.88425087928771973),(0.8592508789151907,0.88425087928771973)));
#9202=IFCDOOR('0phOAVqhD2CwXZduNJt5tm',$,'Door',$,$,#9384,#9210,$,2.,0.89484572410583496,$,.SINGLE_SWING_LEFT.,$);
#9203=IFCCARTESIANPOINT((0.,0.,0.));
#9204=IFCDIRECTION((1.,0.,0.));
#9205=IFCDIRECTION((0.,1.,0.));
#9206=IFCDIRECTION((0.,0.,1.));
#9207=IFCCARTESIANTRANSFORMATIONOPERATOR3D(#9204,#9205,#9203,1.,#9206);
#9208=IFCMAPPEDITEM(#7819,#9207);
#9209=IFCSHAPEREPRESENTATION(#18,'Profile','MappedRepresentation',(#9208));
#9210=IFCPRODUCTDEFINITIONSHAPE($,$,(#9209,#9217,#9224));
#9211=IFCCARTESIANPOINT((0.,0.,0.));
#9212=IFCDIRECTION((1.,0.,0.));
#9213=IFCDIRECTION((0.,1.,0.));
#9214=IFCDIRECTION((0.,0.,1.));
#9215=IFCCARTESIANTRANSFORMATIONOPERATOR3D(#9212,#9213,#9211,1.,#9214);
#9216=IFCMAPPEDITEM(#7827,#9215);
#9217=IFCSHAPEREPRESENTATION(#11,'Body','MappedRepresentation',(#9216));
#9218=IFCCARTESIANPOINT((0.,0.,0.));
#9219=IFCDIRECTION((1.,0.,0.));
#9220=IFCDIRECTION((0.,1.,0.));
#9221=IFCDIRECTION((0.,0.,1.));
#9222=IFCCARTESIANTRANSFORMATIONOPERATOR3D(#9219,#9220,#9218,1.,#9221);
#9223=IFCMAPPEDITEM(#7905,#9222);
#9224=IFCSHAPEREPRESENTATION(#24,'Body','MappedRepresentation',(#9223));
#9225=IFCOPENINGELEMENT('1vpokJftr82Q1Q5KmJ7S53',$,'Opening',$,$,#9379,#9238,$,.OPENING.);
#9231=IFCCARTESIANPOINT((0.,0.,0.));
#9232=IFCDIRECTION((1.,0.,0.));
#9233=IFCDIRECTION((0.,1.,0.));
#9234=IFCDIRECTION((0.,0.,1.));
#9235=IFCCARTESIANTRANSFORMATIONOPERATOR3D(#9232,#9233,#9231,1.,#9234);
#9236=IFCMAPPEDITEM(#7968,#9235);
#9237=IFCSHAPEREPRESENTATION(#11,'Body','MappedRepresentation',(#9236));
#9238=IFCPRODUCTDEFINITIONSHAPE($,$,(#9237));
#9239=IFCRELVOIDSELEMENT('2hK0I8noX20AFxVshOIcdT',$,$,$,#6381,#9225);
#9245=IFCRELFILLSELEMENT('0AauFcXqv3iACkvWSFLqml',$,$,$,#9225,#9202);
#9266=IFCCARTESIANPOINTLIST3D(((0.,0.,0.),(0.89484572410583496,0.,0.),(0.89484572410583496,0.,2.),(0.,0.,2.)));
#9267=IFCINDEXEDPOLYCURVE(#9266,(IFCLINEINDEX((1,2,3,4,1))),$);
#9268=IFCSHAPEREPRESENTATION(#18,'Profile','Curve3D',(#9267));
#9269=IFCCARTESIANPOINTLIST2D(((0.,0.),(0.,2.),(0.89484572410583496,2.),(0.89484572410583496,0.),(0.86984572373330593,0.),(0.86984572373330593,1.974999999627471),(0.02500000037252903,1.974999999627471),(0.02500000037252903,0.)));
#9270=IFCINDEXEDPOLYCURVE(#9269,(IFCLINEINDEX((1,2,3,4,5,6,7,8,1))),$);
#9271=IFCARBITRARYCLOSEDPROFILEDEF(.AREA.,$,#9270);
#9272=IFCCARTESIANPOINT((0.,0.02500000037252903,0.));
#9273=IFCDIRECTION((0.,-1.,0.));
#9274=IFCDIRECTION((1.,0.,0.));
#9275=IFCAXIS2PLACEMENT3D(#9272,#9273,#9274);
#9276=IFCDIRECTION((0.,0.,-1.));
#9277=IFCEXTRUDEDAREASOLID(#9271,#9275,#9276,0.02500000037252903);
#9278=IFCCARTESIANPOINTLIST2D(((0.,0.),(0.,2.),(0.89484572410583496,2.),(0.89484572410583496,0.),(0.8448457233607769,0.),(0.8448457233607769,1.9499999992549419),(0.05000000074505806,1.9499999992549419),(0.05000000074505806,0.)));
#9279=IFCINDEXEDPOLYCURVE(#9278,(IFCLINEINDEX((1,2,3,4,5,6,7,8,1))),$);
#9280=IFCARBITRARYCLOSEDPROFILEDEF(.AREA.,$,#9279);
#9281=IFCCARTESIANPOINT((0.,0.,0.));
#9282=IFCDIRECTION((0.,-1.,0.));
#9283=IFCDIRECTION((1.,0.,0.));
#9284=IFCAXIS2PLACEMENT3D(#9281,#9282,#9283);
#9285=IFCDIRECTION((0.,0.,-1.));
#9286=IFCEXTRUDEDAREASOLID(#9280,#9284,#9285,0.02500000037252903);
#9287=IFCCARTESIANPOINTLIST2D(((0.,0.),(0.79484572261571884,0.),(0.79484572261571884,0.10000000149011612),(0.,0.10000000149011612)));
#9288=IFCINDEXEDPOLYCURVE(#9287,(IFCLINEINDEX((1,2,3,4,1))),$);
#9289=IFCARBITRARYCLOSEDPROFILEDEF(.AREA.,$,#9288);
#9290=IFCCARTESIANPOINT((0.05000000074505806,0.,0.));
#9291=IFCDIRECTION((0.,0.,1.));
#9292=IFCDIRECTION((1.,0.,0.));
#9293=IFCAXIS2PLACEMENT3D(#9290,#9291,#9292);
#9294=IFCDIRECTION((0.,0.,1.));
#9295=IFCEXTRUDEDAREASOLID(#9289,#9293,#9294,0.02500000037252903);
#9296=IFCCARTESIANPOINTLIST2D(((0.,0.),(0.,2.0250000022351742),(0.94484572857618332,2.0250000022351742),(0.94484572857618332,0.),(0.86984572559595108,0.),(0.86984572559595108,1.9499999992549419),(0.075000002980232239,1.9499999992549419),(0.075000002980232239,0.)));
#9297=IFCINDEXEDPOLYCURVE(#9296,(IFCLINEINDEX((1,2,3,4,5,6,7,8,1))),$);
#9298=IFCARBITRARYCLOSEDPROFILEDEF(.AREA.,$,#9297);
#9299=IFCCARTESIANPOINT((-0.025000002235174179,-0.004999999888241291,0.));
#9300=IFCDIRECTION((0.,-1.,0.));
#9301=IFCDIRECTION((1.,0.,0.));
#9302=IFCAXIS2PLACEMENT3D(#9299,#9300,#9301);
#9303=IFCDIRECTION((0.,0.,-1.));
#9304=IFCEXTRUDEDAREASOLID(#9298,#9302,#9303,0.004999999888241291);
#9305=IFCCARTESIANPOINTLIST2D(((0.,0.),(0.,2.0250000022351742),(0.94484572857618332,2.0250000022351742),(0.94484572857618332,0.),(0.89484572596848011,0.),(0.89484572596848011,1.974999999627471),(0.050000002607703209,1.974999999627471),(0.050000002607703209,0.)));
#9306=IFCINDEXEDPOLYCURVE(#9305,(IFCLINEINDEX((1,2,3,4,5,6,7,8,1))),$);
#9307=IFCARBITRARYCLOSEDPROFILEDEF(.AREA.,$,#9306);
#9308=IFCCARTESIANPOINT((-0.025000002235174179,0.05000000074505806,0.));
#9309=IFCDIRECTION((0.,-1.,0.));
#9310=IFCDIRECTION((1.,0.,0.));
#9311=IFCAXIS2PLACEMENT3D(#9308,#9309,#9310);
#9312=IFCDIRECTION((0.,0.,-1.));
#9313=IFCEXTRUDEDAREASOLID(#9307,#9311,#9312,0.004999999888241291);
#9314=IFCCARTESIANPOINTLIST2D(((0.,0.),(0.8448457233607769,0.),(0.8448457233607769,0.035000000149011612),(0.,0.035000000149011612)));
#9315=IFCINDEXEDPOLYCURVE(#9314,(IFCLINEINDEX((1,2,3,4,1))),$);
#9316=IFCARBITRARYCLOSEDPROFILEDEF(.AREA.,$,#9315);
#9317=IFCCARTESIANPOINT((0.02500000037252903,0.02500000037252903,0.02500000037252903));
#9318=IFCDIRECTION((0.,0.,1.));
#9319=IFCDIRECTION((1.,0.,0.));
#9320=IFCAXIS2PLACEMENT3D(#9317,#9318,#9319);
#9321=IFCDIRECTION((0.,0.,1.));
#9322=IFCEXTRUDEDAREASOLID(#9316,#9320,#9321,1.9499999992549419);
#9323=IFCCARTESIANPOINTLIST2D(((0.,0.),(0.,-0.040000000000000001),(-0.11999999999999988,-0.040000000000000001),(-0.11999999999999988,-0.02),(-0.020000000000000018,-0.02),(-0.020000000000000018,0.)));
#9324=IFCINDEXEDPOLYCURVE(#9323,(IFCLINEINDEX((1,2,3,4,5,6,1))),$);
#9325=IFCARBITRARYCLOSEDPROFILEDEF(.AREA.,$,#9324);
#9326=IFCCARTESIANPOINT((0.81984572373330589,0.02500000037252903,1.015000000372529));
#9327=IFCDIRECTION((0.,0.,1.));
#9328=IFCDIRECTION((1.,0.,0.));
#9329=IFCAXIS2PLACEMENT3D(#9326,#9327,#9328);
#9330=IFCDIRECTION((0.,0.,1.));
#9331=IFCEXTRUDEDAREASOLID(#9325,#9329,#9330,0.02);
#9332=IFCEXTRUDEDAREASOLID(#9333,#9336,#9340,0.02);
#9333=IFCARBITRARYCLOSEDPROFILEDEF(.AREA.,$,#9334);
#9334=IFCINDEXEDPOLYCURVE(#9335,(IFCLINEINDEX((1,2,3,4,5,6,1))),$);
#9335=IFCCARTESIANPOINTLIST2D(((0.,0.),(0.,0.040000000000000008),(-0.11999999999999988,0.040000000000000008),(-0.11999999999999988,0.020000000000000004),(-0.020000000000000018,0.020000000000000004),(-0.020000000000000018,0.)));
#9336=IFCAXIS2PLACEMENT3D(#9337,#9338,#9339);
#9337=IFCCARTESIANPOINT((0.81984572373330589,0.060000000521540642,1.015000000372529));
#9338=IFCDIRECTION((0.,0.,1.));
#9339=IFCDIRECTION((1.,0.,0.));
#9340=IFCDIRECTION((0.,0.,1.));
#9341=IFCSHAPEREPRESENTATION(#11,'Body','SweptSolid',(#9277,#9286,#9322,#9331,#9332,#9295,#9304,#9313));
#9342=IFCSHAPEREPRESENTATION(#11,'Body','SweptSolid',(#9277,#9286,#9295,#9304,#9313));
#9343=IFCSHAPEASPECT((#9342),'Lining',$,.T.,#9210);
#9344=IFCSHAPEREPRESENTATION(#11,'Body','SweptSolid',(#9322,#9331,#9332));
#9345=IFCSHAPEASPECT((#9344),'Framing',$,.T.,#9210);
#9346=IFCCARTESIANPOINTLIST2D(((0.,0.),(0.,0.05000000074505806),(0.02500000037252903,0.05000000074505806),(0.02500000037252903,0.02500000037252903),(0.05000000074505806,0.02500000037252903),(0.05000000074505806,0.)));
#9347=IFCINDEXEDPOLYCURVE(#9346,(IFCLINEINDEX((1,2,3,4,5,6,1))),$);
#9348=IFCINDEXEDPOLYCURVE(#9349,(IFCLINEINDEX((1,2,3,4,5,6,1))),$);
#9349=IFCCARTESIANPOINTLIST2D(((0.89484572410583496,0.),(0.89484572410583496,0.05000000074505806),(0.86984572373330593,0.05000000074505806),(0.86984572373330593,0.02500000037252903),(0.8448457233607769,0.02500000037252903),(0.8448457233607769,0.)));
#9350=IFCDIRECTION((1.,0.));
#9351=IFCCARTESIANPOINT((0.060000000521540642,0.05000000074505806));
#9352=IFCAXIS2PLACEMENT2D(#9351,#9350);
#9353=IFCELLIPSE(#9352,0.80984572321176529,0.8448457233607769);
#9354=IFCCARTESIANPOINT((0.86984572373330593,0.05000000074505806));
#9355=IFCCARTESIANPOINT((0.060000000521540642,0.89484572410583496));
#9356=IFCTRIMMEDCURVE(#9353,(#9354),(#9355),.T.,.CARTESIAN.);
#9357=IFCCARTESIANPOINTLIST2D(((0.02500000037252903,0.05000000074505806),(0.060000000521540642,0.05000000074505806),(0.060000000521540642,0.89484572410583496),(0.02500000037252903,0.89484572410583496)));
#9358=IFCINDEXEDPOLYCURVE(#9357,(IFCLINEINDEX((1,2,3,4,1))),$);
#9359=IFCSHAPEREPRESENTATION(#24,'Body','Curve2D',(#9347,#9348,#9356,#9358));
#9360=IFCCARTESIANPOINTLIST2D(((0.,0.),(0.89484572410583496,0.),(0.89484572410583496,2.),(0.,2.)));
#9361=IFCINDEXEDPOLYCURVE(#9360,(IFCLINEINDEX((1,2,3,4,1))),$);
#9362=IFCARBITRARYCLOSEDPROFILEDEF(.AREA.,$,#9361);
#9363=IFCCARTESIANPOINT((0.,-0.60000002384185791,0.));
#9364=IFCDIRECTION((0.,-1.,0.));
#9365=IFCDIRECTION((1.,0.,0.));
#9366=IFCAXIS2PLACEMENT3D(#9363,#9364,#9365);
#9367=IFCDIRECTION((0.,0.,-1.));
#9368=IFCEXTRUDEDAREASOLID(#9362,#9366,#9367,1.2);
#9369=IFCSHAPEREPRESENTATION(#11,'Body','SweptSolid',(#9368));
#9375=IFCCARTESIANPOINT((0.22909150437844272,4.1118996207956116E-07,0.));
#9376=IFCDIRECTION((0.,0.,1.));
#9377=IFCDIRECTION((0.99999999999988631,-4.7683715820309789E-07,0.));
#9378=IFCAXIS2PLACEMENT3D(#9375,#9376,#9377);
#9379=IFCLOCALPLACEMENT(#9078,#9378);
#9380=IFCCARTESIANPOINT((5.5511151231257827E-17,-4.4408920985006262E-16,0.));
#9381=IFCDIRECTION((0.,0.,1.));
#9382=IFCDIRECTION((1.,-2.6469779601696886E-23,0.));
#9383=IFCAXIS2PLACEMENT3D(#9380,#9381,#9382);
#9384=IFCLOCALPLACEMENT(#9379,#9383);
#9390=IFCCARTESIANPOINT((0.9648001269498272,0.10000012981540779,0.));
#9391=IFCDIRECTION((0.,0.,1.));
#9392=IFCDIRECTION((-0.99999999999999611,-8.7422783678901773E-08,0.));
#9393=IFCAXIS2PLACEMENT3D(#9390,#9391,#9392);
#9394=IFCLOCALPLACEMENT(#9088,#9393);
#9395=IFCCARTESIANPOINT((2.2204460492503131E-16,0.,0.));
#9396=IFCDIRECTION((0.,0.,1.));
#9397=IFCDIRECTION((0.99999999999999978,2.6469779601696886E-23,0.));
#9398=IFCAXIS2PLACEMENT3D(#9395,#9396,#9397);
#9399=IFCLOCALPLACEMENT(#9394,#9398);
#9400=IFCDOORTYPE('194ZZISPH9vOXexalHLPJI',$,'Balcony-2-2F',$,$,(#9401),(#9403,#9411,#9489,#9675),$,$,.DOOR.,.SINGLE_SWING_LEFT.,$,$);
#9401=IFCPROPERTYSET('0PM$f$xbr0YRXksRaxMO8X',$,'BBIM_Door',$,(#9402));
#9402=IFCPROPERTYSINGLEVALUE('Data',$,IFCTEXT('{"door_type": "SLIDING_TO_RIGHT", "overall_height": 2.0, "overall_width": 2.0009641647338867, "lining_properties": {"lining_depth": 0.05000000074505806, "lining_thickness": 0.05000000074505806, "lining_offset": 0.0, "transom_thickness": 0.0, "casing_thickness": 0.07500000298023224, "casing_depth": 0.004999999888241291, "threshold_thickness": 0.02500000037252903, "threshold_depth": 0.10000000149011612, "threshold_offset": 0.0}, "panel_properties": {"panel_depth": 0.03500000014901161, "panel_width_ratio": 1.0}}'),$);
#9403=IFCREPRESENTATIONMAP(#9404,#9590);
#9404=IFCAXIS2PLACEMENT3D(#9405,#9406,#9407);
#9405=IFCCARTESIANPOINT((0.,0.,0.));
#9406=IFCDIRECTION((0.,0.,1.));
#9407=IFCDIRECTION((1.,0.,0.));
#9411=IFCREPRESENTATIONMAP(#9412,#9654);
#9412=IFCAXIS2PLACEMENT3D(#9413,#9414,#9415);
#9413=IFCCARTESIANPOINT((0.,0.,0.));
#9414=IFCDIRECTION((0.,0.,1.));
#9415=IFCDIRECTION((1.,0.,0.));
#9489=IFCREPRESENTATIONMAP(#9490,#9665);
#9490=IFCAXIS2PLACEMENT3D(#9491,#9492,#9493);
#9491=IFCCARTESIANPOINT((0.,0.,0.));
#9492=IFCDIRECTION((0.,0.,1.));
#9493=IFCDIRECTION((1.,0.,0.));
#9508=IFCDOOR('323pVWFzb4uwUXufEXmHuc',$,'Door',$,$,#9707,#9517,$,2.,2.0009641647338867,$,.SLIDING_TO_RIGHT.,$);
#9509=IFCRELDEFINESBYTYPE('10wX0hJ4L0VBqRKzQqiiq1',$,$,$,(#9508),#9400);
#9510=IFCCARTESIANPOINT((0.,0.,0.));
#9511=IFCDIRECTION((1.,0.,0.));
#9512=IFCDIRECTION((0.,1.,0.));
#9513=IFCDIRECTION((0.,0.,1.));
#9514=IFCCARTESIANTRANSFORMATIONOPERATOR3D(#9511,#9512,#9510,1.,#9513);
#9515=IFCMAPPEDITEM(#9403,#9514);
#9516=IFCSHAPEREPRESENTATION(#18,'Profile','MappedRepresentation',(#9515));
#9517=IFCPRODUCTDEFINITIONSHAPE($,$,(#9516,#9524,#9531,#9682));
#9518=IFCCARTESIANPOINT((0.,0.,0.));
#9519=IFCDIRECTION((1.,0.,0.));
#9520=IFCDIRECTION((0.,1.,0.));
#9521=IFCDIRECTION((0.,0.,1.));
#9522=IFCCARTESIANTRANSFORMATIONOPERATOR3D(#9519,#9520,#9518,1.,#9521);
#9523=IFCMAPPEDITEM(#9411,#9522);
#9524=IFCSHAPEREPRESENTATION(#11,'Body','MappedRepresentation',(#9523));
#9525=IFCCARTESIANPOINT((0.,0.,0.));
#9526=IFCDIRECTION((1.,0.,0.));
#9527=IFCDIRECTION((0.,1.,0.));
#9528=IFCDIRECTION((0.,0.,1.));
#9529=IFCCARTESIANTRANSFORMATIONOPERATOR3D(#9526,#9527,#9525,1.,#9528);
#9530=IFCMAPPEDITEM(#9489,#9529);
#9531=IFCSHAPEREPRESENTATION(#24,'Body','MappedRepresentation',(#9530));
#9532=IFCOPENINGELEMENT('2edTqxzdv3m8R7QPzHLQ7F',$,'Opening',$,$,#9702,#9560,$,.OPENING.);
#9548=IFCCARTESIANPOINT((0.,0.,0.));
#9549=IFCDIRECTION((1.,0.,0.));
#9550=IFCDIRECTION((0.,0.,1.));
#9551=IFCAXIS2PLACEMENT3D(#9548,#9550,#9549);
#9552=IFCREPRESENTATIONMAP(#9551,#9692);
#9553=IFCCARTESIANPOINT((0.,0.,0.));
#9554=IFCDIRECTION((1.,0.,0.));
#9555=IFCDIRECTION((0.,1.,0.));
#9556=IFCDIRECTION((0.,0.,1.));
#9557=IFCCARTESIANTRANSFORMATIONOPERATOR3D(#9554,#9555,#9553,1.,#9556);
#9558=IFCMAPPEDITEM(#9552,#9557);
#9559=IFCSHAPEREPRESENTATION(#11,'Body','MappedRepresentation',(#9558));
#9560=IFCPRODUCTDEFINITIONSHAPE($,$,(#9559));
#9561=IFCRELVOIDSELEMENT('3ETXq07Pr629rMh2OYRsey',$,$,$,#6331,#9532);
#9567=IFCRELFILLSELEMENT('0UuLPwX5zDiPe_X3tIaaGc',$,$,$,#9532,#9508);
#9588=IFCCARTESIANPOINTLIST3D(((0.,0.,0.),(2.0009641647338867,0.,0.),(2.0009641647338867,0.,2.),(0.,0.,2.)));
#9589=IFCINDEXEDPOLYCURVE(#9588,(IFCLINEINDEX((1,2,3,4,1))),$);
#9590=IFCSHAPEREPRESENTATION(#18,'Profile','Curve3D',(#9589));
#9591=IFCCARTESIANPOINTLIST2D(((0.,0.),(0.,2.),(2.0009641647338867,2.),(2.0009641647338867,0.),(1.9509641639888287,0.),(1.9509641639888287,1.9499999992549419),(0.05000000074505806,1.9499999992549419),(0.05000000074505806,0.)));
#9592=IFCINDEXEDPOLYCURVE(#9591,(IFCLINEINDEX((1,2,3,4,5,6,7,8,1))),$);
#9593=IFCARBITRARYCLOSEDPROFILEDEF(.AREA.,$,#9592);
#9594=IFCCARTESIANPOINT((0.,0.,0.));
#9595=IFCDIRECTION((0.,-1.,0.));
#9596=IFCDIRECTION((1.,0.,0.));
#9597=IFCAXIS2PLACEMENT3D(#9594,#9595,#9596);
#9598=IFCDIRECTION((0.,0.,-1.));
#9599=IFCEXTRUDEDAREASOLID(#9593,#9597,#9598,0.05000000074505806);
#9600=IFCCARTESIANPOINTLIST2D(((0.,0.),(1.9009641632437706,0.),(1.9009641632437706,0.10000000149011612),(0.,0.10000000149011612)));
#9601=IFCINDEXEDPOLYCURVE(#9600,(IFCLINEINDEX((1,2,3,4,1))),$);
#9602=IFCARBITRARYCLOSEDPROFILEDEF(.AREA.,$,#9601);
#9603=IFCCARTESIANPOINT((0.05000000074505806,0.,0.));
#9604=IFCDIRECTION((0.,0.,1.));
#9605=IFCDIRECTION((1.,0.,0.));
#9606=IFCAXIS2PLACEMENT3D(#9603,#9604,#9605);
#9607=IFCDIRECTION((0.,0.,1.));
#9608=IFCEXTRUDEDAREASOLID(#9602,#9606,#9607,0.02500000037252903);
#9609=IFCCARTESIANPOINTLIST2D(((0.,0.),(0.,2.0250000022351742),(2.0509641692042351,2.0250000022351742),(2.0509641692042351,0.),(1.9759641662240028,0.),(1.9759641662240028,1.9499999992549419),(0.075000002980232239,1.9499999992549419),(0.075000002980232239,0.)));
#9610=IFCINDEXEDPOLYCURVE(#9609,(IFCLINEINDEX((1,2,3,4,5,6,7,8,1))),$);
#9611=IFCARBITRARYCLOSEDPROFILEDEF(.AREA.,$,#9610);
#9612=IFCCARTESIANPOINT((-0.025000002235174179,-0.004999999888241291,0.));
#9613=IFCDIRECTION((0.,-1.,0.));
#9614=IFCDIRECTION((1.,0.,0.));
#9615=IFCAXIS2PLACEMENT3D(#9612,#9613,#9614);
#9616=IFCDIRECTION((0.,0.,-1.));
#9617=IFCEXTRUDEDAREASOLID(#9611,#9615,#9616,0.004999999888241291);
#9618=IFCCARTESIANPOINTLIST2D(((0.,0.),(0.,2.0250000022351742),(2.0509641692042351,2.0250000022351742),(2.0509641692042351,0.),(1.9759641662240028,0.),(1.9759641662240028,1.9499999992549419),(0.075000002980232239,1.9499999992549419),(0.075000002980232239,0.)));
#9619=IFCINDEXEDPOLYCURVE(#9618,(IFCLINEINDEX((1,2,3,4,5,6,7,8,1))),$);
#9620=IFCARBITRARYCLOSEDPROFILEDEF(.AREA.,$,#9619);
#9621=IFCCARTESIANPOINT((-0.025000002235174179,0.05000000074505806,0.));
#9622=IFCDIRECTION((0.,-1.,0.));
#9623=IFCDIRECTION((1.,0.,0.));
#9624=IFCAXIS2PLACEMENT3D(#9621,#9622,#9623);
#9625=IFCDIRECTION((0.,0.,-1.));
#9626=IFCEXTRUDEDAREASOLID(#9620,#9624,#9625,0.004999999888241291);
#9627=IFCCARTESIANPOINTLIST2D(((0.,0.),(1.9009641632437706,0.),(1.9009641632437706,0.035000000149011612),(0.,0.035000000149011612)));
#9628=IFCINDEXEDPOLYCURVE(#9627,(IFCLINEINDEX((1,2,3,4,1))),$);
#9629=IFCARBITRARYCLOSEDPROFILEDEF(.AREA.,$,#9628);
#9630=IFCCARTESIANPOINT((0.05000000074505806,-0.035000000149011612,0.02500000037252903));
#9631=IFCDIRECTION((0.,0.,1.));
#9632=IFCDIRECTION((1.,0.,0.));
#9633=IFCAXIS2PLACEMENT3D(#9630,#9631,#9632);
#9634=IFCDIRECTION((0.,0.,1.));
#9635=IFCEXTRUDEDAREASOLID(#9629,#9633,#9634,1.9249999988824129);
#9636=IFCCARTESIANPOINTLIST2D(((0.,0.),(0.,-0.040000000000000001),(0.12,-0.040000000000000001),(0.12,-0.02),(0.02,-0.02),(0.02,0.)));
#9637=IFCINDEXEDPOLYCURVE(#9636,(IFCLINEINDEX((1,2,3,4,5,6,1))),$);
#9638=IFCARBITRARYCLOSEDPROFILEDEF(.AREA.,$,#9637);
#9639=IFCCARTESIANPOINT((0.10000000074505806,-0.035000000149011612,1.015000000372529));
#9640=IFCDIRECTION((0.,0.,1.));
#9641=IFCDIRECTION((1.,0.,0.));
#9642=IFCAXIS2PLACEMENT3D(#9639,#9640,#9641);
#9643=IFCDIRECTION((0.,0.,1.));
#9644=IFCEXTRUDEDAREASOLID(#9638,#9642,#9643,0.02);
#9645=IFCEXTRUDEDAREASOLID(#9646,#9649,#9653,0.02);
#9646=IFCARBITRARYCLOSEDPROFILEDEF(.AREA.,$,#9647);
#9647=IFCINDEXEDPOLYCURVE(#9648,(IFCLINEINDEX((1,2,3,4,5,6,1))),$);
#9648=IFCCARTESIANPOINTLIST2D(((0.,0.),(0.,0.040000000000000008),(0.11999999999999998,0.040000000000000008),(0.11999999999999998,0.020000000000000004),(0.020000000000000004,0.020000000000000004),(0.020000000000000004,0.)));
#9649=IFCAXIS2PLACEMENT3D(#9650,#9651,#9652);
#9650=IFCCARTESIANPOINT((0.10000000074505806,0.,1.015000000372529));
#9651=IFCDIRECTION((0.,0.,1.));
#9652=IFCDIRECTION((1.,0.,0.));
#9653=IFCDIRECTION((0.,0.,1.));
#9654=IFCSHAPEREPRESENTATION(#11,'Body','SweptSolid',(#9599,#9635,#9644,#9645,#9608,#9617,#9626));
#9655=IFCSHAPEREPRESENTATION(#11,'Body','SweptSolid',(#9599,#9608,#9617,#9626));
#9656=IFCSHAPEASPECT((#9655),'Lining',$,.T.,#9517);
#9657=IFCSHAPEREPRESENTATION(#11,'Body','SweptSolid',(#9635,#9644,#9645));
#9658=IFCSHAPEASPECT((#9657),'Framing',$,.T.,#9517);
#9659=IFCCARTESIANPOINTLIST2D(((0.,0.),(0.05000000074505806,0.),(0.05000000074505806,0.05000000074505806),(0.,0.05000000074505806)));
#9660=IFCINDEXEDPOLYCURVE(#9659,(IFCLINEINDEX((1,2,3,4,1))),$);
#9661=IFCINDEXEDPOLYCURVE(#9662,(IFCLINEINDEX((1,2,3,4,1))),$);
#9662=IFCCARTESIANPOINTLIST2D(((2.0009641647338867,0.),(1.9509641639888287,0.),(1.9509641639888287,0.05000000074505806),(2.0009641647338867,0.05000000074505806)));
#9663=IFCCARTESIANPOINTLIST2D(((2.901446245610714,-0.035000000149011612),(1.0004820823669434,-0.035000000149011612),(1.0004820823669434,0.),(2.901446245610714,0.)));
#9664=IFCINDEXEDPOLYCURVE(#9663,(IFCLINEINDEX((1,2,3,4,1))),$);
#9665=IFCSHAPEREPRESENTATION(#24,'Body','Curve2D',(#9660,#9661,#9664));
#9666=IFCCARTESIANPOINTLIST2D(((0.71533745788037773,-0.081587428267465345),(1.285626706853509,-0.081587428267465345)));
#9667=IFCINDEXEDPOLYCURVE(#9666,$,$);
#9668=IFCCARTESIANPOINTLIST2D(((0.74533745788037775,-0.050529142855162856),(0.71533745788037773,-0.081587428267465345),(0.74533745788037775,-0.11264571367976783)));
#9669=IFCINDEXEDPOLYCURVE(#9668,$,$);
#9670=IFCSHAPEREPRESENTATION(#25,'Annotation','Curve2D',(#9667,#9669));
#9671=IFCCARTESIANPOINT((0.,0.,0.));
#9672=IFCDIRECTION((1.,0.,0.));
#9673=IFCDIRECTION((0.,0.,1.));
#9674=IFCAXIS2PLACEMENT3D(#9671,#9673,#9672);
#9675=IFCREPRESENTATIONMAP(#9674,#9670);
#9676=IFCCARTESIANPOINT((0.,0.,0.));
#9677=IFCDIRECTION((1.,0.,0.));
#9678=IFCDIRECTION((0.,1.,0.));
#9679=IFCDIRECTION((0.,0.,1.));
#9680=IFCCARTESIANTRANSFORMATIONOPERATOR3D(#9677,#9678,#9676,1.,#9679);
#9681=IFCMAPPEDITEM(#9675,#9680);
#9682=IFCSHAPEREPRESENTATION(#25,'Annotation','MappedRepresentation',(#9681));
#9683=IFCCARTESIANPOINTLIST2D(((0.,0.),(2.0009641647338867,0.),(2.0009641647338867,2.),(0.,2.)));
#9684=IFCINDEXEDPOLYCURVE(#9683,(IFCLINEINDEX((1,2,3,4,1))),$);
#9685=IFCARBITRARYCLOSEDPROFILEDEF(.AREA.,$,#9684);
#9686=IFCCARTESIANPOINT((0.,-0.60000002384185791,0.));
#9687=IFCDIRECTION((0.,-1.,0.));
#9688=IFCDIRECTION((1.,0.,0.));
#9689=IFCAXIS2PLACEMENT3D(#9686,#9687,#9688);
#9690=IFCDIRECTION((0.,0.,-1.));
#9691=IFCEXTRUDEDAREASOLID(#9685,#9689,#9690,1.2);
#9692=IFCSHAPEREPRESENTATION(#11,'Body','SweptSolid',(#9691));
#9698=IFCCARTESIANPOINT((3.3900638181462814,0.024999618530273438,0.));
#9699=IFCDIRECTION((0.,0.,1.));
#9700=IFCDIRECTION((-0.99999999999992428,3.8941436741876494E-07,0.));
#9701=IFCAXIS2PLACEMENT3D(#9698,#9699,#9700);
#9702=IFCLOCALPLACEMENT(#9018,#9701);
#9703=IFCCARTESIANPOINT((0.,0.,0.));
#9704=IFCDIRECTION((0.,0.,1.));
#9705=IFCDIRECTION((1.,0.,0.));
#9706=IFCAXIS2PLACEMENT3D(#9703,#9704,#9705);
#9707=IFCLOCALPLACEMENT(#9702,#9706);
#9711=IFCCARTESIANPOINTLIST2D(((0.,0.),(0.,2.),(0.91095000505447388,2.),(0.91095000505447388,0.),(0.88595000468194485,0.),(0.88595000468194485,1.974999999627471),(0.02500000037252903,1.974999999627471),(0.02500000037252903,0.)));
#9712=IFCINDEXEDPOLYCURVE(#9711,(IFCLINEINDEX((1,2,3,4,5,6,7,8,1))),$);
#9713=IFCARBITRARYCLOSEDPROFILEDEF(.AREA.,$,#9712);
#9714=IFCCARTESIANPOINT((0.,0.02500000037252903,0.));
#9715=IFCDIRECTION((0.,-1.,0.));
#9716=IFCDIRECTION((1.,0.,0.));
#9717=IFCAXIS2PLACEMENT3D(#9714,#9715,#9716);
#9718=IFCDIRECTION((0.,0.,-1.));
#9719=IFCEXTRUDEDAREASOLID(#9713,#9717,#9718,0.02500000037252903);
#9720=IFCCARTESIANPOINTLIST2D(((0.,0.),(0.,2.),(0.91095000505447388,2.),(0.91095000505447388,0.),(0.86095000430941582,0.),(0.86095000430941582,1.9499999992549419),(0.05000000074505806,1.9499999992549419),(0.05000000074505806,0.)));
#9721=IFCINDEXEDPOLYCURVE(#9720,(IFCLINEINDEX((1,2,3,4,5,6,7,8,1))),$);
#9722=IFCARBITRARYCLOSEDPROFILEDEF(.AREA.,$,#9721);
#9723=IFCCARTESIANPOINT((0.,0.,0.));
#9724=IFCDIRECTION((0.,-1.,0.));
#9725=IFCDIRECTION((1.,0.,0.));
#9726=IFCAXIS2PLACEMENT3D(#9723,#9724,#9725);
#9727=IFCDIRECTION((0.,0.,-1.));
#9728=IFCEXTRUDEDAREASOLID(#9722,#9726,#9727,0.02500000037252903);
#9729=IFCCARTESIANPOINTLIST2D(((0.,0.),(0.81095000356435776,0.),(0.81095000356435776,0.10000000149011612),(0.,0.10000000149011612)));
#9730=IFCINDEXEDPOLYCURVE(#9729,(IFCLINEINDEX((1,2,3,4,1))),$);
#9731=IFCARBITRARYCLOSEDPROFILEDEF(.AREA.,$,#9730);
#9732=IFCCARTESIANPOINT((0.05000000074505806,0.,0.));
#9733=IFCDIRECTION((0.,0.,1.));
#9734=IFCDIRECTION((1.,0.,0.));
#9735=IFCAXIS2PLACEMENT3D(#9732,#9733,#9734);
#9736=IFCDIRECTION((0.,0.,1.));
#9737=IFCEXTRUDEDAREASOLID(#9731,#9735,#9736,0.02500000037252903);
#9738=IFCCARTESIANPOINTLIST2D(((0.,0.),(0.,2.0250000022351742),(0.96095000952482224,2.0250000022351742),(0.96095000952482224,0.),(0.88595000654459,0.),(0.88595000654459,1.9499999992549419),(0.075000002980232239,1.9499999992549419),(0.075000002980232239,0.)));
#9739=IFCINDEXEDPOLYCURVE(#9738,(IFCLINEINDEX((1,2,3,4,5,6,7,8,1))),$);
#9740=IFCARBITRARYCLOSEDPROFILEDEF(.AREA.,$,#9739);
#9741=IFCCARTESIANPOINT((-0.025000002235174179,-0.004999999888241291,0.));
#9742=IFCDIRECTION((0.,-1.,0.));
#9743=IFCDIRECTION((1.,0.,0.));
#9744=IFCAXIS2PLACEMENT3D(#9741,#9742,#9743);
#9745=IFCDIRECTION((0.,0.,-1.));
#9746=IFCEXTRUDEDAREASOLID(#9740,#9744,#9745,0.004999999888241291);
#9747=IFCCARTESIANPOINTLIST2D(((0.,0.),(0.,2.0250000022351742),(0.96095000952482224,2.0250000022351742),(0.96095000952482224,0.),(0.91095000691711903,0.),(0.91095000691711903,1.974999999627471),(0.050000002607703209,1.974999999627471),(0.050000002607703209,0.)));
#9748=IFCINDEXEDPOLYCURVE(#9747,(IFCLINEINDEX((1,2,3,4,5,6,7,8,1))),$);
#9749=IFCARBITRARYCLOSEDPROFILEDEF(.AREA.,$,#9748);
#9750=IFCCARTESIANPOINT((-0.025000002235174179,0.05000000074505806,0.));
#9751=IFCDIRECTION((0.,-1.,0.));
#9752=IFCDIRECTION((1.,0.,0.));
#9753=IFCAXIS2PLACEMENT3D(#9750,#9751,#9752);
#9754=IFCDIRECTION((0.,0.,-1.));
#9755=IFCEXTRUDEDAREASOLID(#9749,#9753,#9754,0.004999999888241291);
#9756=IFCCARTESIANPOINTLIST2D(((0.,0.),(0.86095000430941582,0.),(0.86095000430941582,0.035000000149011612),(0.,0.035000000149011612)));
#9757=IFCINDEXEDPOLYCURVE(#9756,(IFCLINEINDEX((1,2,3,4,1))),$);
#9758=IFCARBITRARYCLOSEDPROFILEDEF(.AREA.,$,#9757);
#9759=IFCCARTESIANPOINT((0.02500000037252903,0.02500000037252903,0.02500000037252903));
#9760=IFCDIRECTION((0.,0.,1.));
#9761=IFCDIRECTION((1.,0.,0.));
#9762=IFCAXIS2PLACEMENT3D(#9759,#9760,#9761);
#9763=IFCDIRECTION((0.,0.,1.));
#9764=IFCEXTRUDEDAREASOLID(#9758,#9762,#9763,1.9499999992549419);
#9765=IFCCARTESIANPOINTLIST2D(((0.,0.),(0.,-0.040000000000000001),(-0.11999999999999988,-0.040000000000000001),(-0.11999999999999988,-0.02),(-0.020000000000000018,-0.02),(-0.020000000000000018,0.)));
#9766=IFCINDEXEDPOLYCURVE(#9765,(IFCLINEINDEX((1,2,3,4,5,6,1))),$);
#9767=IFCARBITRARYCLOSEDPROFILEDEF(.AREA.,$,#9766);
#9768=IFCCARTESIANPOINT((0.8359500046819448,0.02500000037252903,1.015000000372529));
#9769=IFCDIRECTION((0.,0.,1.));
#9770=IFCDIRECTION((1.,0.,0.));
#9771=IFCAXIS2PLACEMENT3D(#9768,#9769,#9770);
#9772=IFCDIRECTION((0.,0.,1.));
#9773=IFCEXTRUDEDAREASOLID(#9767,#9771,#9772,0.02);
#9774=IFCEXTRUDEDAREASOLID(#9775,#9778,#9782,0.02);
#9775=IFCARBITRARYCLOSEDPROFILEDEF(.AREA.,$,#9776);
#9776=IFCINDEXEDPOLYCURVE(#9777,(IFCLINEINDEX((1,2,3,4,5,6,1))),$);
#9777=IFCCARTESIANPOINTLIST2D(((0.,0.),(0.,0.040000000000000008),(-0.11999999999999988,0.040000000000000008),(-0.11999999999999988,0.020000000000000004),(-0.020000000000000018,0.020000000000000004),(-0.020000000000000018,0.)));
#9778=IFCAXIS2PLACEMENT3D(#9779,#9780,#9781);
#9779=IFCCARTESIANPOINT((0.8359500046819448,0.060000000521540642,1.015000000372529));
#9780=IFCDIRECTION((0.,0.,1.));
#9781=IFCDIRECTION((1.,0.,0.));
#9782=IFCDIRECTION((0.,0.,1.));
#9841=IFCCARTESIANPOINTLIST2D(((0.,0.),(0.,2.),(0.81284815073013306,2.),(0.81284815073013306,0.),(0.78784815035760403,0.),(0.78784815035760403,1.974999999627471),(0.02500000037252903,1.974999999627471),(0.02500000037252903,0.)));
#9842=IFCINDEXEDPOLYCURVE(#9841,(IFCLINEINDEX((1,2,3,4,5,6,7,8,1))),$);
#9843=IFCARBITRARYCLOSEDPROFILEDEF(.AREA.,$,#9842);
#9844=IFCCARTESIANPOINT((0.,0.02500000037252903,0.));
#9845=IFCDIRECTION((0.,-1.,0.));
#9846=IFCDIRECTION((1.,0.,0.));
#9847=IFCAXIS2PLACEMENT3D(#9844,#9845,#9846);
#9848=IFCDIRECTION((0.,0.,-1.));
#9849=IFCEXTRUDEDAREASOLID(#9843,#9847,#9848,0.02500000037252903);
#9850=IFCCARTESIANPOINTLIST2D(((0.,0.),(0.,2.),(0.81284815073013306,2.),(0.81284815073013306,0.),(0.762848149985075,0.),(0.762848149985075,1.9499999992549419),(0.05000000074505806,1.9499999992549419),(0.05000000074505806,0.)));
#9851=IFCINDEXEDPOLYCURVE(#9850,(IFCLINEINDEX((1,2,3,4,5,6,7,8,1))),$);
#9852=IFCARBITRARYCLOSEDPROFILEDEF(.AREA.,$,#9851);
#9853=IFCCARTESIANPOINT((0.,0.,0.));
#9854=IFCDIRECTION((0.,-1.,0.));
#9855=IFCDIRECTION((1.,0.,0.));
#9856=IFCAXIS2PLACEMENT3D(#9853,#9854,#9855);
#9857=IFCDIRECTION((0.,0.,-1.));
#9858=IFCEXTRUDEDAREASOLID(#9852,#9856,#9857,0.02500000037252903);
#9859=IFCCARTESIANPOINTLIST2D(((0.,0.),(0.71284814924001694,0.),(0.71284814924001694,0.10000000149011612),(0.,0.10000000149011612)));
#9860=IFCINDEXEDPOLYCURVE(#9859,(IFCLINEINDEX((1,2,3,4,1))),$);
#9861=IFCARBITRARYCLOSEDPROFILEDEF(.AREA.,$,#9860);
#9862=IFCCARTESIANPOINT((0.05000000074505806,0.,0.));
#9863=IFCDIRECTION((0.,0.,1.));
#9864=IFCDIRECTION((1.,0.,0.));
#9865=IFCAXIS2PLACEMENT3D(#9862,#9863,#9864);
#9866=IFCDIRECTION((0.,0.,1.));
#9867=IFCEXTRUDEDAREASOLID(#9861,#9865,#9866,0.02500000037252903);
#9868=IFCCARTESIANPOINTLIST2D(((0.,0.),(0.,2.0250000022351742),(0.86284815520048141,2.0250000022351742),(0.86284815520048141,0.),(0.78784815222024918,0.),(0.78784815222024918,1.9499999992549419),(0.075000002980232239,1.9499999992549419),(0.075000002980232239,0.)));
#9869=IFCINDEXEDPOLYCURVE(#9868,(IFCLINEINDEX((1,2,3,4,5,6,7,8,1))),$);
#9870=IFCARBITRARYCLOSEDPROFILEDEF(.AREA.,$,#9869);
#9871=IFCCARTESIANPOINT((-0.025000002235174179,-0.004999999888241291,0.));
#9872=IFCDIRECTION((0.,-1.,0.));
#9873=IFCDIRECTION((1.,0.,0.));
#9874=IFCAXIS2PLACEMENT3D(#9871,#9872,#9873);
#9875=IFCDIRECTION((0.,0.,-1.));
#9876=IFCEXTRUDEDAREASOLID(#9870,#9874,#9875,0.004999999888241291);
#9877=IFCCARTESIANPOINTLIST2D(((0.,0.),(0.,2.0250000022351742),(0.86284815520048141,2.0250000022351742),(0.86284815520048141,0.),(0.81284815259277821,0.),(0.81284815259277821,1.974999999627471),(0.050000002607703209,1.974999999627471),(0.050000002607703209,0.)));
#9878=IFCINDEXEDPOLYCURVE(#9877,(IFCLINEINDEX((1,2,3,4,5,6,7,8,1))),$);
#9879=IFCARBITRARYCLOSEDPROFILEDEF(.AREA.,$,#9878);
#9880=IFCCARTESIANPOINT((-0.025000002235174179,0.05000000074505806,0.));
#9881=IFCDIRECTION((0.,-1.,0.));
#9882=IFCDIRECTION((1.,0.,0.));
#9883=IFCAXIS2PLACEMENT3D(#9880,#9881,#9882);
#9884=IFCDIRECTION((0.,0.,-1.));
#9885=IFCEXTRUDEDAREASOLID(#9879,#9883,#9884,0.004999999888241291);
#9886=IFCCARTESIANPOINTLIST2D(((0.,0.),(0.762848149985075,0.),(0.762848149985075,0.035000000149011612),(0.,0.035000000149011612)));
#9887=IFCINDEXEDPOLYCURVE(#9886,(IFCLINEINDEX((1,2,3,4,1))),$);
#9888=IFCARBITRARYCLOSEDPROFILEDEF(.AREA.,$,#9887);
#9889=IFCCARTESIANPOINT((0.02500000037252903,0.02500000037252903,0.02500000037252903));
#9890=IFCDIRECTION((0.,0.,1.));
#9891=IFCDIRECTION((1.,0.,0.));
#9892=IFCAXIS2PLACEMENT3D(#9889,#9890,#9891);
#9893=IFCDIRECTION((0.,0.,1.));
#9894=IFCEXTRUDEDAREASOLID(#9888,#9892,#9893,1.9499999992549419);
#9895=IFCCARTESIANPOINTLIST2D(((0.,0.),(0.,-0.040000000000000001),(-0.11999999999999988,-0.040000000000000001),(-0.11999999999999988,-0.02),(-0.020000000000000018,-0.02),(-0.020000000000000018,0.)));
#9896=IFCINDEXEDPOLYCURVE(#9895,(IFCLINEINDEX((1,2,3,4,5,6,1))),$);
#9897=IFCARBITRARYCLOSEDPROFILEDEF(.AREA.,$,#9896);
#9898=IFCCARTESIANPOINT((0.73784815035760398,0.02500000037252903,1.015000000372529));
#9899=IFCDIRECTION((0.,0.,1.));
#9900=IFCDIRECTION((1.,0.,0.));
#9901=IFCAXIS2PLACEMENT3D(#9898,#9899,#9900);
#9902=IFCDIRECTION((0.,0.,1.));
#9903=IFCEXTRUDEDAREASOLID(#9897,#9901,#9902,0.02);
#9904=IFCEXTRUDEDAREASOLID(#9905,#9908,#9912,0.02);
#9905=IFCARBITRARYCLOSEDPROFILEDEF(.AREA.,$,#9906);
#9906=IFCINDEXEDPOLYCURVE(#9907,(IFCLINEINDEX((1,2,3,4,5,6,1))),$);
#9907=IFCCARTESIANPOINTLIST2D(((0.,0.),(0.,0.040000000000000008),(-0.11999999999999988,0.040000000000000008),(-0.11999999999999988,0.020000000000000004),(-0.020000000000000018,0.020000000000000004),(-0.020000000000000018,0.)));
#9908=IFCAXIS2PLACEMENT3D(#9909,#9910,#9911);
#9909=IFCCARTESIANPOINT((0.73784815035760398,0.060000000521540642,1.015000000372529));
#9910=IFCDIRECTION((0.,0.,1.));
#9911=IFCDIRECTION((1.,0.,0.));
#9912=IFCDIRECTION((0.,0.,1.));
#9971=IFCCARTESIANPOINTLIST2D(((0.,0.),(0.,2.),(0.81284815073013306,2.),(0.81284815073013306,0.),(0.78784815035760403,0.),(0.78784815035760403,1.974999999627471),(0.02500000037252903,1.974999999627471),(0.02500000037252903,0.)));
#9972=IFCINDEXEDPOLYCURVE(#9971,(IFCLINEINDEX((1,2,3,4,5,6,7,8,1))),$);
#9973=IFCARBITRARYCLOSEDPROFILEDEF(.AREA.,$,#9972);
#9974=IFCCARTESIANPOINT((0.,0.02500000037252903,0.));
#9975=IFCDIRECTION((0.,-1.,0.));
#9976=IFCDIRECTION((1.,0.,0.));
#9977=IFCAXIS2PLACEMENT3D(#9974,#9975,#9976);
#9978=IFCDIRECTION((0.,0.,-1.));
#9979=IFCEXTRUDEDAREASOLID(#9973,#9977,#9978,0.02500000037252903);
#9980=IFCCARTESIANPOINTLIST2D(((0.,0.),(0.,2.),(0.81284815073013306,2.),(0.81284815073013306,0.),(0.762848149985075,0.),(0.762848149985075,1.9499999992549419),(0.05000000074505806,1.9499999992549419),(0.05000000074505806,0.)));
#9981=IFCINDEXEDPOLYCURVE(#9980,(IFCLINEINDEX((1,2,3,4,5,6,7,8,1))),$);
#9982=IFCARBITRARYCLOSEDPROFILEDEF(.AREA.,$,#9981);
#9983=IFCCARTESIANPOINT((0.,0.,0.));
#9984=IFCDIRECTION((0.,-1.,0.));
#9985=IFCDIRECTION((1.,0.,0.));
#9986=IFCAXIS2PLACEMENT3D(#9983,#9984,#9985);
#9987=IFCDIRECTION((0.,0.,-1.));
#9988=IFCEXTRUDEDAREASOLID(#9982,#9986,#9987,0.02500000037252903);
#9989=IFCCARTESIANPOINTLIST2D(((0.,0.),(0.71284814924001694,0.),(0.71284814924001694,0.10000000149011612),(0.,0.10000000149011612)));
#9990=IFCINDEXEDPOLYCURVE(#9989,(IFCLINEINDEX((1,2,3,4,1))),$);
#9991=IFCARBITRARYCLOSEDPROFILEDEF(.AREA.,$,#9990);
#9992=IFCCARTESIANPOINT((0.05000000074505806,0.,0.));
#9993=IFCDIRECTION((0.,0.,1.));
#9994=IFCDIRECTION((1.,0.,0.));
#9995=IFCAXIS2PLACEMENT3D(#9992,#9993,#9994);
#9996=IFCDIRECTION((0.,0.,1.));
#9997=IFCEXTRUDEDAREASOLID(#9991,#9995,#9996,0.02500000037252903);
#9998=IFCCARTESIANPOINTLIST2D(((0.,0.),(0.,2.0250000022351742),(0.86284815520048141,2.0250000022351742),(0.86284815520048141,0.),(0.78784815222024918,0.),(0.78784815222024918,1.9499999992549419),(0.075000002980232239,1.9499999992549419),(0.075000002980232239,0.)));
#9999=IFCINDEXEDPOLYCURVE(#9998,(IFCLINEINDEX((1,2,3,4,5,6,7,8,1))),$);
#10000=IFCARBITRARYCLOSEDPROFILEDEF(.AREA.,$,#9999);
#10001=IFCCARTESIANPOINT((-0.025000002235174179,-0.004999999888241291,0.));
#10002=IFCDIRECTION((0.,-1.,0.));
#10003=IFCDIRECTION((1.,0.,0.));
#10004=IFCAXIS2PLACEMENT3D(#10001,#10002,#10003);
#10005=IFCDIRECTION((0.,0.,-1.));
#10006=IFCEXTRUDEDAREASOLID(#10000,#10004,#10005,0.004999999888241291);
#10007=IFCCARTESIANPOINTLIST2D(((0.,0.),(0.,2.0250000022351742),(0.86284815520048141,2.0250000022351742),(0.86284815520048141,0.),(0.81284815259277821,0.),(0.81284815259277821,1.974999999627471),(0.050000002607703209,1.974999999627471),(0.050000002607703209,0.)));
#10008=IFCINDEXEDPOLYCURVE(#10007,(IFCLINEINDEX((1,2,3,4,5,6,7,8,1))),$);
#10009=IFCARBITRARYCLOSEDPROFILEDEF(.AREA.,$,#10008);
#10010=IFCCARTESIANPOINT((-0.025000002235174179,0.05000000074505806,0.));
#10011=IFCDIRECTION((0.,-1.,0.));
#10012=IFCDIRECTION((1.,0.,0.));
#10013=IFCAXIS2PLACEMENT3D(#10010,#10011,#10012);
#10014=IFCDIRECTION((0.,0.,-1.));
#10015=IFCEXTRUDEDAREASOLID(#10009,#10013,#10014,0.004999999888241291);
#10016=IFCCARTESIANPOINTLIST2D(((0.,0.),(0.762848149985075,0.),(0.762848149985075,0.035000000149011612),(0.,0.035000000149011612)));
#10017=IFCINDEXEDPOLYCURVE(#10016,(IFCLINEINDEX((1,2,3,4,1))),$);
#10018=IFCARBITRARYCLOSEDPROFILEDEF(.AREA.,$,#10017);
#10019=IFCCARTESIANPOINT((0.02500000037252903,0.02500000037252903,0.02500000037252903));
#10020=IFCDIRECTION((0.,0.,1.));
#10021=IFCDIRECTION((1.,0.,0.));
#10022=IFCAXIS2PLACEMENT3D(#10019,#10020,#10021);
#10023=IFCDIRECTION((0.,0.,1.));
#10024=IFCEXTRUDEDAREASOLID(#10018,#10022,#10023,1.9499999992549419);
#10025=IFCCARTESIANPOINTLIST2D(((0.,0.),(0.,-0.040000000000000001),(-0.11999999999999988,-0.040000000000000001),(-0.11999999999999988,-0.02),(-0.020000000000000018,-0.02),(-0.020000000000000018,0.)));
#10026=IFCINDEXEDPOLYCURVE(#10025,(IFCLINEINDEX((1,2,3,4,5,6,1))),$);
#10027=IFCARBITRARYCLOSEDPROFILEDEF(.AREA.,$,#10026);
#10028=IFCCARTESIANPOINT((0.73784815035760398,0.02500000037252903,1.015000000372529));
#10029=IFCDIRECTION((0.,0.,1.));
#10030=IFCDIRECTION((1.,0.,0.));
#10031=IFCAXIS2PLACEMENT3D(#10028,#10029,#10030);
#10032=IFCDIRECTION((0.,0.,1.));
#10033=IFCEXTRUDEDAREASOLID(#10027,#10031,#10032,0.02);
#10034=IFCEXTRUDEDAREASOLID(#10035,#10038,#10042,0.02);
#10035=IFCARBITRARYCLOSEDPROFILEDEF(.AREA.,$,#10036);
#10036=IFCINDEXEDPOLYCURVE(#10037,(IFCLINEINDEX((1,2,3,4,5,6,1))),$);
#10037=IFCCARTESIANPOINTLIST2D(((0.,0.),(0.,0.040000000000000008),(-0.11999999999999988,0.040000000000000008),(-0.11999999999999988,0.020000000000000004),(-0.020000000000000018,0.020000000000000004),(-0.020000000000000018,0.)));
#10038=IFCAXIS2PLACEMENT3D(#10039,#10040,#10041);
#10039=IFCCARTESIANPOINT((0.73784815035760398,0.060000000521540642,1.015000000372529));
#10040=IFCDIRECTION((0.,0.,1.));
#10041=IFCDIRECTION((1.,0.,0.));
#10042=IFCDIRECTION((0.,0.,1.));
#10101=IFCCARTESIANPOINTLIST2D(((0.,0.),(0.,2.),(0.75337368249893188,2.),(0.75337368249893188,0.),(0.72837368212640285,0.),(0.72837368212640285,1.974999999627471),(0.02500000037252903,1.974999999627471),(0.02500000037252903,0.)));
#10102=IFCINDEXEDPOLYCURVE(#10101,(IFCLINEINDEX((1,2,3,4,5,6,7,8,1))),$);
#10103=IFCARBITRARYCLOSEDPROFILEDEF(.AREA.,$,#10102);
#10104=IFCCARTESIANPOINT((0.,0.02500000037252903,0.));
#10105=IFCDIRECTION((0.,-1.,0.));
#10106=IFCDIRECTION((1.,0.,0.));
#10107=IFCAXIS2PLACEMENT3D(#10104,#10105,#10106);
#10108=IFCDIRECTION((0.,0.,-1.));
#10109=IFCEXTRUDEDAREASOLID(#10103,#10107,#10108,0.02500000037252903);
#10110=IFCCARTESIANPOINTLIST2D(((0.,0.),(0.,2.),(0.75337368249893188,2.),(0.75337368249893188,0.),(0.70337368175387383,0.),(0.70337368175387383,1.9499999992549419),(0.05000000074505806,1.9499999992549419),(0.05000000074505806,0.)));
#10111=IFCINDEXEDPOLYCURVE(#10110,(IFCLINEINDEX((1,2,3,4,5,6,7,8,1))),$);
#10112=IFCARBITRARYCLOSEDPROFILEDEF(.AREA.,$,#10111);
#10113=IFCCARTESIANPOINT((0.,0.,0.));
#10114=IFCDIRECTION((0.,-1.,0.));
#10115=IFCDIRECTION((1.,0.,0.));
#10116=IFCAXIS2PLACEMENT3D(#10113,#10114,#10115);
#10117=IFCDIRECTION((0.,0.,-1.));
#10118=IFCEXTRUDEDAREASOLID(#10112,#10116,#10117,0.02500000037252903);
#10119=IFCCARTESIANPOINTLIST2D(((0.,0.),(0.65337368100881577,0.),(0.65337368100881577,0.10000000149011612),(0.,0.10000000149011612)));
#10120=IFCINDEXEDPOLYCURVE(#10119,(IFCLINEINDEX((1,2,3,4,1))),$);
#10121=IFCARBITRARYCLOSEDPROFILEDEF(.AREA.,$,#10120);
#10122=IFCCARTESIANPOINT((0.05000000074505806,0.,0.));
#10123=IFCDIRECTION((0.,0.,1.));
#10124=IFCDIRECTION((1.,0.,0.));
#10125=IFCAXIS2PLACEMENT3D(#10122,#10123,#10124);
#10126=IFCDIRECTION((0.,0.,1.));
#10127=IFCEXTRUDEDAREASOLID(#10121,#10125,#10126,0.02500000037252903);
#10128=IFCCARTESIANPOINTLIST2D(((0.,0.),(0.,2.0250000022351742),(0.80337368696928024,2.0250000022351742),(0.80337368696928024,0.),(0.728373683989048,0.),(0.728373683989048,1.9499999992549419),(0.075000002980232239,1.9499999992549419),(0.075000002980232239,0.)));
#10129=IFCINDEXEDPOLYCURVE(#10128,(IFCLINEINDEX((1,2,3,4,5,6,7,8,1))),$);
#10130=IFCARBITRARYCLOSEDPROFILEDEF(.AREA.,$,#10129);
#10131=IFCCARTESIANPOINT((-0.025000002235174179,-0.004999999888241291,0.));
#10132=IFCDIRECTION((0.,-1.,0.));
#10133=IFCDIRECTION((1.,0.,0.));
#10134=IFCAXIS2PLACEMENT3D(#10131,#10132,#10133);
#10135=IFCDIRECTION((0.,0.,-1.));
#10136=IFCEXTRUDEDAREASOLID(#10130,#10134,#10135,0.004999999888241291);
#10137=IFCCARTESIANPOINTLIST2D(((0.,0.),(0.,2.0250000022351742),(0.80337368696928024,2.0250000022351742),(0.80337368696928024,0.),(0.75337368436157703,0.),(0.75337368436157703,1.974999999627471),(0.050000002607703209,1.974999999627471),(0.050000002607703209,0.)));
#10138=IFCINDEXEDPOLYCURVE(#10137,(IFCLINEINDEX((1,2,3,4,5,6,7,8,1))),$);
#10139=IFCARBITRARYCLOSEDPROFILEDEF(.AREA.,$,#10138);
#10140=IFCCARTESIANPOINT((-0.025000002235174179,0.05000000074505806,0.));
#10141=IFCDIRECTION((0.,-1.,0.));
#10142=IFCDIRECTION((1.,0.,0.));
#10143=IFCAXIS2PLACEMENT3D(#10140,#10141,#10142);
#10144=IFCDIRECTION((0.,0.,-1.));
#10145=IFCEXTRUDEDAREASOLID(#10139,#10143,#10144,0.004999999888241291);
#10146=IFCCARTESIANPOINTLIST2D(((0.,0.),(0.70337368175387383,0.),(0.70337368175387383,0.035000000149011612),(0.,0.035000000149011612)));
#10147=IFCINDEXEDPOLYCURVE(#10146,(IFCLINEINDEX((1,2,3,4,1))),$);
#10148=IFCARBITRARYCLOSEDPROFILEDEF(.AREA.,$,#10147);
#10149=IFCCARTESIANPOINT((0.02500000037252903,0.02500000037252903,0.02500000037252903));
#10150=IFCDIRECTION((0.,0.,1.));
#10151=IFCDIRECTION((1.,0.,0.));
#10152=IFCAXIS2PLACEMENT3D(#10149,#10150,#10151);
#10153=IFCDIRECTION((0.,0.,1.));
#10154=IFCEXTRUDEDAREASOLID(#10148,#10152,#10153,1.9499999992549419);
#10155=IFCCARTESIANPOINTLIST2D(((0.,0.),(0.,-0.040000000000000001),(-0.11999999999999988,-0.040000000000000001),(-0.11999999999999988,-0.02),(-0.020000000000000018,-0.02),(-0.020000000000000018,0.)));
#10156=IFCINDEXEDPOLYCURVE(#10155,(IFCLINEINDEX((1,2,3,4,5,6,1))),$);
#10157=IFCARBITRARYCLOSEDPROFILEDEF(.AREA.,$,#10156);
#10158=IFCCARTESIANPOINT((0.67837368212640281,0.02500000037252903,1.015000000372529));
#10159=IFCDIRECTION((0.,0.,1.));
#10160=IFCDIRECTION((1.,0.,0.));
#10161=IFCAXIS2PLACEMENT3D(#10158,#10159,#10160);
#10162=IFCDIRECTION((0.,0.,1.));
#10163=IFCEXTRUDEDAREASOLID(#10157,#10161,#10162,0.02);
#10164=IFCEXTRUDEDAREASOLID(#10165,#10168,#10172,0.02);
#10165=IFCARBITRARYCLOSEDPROFILEDEF(.AREA.,$,#10166);
#10166=IFCINDEXEDPOLYCURVE(#10167,(IFCLINEINDEX((1,2,3,4,5,6,1))),$);
#10167=IFCCARTESIANPOINTLIST2D(((0.,0.),(0.,0.040000000000000008),(-0.11999999999999988,0.040000000000000008),(-0.11999999999999988,0.020000000000000004),(-0.020000000000000018,0.020000000000000004),(-0.020000000000000018,0.)));
#10168=IFCAXIS2PLACEMENT3D(#10169,#10170,#10171);
#10169=IFCCARTESIANPOINT((0.67837368212640281,0.060000000521540642,1.015000000372529));
#10170=IFCDIRECTION((0.,0.,1.));
#10171=IFCDIRECTION((1.,0.,0.));
#10172=IFCDIRECTION((0.,0.,1.));
#10228=IFCDOOR('3wXRsUGmr2NPla75ptt1er',$,'Door',$,$,#10412,#10237,$,2.,1.3883663415908813,$,.SLIDING_TO_RIGHT.,$);
#10229=IFCRELDEFINESBYTYPE('192G0d1Nf4d9Zzqzs3Yw2I',$,$,$,(#10228),#2396);
#10230=IFCCARTESIANPOINT((0.,0.,0.));
#10231=IFCDIRECTION((1.,0.,0.));
#10232=IFCDIRECTION((0.,1.,0.));
#10233=IFCDIRECTION((0.,0.,1.));
#10234=IFCCARTESIANTRANSFORMATIONOPERATOR3D(#10231,#10232,#10230,1.,#10233);
#10235=IFCMAPPEDITEM(#2399,#10234);
#10236=IFCSHAPEREPRESENTATION(#18,'Profile','MappedRepresentation',(#10235));
#10237=IFCPRODUCTDEFINITIONSHAPE($,$,(#10236,#10244,#10251,#10387));
#10238=IFCCARTESIANPOINT((0.,0.,0.));
#10239=IFCDIRECTION((1.,0.,0.));
#10240=IFCDIRECTION((0.,1.,0.));
#10241=IFCDIRECTION((0.,0.,1.));
#10242=IFCCARTESIANTRANSFORMATIONOPERATOR3D(#10239,#10240,#10238,1.,#10241);
#10243=IFCMAPPEDITEM(#2407,#10242);
#10244=IFCSHAPEREPRESENTATION(#11,'Body','MappedRepresentation',(#10243));
#10245=IFCCARTESIANPOINT((0.,0.,0.));
#10246=IFCDIRECTION((1.,0.,0.));
#10247=IFCDIRECTION((0.,1.,0.));
#10248=IFCDIRECTION((0.,0.,1.));
#10249=IFCCARTESIANTRANSFORMATIONOPERATOR3D(#10246,#10247,#10245,1.,#10248);
#10250=IFCMAPPEDITEM(#2485,#10249);
#10251=IFCSHAPEREPRESENTATION(#24,'Body','MappedRepresentation',(#10250));
#10252=IFCOPENINGELEMENT('3ztPe5LM9Cbh3A5M7zp93_',$,'Opening',$,$,#10407,#10280,$,.OPENING.);
#10268=IFCCARTESIANPOINT((0.,0.,0.));
#10269=IFCDIRECTION((1.,0.,0.));
#10270=IFCDIRECTION((0.,0.,1.));
#10271=IFCAXIS2PLACEMENT3D(#10268,#10270,#10269);
#10272=IFCREPRESENTATIONMAP(#10271,#10397);
#10273=IFCCARTESIANPOINT((0.,0.,0.));
#10274=IFCDIRECTION((1.,0.,0.));
#10275=IFCDIRECTION((0.,1.,0.));
#10276=IFCDIRECTION((0.,0.,1.));
#10277=IFCCARTESIANTRANSFORMATIONOPERATOR3D(#10274,#10275,#10273,1.,#10276);
#10278=IFCMAPPEDITEM(#10272,#10277);
#10279=IFCSHAPEREPRESENTATION(#11,'Body','MappedRepresentation',(#10278));
#10280=IFCPRODUCTDEFINITIONSHAPE($,$,(#10279));
#10281=IFCRELVOIDSELEMENT('0pN4eeOw15p8uKdx$Gh_VS',$,$,$,#988,#10252);
#10287=IFCRELFILLSELEMENT('3znpMXUCT9vPs6EF4ND2YE',$,$,$,#10252,#10228);
#10293=IFCCARTESIANPOINTLIST3D(((0.,0.,0.),(1.3883663415908813,0.,0.),(1.3883663415908813,0.,2.),(0.,0.,2.)));
#10294=IFCINDEXEDPOLYCURVE(#10293,(IFCLINEINDEX((1,2,3,4,1))),$);
#10295=IFCSHAPEREPRESENTATION(#18,'Profile','Curve3D',(#10294));
#10296=IFCCARTESIANPOINTLIST2D(((0.,0.),(0.,2.),(1.3883663415908813,2.),(1.3883663415908813,0.),(1.3383663408458233,0.),(1.3383663408458233,1.9499999992549419),(0.05000000074505806,1.9499999992549419),(0.05000000074505806,0.)));
#10297=IFCINDEXEDPOLYCURVE(#10296,(IFCLINEINDEX((1,2,3,4,5,6,7,8,1))),$);
#10298=IFCARBITRARYCLOSEDPROFILEDEF(.AREA.,$,#10297);
#10299=IFCCARTESIANPOINT((0.,0.,0.));
#10300=IFCDIRECTION((0.,-1.,0.));
#10301=IFCDIRECTION((1.,0.,0.));
#10302=IFCAXIS2PLACEMENT3D(#10299,#10300,#10301);
#10303=IFCDIRECTION((0.,0.,-1.));
#10304=IFCEXTRUDEDAREASOLID(#10298,#10302,#10303,0.05000000074505806);
#10305=IFCCARTESIANPOINTLIST2D(((0.,0.),(1.2883663401007652,0.),(1.2883663401007652,0.10000000149011612),(0.,0.10000000149011612)));
#10306=IFCINDEXEDPOLYCURVE(#10305,(IFCLINEINDEX((1,2,3,4,1))),$);
#10307=IFCARBITRARYCLOSEDPROFILEDEF(.AREA.,$,#10306);
#10308=IFCCARTESIANPOINT((0.05000000074505806,0.,0.));
#10309=IFCDIRECTION((0.,0.,1.));
#10310=IFCDIRECTION((1.,0.,0.));
#10311=IFCAXIS2PLACEMENT3D(#10308,#10309,#10310);
#10312=IFCDIRECTION((0.,0.,1.));
#10313=IFCEXTRUDEDAREASOLID(#10307,#10311,#10312,0.02500000037252903);
#10314=IFCCARTESIANPOINTLIST2D(((0.,0.),(0.,2.0250000022351742),(1.4383663460612297,2.0250000022351742),(1.4383663460612297,0.),(1.3633663430809975,0.),(1.3633663430809975,1.9499999992549419),(0.075000002980232239,1.9499999992549419),(0.075000002980232239,0.)));
#10315=IFCINDEXEDPOLYCURVE(#10314,(IFCLINEINDEX((1,2,3,4,5,6,7,8,1))),$);
#10316=IFCARBITRARYCLOSEDPROFILEDEF(.AREA.,$,#10315);
#10317=IFCCARTESIANPOINT((-0.025000002235174179,-0.004999999888241291,0.));
#10318=IFCDIRECTION((0.,-1.,0.));
#10319=IFCDIRECTION((1.,0.,0.));
#10320=IFCAXIS2PLACEMENT3D(#10317,#10318,#10319);
#10321=IFCDIRECTION((0.,0.,-1.));
#10322=IFCEXTRUDEDAREASOLID(#10316,#10320,#10321,0.004999999888241291);
#10323=IFCCARTESIANPOINTLIST2D(((0.,0.),(0.,2.0250000022351742),(1.4383663460612297,2.0250000022351742),(1.4383663460612297,0.),(1.3633663430809975,0.),(1.3633663430809975,1.9499999992549419),(0.075000002980232239,1.9499999992549419),(0.075000002980232239,0.)));
#10324=IFCINDEXEDPOLYCURVE(#10323,(IFCLINEINDEX((1,2,3,4,5,6,7,8,1))),$);
#10325=IFCARBITRARYCLOSEDPROFILEDEF(.AREA.,$,#10324);
#10326=IFCCARTESIANPOINT((-0.025000002235174179,0.05000000074505806,0.));
#10327=IFCDIRECTION((0.,-1.,0.));
#10328=IFCDIRECTION((1.,0.,0.));
#10329=IFCAXIS2PLACEMENT3D(#10326,#10327,#10328);
#10330=IFCDIRECTION((0.,0.,-1.));
#10331=IFCEXTRUDEDAREASOLID(#10325,#10329,#10330,0.004999999888241291);
#10332=IFCCARTESIANPOINTLIST2D(((0.,0.),(1.2883663401007652,0.),(1.2883663401007652,0.035000000149011612),(0.,0.035000000149011612)));
#10333=IFCINDEXEDPOLYCURVE(#10332,(IFCLINEINDEX((1,2,3,4,1))),$);
#10334=IFCARBITRARYCLOSEDPROFILEDEF(.AREA.,$,#10333);
#10335=IFCCARTESIANPOINT((0.05000000074505806,-0.035000000149011612,0.02500000037252903));
#10336=IFCDIRECTION((0.,0.,1.));
#10337=IFCDIRECTION((1.,0.,0.));
#10338=IFCAXIS2PLACEMENT3D(#10335,#10336,#10337);
#10339=IFCDIRECTION((0.,0.,1.));
#10340=IFCEXTRUDEDAREASOLID(#10334,#10338,#10339,1.9249999988824129);
#10341=IFCCARTESIANPOINTLIST2D(((0.,0.),(0.,-0.040000000000000001),(0.12,-0.040000000000000001),(0.12,-0.02),(0.02,-0.02),(0.02,0.)));
#10342=IFCINDEXEDPOLYCURVE(#10341,(IFCLINEINDEX((1,2,3,4,5,6,1))),$);
#10343=IFCARBITRARYCLOSEDPROFILEDEF(.AREA.,$,#10342);
#10344=IFCCARTESIANPOINT((0.10000000074505806,-0.035000000149011612,1.015000000372529));
#10345=IFCDIRECTION((0.,0.,1.));
#10346=IFCDIRECTION((1.,0.,0.));
#10347=IFCAXIS2PLACEMENT3D(#10344,#10345,#10346);
#10348=IFCDIRECTION((0.,0.,1.));
#10349=IFCEXTRUDEDAREASOLID(#10343,#10347,#10348,0.02);
#10350=IFCEXTRUDEDAREASOLID(#10351,#10354,#10358,0.02);
#10351=IFCARBITRARYCLOSEDPROFILEDEF(.AREA.,$,#10352);
#10352=IFCINDEXEDPOLYCURVE(#10353,(IFCLINEINDEX((1,2,3,4,5,6,1))),$);
#10353=IFCCARTESIANPOINTLIST2D(((0.,0.),(0.,0.040000000000000008),(0.11999999999999998,0.040000000000000008),(0.11999999999999998,0.020000000000000004),(0.020000000000000004,0.020000000000000004),(0.020000000000000004,0.)));
#10354=IFCAXIS2PLACEMENT3D(#10355,#10356,#10357);
#10355=IFCCARTESIANPOINT((0.10000000074505806,0.,1.015000000372529));
#10356=IFCDIRECTION((0.,0.,1.));
#10357=IFCDIRECTION((1.,0.,0.));
#10358=IFCDIRECTION((0.,0.,1.));
#10359=IFCSHAPEREPRESENTATION(#11,'Body','SweptSolid',(#10304,#10340,#10349,#10350,#10313,#10322,#10331));
#10360=IFCSHAPEREPRESENTATION(#11,'Body','SweptSolid',(#10304,#10313,#10322,#10331));
#10361=IFCSHAPEASPECT((#10360),'Lining',$,.T.,#10237);
#10362=IFCSHAPEREPRESENTATION(#11,'Body','SweptSolid',(#10340,#10349,#10350));
#10363=IFCSHAPEASPECT((#10362),'Framing',$,.T.,#10237);
#10364=IFCCARTESIANPOINTLIST2D(((0.,0.),(0.05000000074505806,0.),(0.05000000074505806,0.05000000074505806),(0.,0.05000000074505806)));
#10365=IFCINDEXEDPOLYCURVE(#10364,(IFCLINEINDEX((1,2,3,4,1))),$);
#10366=IFCINDEXEDPOLYCURVE(#10367,(IFCLINEINDEX((1,2,3,4,1))),$);
#10367=IFCCARTESIANPOINTLIST2D(((1.3883663415908813,0.),(1.3383663408458233,0.),(1.3383663408458233,0.05000000074505806),(1.3883663415908813,0.05000000074505806)));
#10368=IFCCARTESIANPOINTLIST2D(((1.9825495108962059,-0.035000000149011612),(0.69418317079544067,-0.035000000149011612),(0.69418317079544067,0.),(1.9825495108962059,0.)));
#10369=IFCINDEXEDPOLYCURVE(#10368,(IFCLINEINDEX((1,2,3,4,1))),$);
#10370=IFCSHAPEREPRESENTATION(#24,'Body','Curve2D',(#10365,#10366,#10369));
#10371=IFCCARTESIANPOINTLIST2D(((0.50092821978032587,-0.081587428267465345),(0.88743812181055548,-0.081587428267465345)));
#10372=IFCINDEXEDPOLYCURVE(#10371,$,$);
#10373=IFCCARTESIANPOINTLIST2D(((0.53092821978032589,-0.050529142855162856),(0.50092821978032587,-0.081587428267465345),(0.53092821978032589,-0.11264571367976783)));
#10374=IFCINDEXEDPOLYCURVE(#10373,$,$);
#10375=IFCSHAPEREPRESENTATION(#25,'Annotation','Curve2D',(#10372,#10374));
#10376=IFCCARTESIANPOINT((0.,0.,0.));
#10377=IFCDIRECTION((1.,0.,0.));
#10378=IFCDIRECTION((0.,0.,1.));
#10379=IFCAXIS2PLACEMENT3D(#10376,#10378,#10377);
#10380=IFCREPRESENTATIONMAP(#10379,#10375);
#10381=IFCCARTESIANPOINT((0.,0.,0.));
#10382=IFCDIRECTION((1.,0.,0.));
#10383=IFCDIRECTION((0.,1.,0.));
#10384=IFCDIRECTION((0.,0.,1.));
#10385=IFCCARTESIANTRANSFORMATIONOPERATOR3D(#10382,#10383,#10381,1.,#10384);
#10386=IFCMAPPEDITEM(#10380,#10385);
#10387=IFCSHAPEREPRESENTATION(#25,'Annotation','MappedRepresentation',(#10386));
#10388=IFCCARTESIANPOINTLIST2D(((0.,0.),(1.3883663415908813,0.),(1.3883663415908813,2.),(0.,2.)));
#10389=IFCINDEXEDPOLYCURVE(#10388,(IFCLINEINDEX((1,2,3,4,1))),$);
#10390=IFCARBITRARYCLOSEDPROFILEDEF(.AREA.,$,#10389);
#10391=IFCCARTESIANPOINT((0.,-0.60000002384185791,0.));
#10392=IFCDIRECTION((0.,-1.,0.));
#10393=IFCDIRECTION((1.,0.,0.));
#10394=IFCAXIS2PLACEMENT3D(#10391,#10392,#10393);
#10395=IFCDIRECTION((0.,0.,-1.));
#10396=IFCEXTRUDEDAREASOLID(#10390,#10394,#10395,1.2);
#10397=IFCSHAPEREPRESENTATION(#11,'Body','SweptSolid',(#10396));
#10403=IFCCARTESIANPOINT((0.048505207576470588,0.075000304990859412,0.));
#10404=IFCDIRECTION((0.,0.,1.));
#10405=IFCDIRECTION((0.99999999999997158,-2.3841857910149749E-07,0.));
#10406=IFCAXIS2PLACEMENT3D(#10403,#10404,#10405);
#10407=IFCLOCALPLACEMENT(#1171,#10406);
#10408=IFCCARTESIANPOINT((-1.1102230246251565E-16,0.,0.));
#10409=IFCDIRECTION((0.,0.,1.));
#10410=IFCDIRECTION((1.,0.,0.));
#10411=IFCAXIS2PLACEMENT3D(#10408,#10409,#10410);
#10412=IFCLOCALPLACEMENT(#10407,#10411);
#10413=IFCCARTESIANPOINTLIST3D(((0.,0.,0.),(0.89672982692718506,0.,0.),(0.89672982692718506,0.,2.),(0.,0.,2.)));
#10414=IFCINDEXEDPOLYCURVE(#10413,(IFCLINEINDEX((1,2,3,4,1))),$);
#10415=IFCSHAPEREPRESENTATION(#18,'Profile','Curve3D',(#10414));
#10416=IFCCARTESIANPOINTLIST2D(((0.,0.),(0.,2.),(0.89672982692718506,2.),(0.89672982692718506,0.),(0.87172982655465603,0.),(0.87172982655465603,1.974999999627471),(0.02500000037252903,1.974999999627471),(0.02500000037252903,0.)));
#10417=IFCINDEXEDPOLYCURVE(#10416,(IFCLINEINDEX((1,2,3,4,5,6,7,8,1))),$);
#10418=IFCARBITRARYCLOSEDPROFILEDEF(.AREA.,$,#10417);
#10419=IFCCARTESIANPOINT((0.,0.02500000037252903,0.));
#10420=IFCDIRECTION((0.,-1.,0.));
#10421=IFCDIRECTION((1.,0.,0.));
#10422=IFCAXIS2PLACEMENT3D(#10419,#10420,#10421);
#10423=IFCDIRECTION((0.,0.,-1.));
#10424=IFCEXTRUDEDAREASOLID(#10418,#10422,#10423,0.02500000037252903);
#10425=IFCCARTESIANPOINTLIST2D(((0.,0.),(0.,2.),(0.89672982692718506,2.),(0.89672982692718506,0.),(0.846729826182127,0.),(0.846729826182127,1.9499999992549419),(0.05000000074505806,1.9499999992549419),(0.05000000074505806,0.)));
#10426=IFCINDEXEDPOLYCURVE(#10425,(IFCLINEINDEX((1,2,3,4,5,6,7,8,1))),$);
#10427=IFCARBITRARYCLOSEDPROFILEDEF(.AREA.,$,#10426);
#10428=IFCCARTESIANPOINT((0.,0.,0.));
#10429=IFCDIRECTION((0.,-1.,0.));
#10430=IFCDIRECTION((1.,0.,0.));
#10431=IFCAXIS2PLACEMENT3D(#10428,#10429,#10430);
#10432=IFCDIRECTION((0.,0.,-1.));
#10433=IFCEXTRUDEDAREASOLID(#10427,#10431,#10432,0.02500000037252903);
#10434=IFCCARTESIANPOINTLIST2D(((0.,0.),(0.79672982543706894,0.),(0.79672982543706894,0.10000000149011612),(0.,0.10000000149011612)));
#10435=IFCINDEXEDPOLYCURVE(#10434,(IFCLINEINDEX((1,2,3,4,1))),$);
#10436=IFCARBITRARYCLOSEDPROFILEDEF(.AREA.,$,#10435);
#10437=IFCCARTESIANPOINT((0.05000000074505806,0.,0.));
#10438=IFCDIRECTION((0.,0.,1.));
#10439=IFCDIRECTION((1.,0.,0.));
#10440=IFCAXIS2PLACEMENT3D(#10437,#10438,#10439);
#10441=IFCDIRECTION((0.,0.,1.));
#10442=IFCEXTRUDEDAREASOLID(#10436,#10440,#10441,0.02500000037252903);
#10443=IFCCARTESIANPOINTLIST2D(((0.,0.),(0.,2.0250000022351742),(0.94672983139753342,2.0250000022351742),(0.94672983139753342,0.),(0.87172982841730118,0.),(0.87172982841730118,1.9499999992549419),(0.075000002980232239,1.9499999992549419),(0.075000002980232239,0.)));
#10444=IFCINDEXEDPOLYCURVE(#10443,(IFCLINEINDEX((1,2,3,4,5,6,7,8,1))),$);
#10445=IFCARBITRARYCLOSEDPROFILEDEF(.AREA.,$,#10444);
#10446=IFCCARTESIANPOINT((-0.025000002235174179,-0.004999999888241291,0.));
#10447=IFCDIRECTION((0.,-1.,0.));
#10448=IFCDIRECTION((1.,0.,0.));
#10449=IFCAXIS2PLACEMENT3D(#10446,#10447,#10448);
#10450=IFCDIRECTION((0.,0.,-1.));
#10451=IFCEXTRUDEDAREASOLID(#10445,#10449,#10450,0.004999999888241291);
#10452=IFCCARTESIANPOINTLIST2D(((0.,0.),(0.,2.0250000022351742),(0.94672983139753342,2.0250000022351742),(0.94672983139753342,0.),(0.89672982878983021,0.),(0.89672982878983021,1.974999999627471),(0.050000002607703209,1.974999999627471),(0.050000002607703209,0.)));
#10453=IFCINDEXEDPOLYCURVE(#10452,(IFCLINEINDEX((1,2,3,4,5,6,7,8,1))),$);
#10454=IFCARBITRARYCLOSEDPROFILEDEF(.AREA.,$,#10453);
#10455=IFCCARTESIANPOINT((-0.025000002235174179,0.05000000074505806,0.));
#10456=IFCDIRECTION((0.,-1.,0.));
#10457=IFCDIRECTION((1.,0.,0.));
#10458=IFCAXIS2PLACEMENT3D(#10455,#10456,#10457);
#10459=IFCDIRECTION((0.,0.,-1.));
#10460=IFCEXTRUDEDAREASOLID(#10454,#10458,#10459,0.004999999888241291);
#10461=IFCCARTESIANPOINTLIST2D(((0.,0.),(0.846729826182127,0.),(0.846729826182127,0.035000000149011612),(0.,0.035000000149011612)));
#10462=IFCINDEXEDPOLYCURVE(#10461,(IFCLINEINDEX((1,2,3,4,1))),$);
#10463=IFCARBITRARYCLOSEDPROFILEDEF(.AREA.,$,#10462);
#10464=IFCCARTESIANPOINT((0.02500000037252903,0.02500000037252903,0.02500000037252903));
#10465=IFCDIRECTION((0.,0.,1.));
#10466=IFCDIRECTION((1.,0.,0.));
#10467=IFCAXIS2PLACEMENT3D(#10464,#10465,#10466);
#10468=IFCDIRECTION((0.,0.,1.));
#10469=IFCEXTRUDEDAREASOLID(#10463,#10467,#10468,1.9499999992549419);
#10470=IFCCARTESIANPOINTLIST2D(((0.,0.),(0.,-0.040000000000000001),(0.12,-0.040000000000000001),(0.12,-0.02),(0.02,-0.02),(0.02,0.)));
#10471=IFCINDEXEDPOLYCURVE(#10470,(IFCLINEINDEX((1,2,3,4,5,6,1))),$);
#10472=IFCARBITRARYCLOSEDPROFILEDEF(.AREA.,$,#10471);
#10473=IFCCARTESIANPOINT((0.075000000372529033,0.02500000037252903,1.015000000372529));
#10474=IFCDIRECTION((0.,0.,1.));
#10475=IFCDIRECTION((1.,0.,0.));
#10476=IFCAXIS2PLACEMENT3D(#10473,#10474,#10475);
#10477=IFCDIRECTION((0.,0.,1.));
#10478=IFCEXTRUDEDAREASOLID(#10472,#10476,#10477,0.02);
#10479=IFCEXTRUDEDAREASOLID(#10480,#10483,#10487,0.02);
#10480=IFCARBITRARYCLOSEDPROFILEDEF(.AREA.,$,#10481);
#10481=IFCINDEXEDPOLYCURVE(#10482,(IFCLINEINDEX((1,2,3,4,5,6,1))),$);
#10482=IFCCARTESIANPOINTLIST2D(((0.,0.),(0.,0.040000000000000008),(0.11999999999999998,0.040000000000000008),(0.11999999999999998,0.020000000000000004),(0.020000000000000004,0.020000000000000004),(0.020000000000000004,0.)));
#10483=IFCAXIS2PLACEMENT3D(#10484,#10485,#10486);
#10484=IFCCARTESIANPOINT((0.075000000372529033,0.060000000521540642,1.015000000372529));
#10485=IFCDIRECTION((0.,0.,1.));
#10486=IFCDIRECTION((1.,0.,0.));
#10487=IFCDIRECTION((0.,0.,1.));
#10488=IFCSHAPEREPRESENTATION(#11,'Body','SweptSolid',(#10424,#10433,#10469,#10478,#10479,#10442,#10451,#10460));
#10489=IFCCARTESIANPOINTLIST2D(((0.,0.),(0.,0.05000000074505806),(0.02500000037252903,0.05000000074505806),(0.02500000037252903,0.02500000037252903),(0.05000000074505806,0.02500000037252903),(0.05000000074505806,0.)));
#10490=IFCINDEXEDPOLYCURVE(#10489,(IFCLINEINDEX((1,2,3,4,5,6,1))),$);
#10491=IFCINDEXEDPOLYCURVE(#10492,(IFCLINEINDEX((1,2,3,4,5,6,1))),$);
#10492=IFCCARTESIANPOINTLIST2D(((0.89672982692718506,0.),(0.89672982692718506,0.05000000074505806),(0.87172982655465603,0.05000000074505806),(0.87172982655465603,0.02500000037252903),(0.846729826182127,0.02500000037252903),(0.846729826182127,0.)));
#10493=IFCDIRECTION((1.,0.));
#10494=IFCCARTESIANPOINT((0.83672982640564442,0.05000000074505806));
#10495=IFCAXIS2PLACEMENT2D(#10494,#10493);
#10496=IFCELLIPSE(#10495,0.81172982603311539,0.846729826182127);
#10497=IFCCARTESIANPOINT((0.83672982640564442,0.89672982692718506));
#10498=IFCCARTESIANPOINT((0.02500000037252903,0.05000000074505806));
#10499=IFCTRIMMEDCURVE(#10496,(#10497),(#10498),.T.,.CARTESIAN.);
#10500=IFCCARTESIANPOINTLIST2D(((0.87172982655465603,0.05000000074505806),(0.83672982640564442,0.05000000074505806),(0.83672982640564442,0.89672982692718506),(0.87172982655465603,0.89672982692718506)));
#10501=IFCINDEXEDPOLYCURVE(#10500,(IFCLINEINDEX((1,2,3,4,1))),$);
#10502=IFCSHAPEREPRESENTATION(#24,'Body','Curve2D',(#10490,#10491,#10499,#10501));
#10503=IFCCARTESIANPOINTLIST2D(((0.,0.),(0.89672982692718506,0.),(0.89672982692718506,2.),(0.,2.)));
#10504=IFCINDEXEDPOLYCURVE(#10503,(IFCLINEINDEX((1,2,3,4,1))),$);
#10505=IFCARBITRARYCLOSEDPROFILEDEF(.AREA.,$,#10504);
#10506=IFCCARTESIANPOINT((0.,-0.60000002384185791,0.));
#10507=IFCDIRECTION((0.,-1.,0.));
#10508=IFCDIRECTION((1.,0.,0.));
#10509=IFCAXIS2PLACEMENT3D(#10506,#10507,#10508);
#10510=IFCDIRECTION((0.,0.,-1.));
#10511=IFCEXTRUDEDAREASOLID(#10505,#10509,#10510,1.2);
#10512=IFCSHAPEREPRESENTATION(#11,'Body','SweptSolid',(#10511));
#10518=IFCCARTESIANPOINT((1.5481645017862387,-3.2128441240786287E-08,0.));
#10519=IFCDIRECTION((0.,0.,1.));
#10520=IFCDIRECTION((0.99999999999997147,-2.384185719961227E-07,0.));
#10521=IFCAXIS2PLACEMENT3D(#10518,#10519,#10520);
#10522=IFCLOCALPLACEMENT(#774,#10521);
#10523=IFCCARTESIANPOINT((0.,0.,0.));
#10524=IFCDIRECTION((0.,0.,1.));
#10525=IFCDIRECTION((1.,5.2939559203393771E-23,0.));
#10526=IFCAXIS2PLACEMENT3D(#10523,#10524,#10525);
#10527=IFCLOCALPLACEMENT(#10522,#10526);
#10528=IFCCARTESIANPOINTLIST3D(((0.,0.,0.),(0.95366543531417847,0.,0.),(0.95366543531417847,0.,2.),(0.,0.,2.)));
#10529=IFCINDEXEDPOLYCURVE(#10528,(IFCLINEINDEX((1,2,3,4,1))),$);
#10530=IFCSHAPEREPRESENTATION(#18,'Profile','Curve3D',(#10529));
#10531=IFCCARTESIANPOINTLIST2D(((0.,0.),(0.,2.),(0.95366543531417847,2.),(0.95366543531417847,0.),(0.92866543494164944,0.),(0.92866543494164944,1.974999999627471),(0.02500000037252903,1.974999999627471),(0.02500000037252903,0.)));
#10532=IFCINDEXEDPOLYCURVE(#10531,(IFCLINEINDEX((1,2,3,4,5,6,7,8,1))),$);
#10533=IFCARBITRARYCLOSEDPROFILEDEF(.AREA.,$,#10532);
#10534=IFCCARTESIANPOINT((0.,0.02500000037252903,0.));
#10535=IFCDIRECTION((0.,-1.,0.));
#10536=IFCDIRECTION((1.,0.,0.));
#10537=IFCAXIS2PLACEMENT3D(#10534,#10535,#10536);
#10538=IFCDIRECTION((0.,0.,-1.));
#10539=IFCEXTRUDEDAREASOLID(#10533,#10537,#10538,0.02500000037252903);
#10540=IFCCARTESIANPOINTLIST2D(((0.,0.),(0.,2.),(0.95366543531417847,2.),(0.95366543531417847,0.),(0.90366543456912041,0.),(0.90366543456912041,1.9499999992549419),(0.05000000074505806,1.9499999992549419),(0.05000000074505806,0.)));
#10541=IFCINDEXEDPOLYCURVE(#10540,(IFCLINEINDEX((1,2,3,4,5,6,7,8,1))),$);
#10542=IFCARBITRARYCLOSEDPROFILEDEF(.AREA.,$,#10541);
#10543=IFCCARTESIANPOINT((0.,0.,0.));
#10544=IFCDIRECTION((0.,-1.,0.));
#10545=IFCDIRECTION((1.,0.,0.));
#10546=IFCAXIS2PLACEMENT3D(#10543,#10544,#10545);
#10547=IFCDIRECTION((0.,0.,-1.));
#10548=IFCEXTRUDEDAREASOLID(#10542,#10546,#10547,0.02500000037252903);
#10549=IFCCARTESIANPOINTLIST2D(((0.,0.),(0.85366543382406235,0.),(0.85366543382406235,0.10000000149011612),(0.,0.10000000149011612)));
#10550=IFCINDEXEDPOLYCURVE(#10549,(IFCLINEINDEX((1,2,3,4,1))),$);
#10551=IFCARBITRARYCLOSEDPROFILEDEF(.AREA.,$,#10550);
#10552=IFCCARTESIANPOINT((0.05000000074505806,0.,0.));
#10553=IFCDIRECTION((0.,0.,1.));
#10554=IFCDIRECTION((1.,0.,0.));
#10555=IFCAXIS2PLACEMENT3D(#10552,#10553,#10554);
#10556=IFCDIRECTION((0.,0.,1.));
#10557=IFCEXTRUDEDAREASOLID(#10551,#10555,#10556,0.02500000037252903);
#10558=IFCCARTESIANPOINTLIST2D(((0.,0.),(0.,2.0250000022351742),(1.0036654397845268,2.0250000022351742),(1.0036654397845268,0.),(0.92866543680429459,0.),(0.92866543680429459,1.9499999992549419),(0.075000002980232239,1.9499999992549419),(0.075000002980232239,0.)));
#10559=IFCINDEXEDPOLYCURVE(#10558,(IFCLINEINDEX((1,2,3,4,5,6,7,8,1))),$);
#10560=IFCARBITRARYCLOSEDPROFILEDEF(.AREA.,$,#10559);
#10561=IFCCARTESIANPOINT((-0.025000002235174179,-0.004999999888241291,0.));
#10562=IFCDIRECTION((0.,-1.,0.));
#10563=IFCDIRECTION((1.,0.,0.));
#10564=IFCAXIS2PLACEMENT3D(#10561,#10562,#10563);
#10565=IFCDIRECTION((0.,0.,-1.));
#10566=IFCEXTRUDEDAREASOLID(#10560,#10564,#10565,0.004999999888241291);
#10567=IFCCARTESIANPOINTLIST2D(((0.,0.),(0.,2.0250000022351742),(1.0036654397845268,2.0250000022351742),(1.0036654397845268,0.),(0.95366543717682362,0.),(0.95366543717682362,1.974999999627471),(0.050000002607703209,1.974999999627471),(0.050000002607703209,0.)));
#10568=IFCINDEXEDPOLYCURVE(#10567,(IFCLINEINDEX((1,2,3,4,5,6,7,8,1))),$);
#10569=IFCARBITRARYCLOSEDPROFILEDEF(.AREA.,$,#10568);
#10570=IFCCARTESIANPOINT((-0.025000002235174179,0.05000000074505806,0.));
#10571=IFCDIRECTION((0.,-1.,0.));
#10572=IFCDIRECTION((1.,0.,0.));
#10573=IFCAXIS2PLACEMENT3D(#10570,#10571,#10572);
#10574=IFCDIRECTION((0.,0.,-1.));
#10575=IFCEXTRUDEDAREASOLID(#10569,#10573,#10574,0.004999999888241291);
#10576=IFCCARTESIANPOINTLIST2D(((0.,0.),(0.90366543456912041,0.),(0.90366543456912041,0.035000000149011612),(0.,0.035000000149011612)));
#10577=IFCINDEXEDPOLYCURVE(#10576,(IFCLINEINDEX((1,2,3,4,1))),$);
#10578=IFCARBITRARYCLOSEDPROFILEDEF(.AREA.,$,#10577);
#10579=IFCCARTESIANPOINT((0.02500000037252903,0.02500000037252903,0.02500000037252903));
#10580=IFCDIRECTION((0.,0.,1.));
#10581=IFCDIRECTION((1.,0.,0.));
#10582=IFCAXIS2PLACEMENT3D(#10579,#10580,#10581);
#10583=IFCDIRECTION((0.,0.,1.));
#10584=IFCEXTRUDEDAREASOLID(#10578,#10582,#10583,1.9499999992549419);
#10585=IFCCARTESIANPOINTLIST2D(((0.,0.),(0.,-0.040000000000000001),(-0.11999999999999988,-0.040000000000000001),(-0.11999999999999988,-0.02),(-0.020000000000000018,-0.02),(-0.020000000000000018,0.)));
#10586=IFCINDEXEDPOLYCURVE(#10585,(IFCLINEINDEX((1,2,3,4,5,6,1))),$);
#10587=IFCARBITRARYCLOSEDPROFILEDEF(.AREA.,$,#10586);
#10588=IFCCARTESIANPOINT((0.87866543494164939,0.02500000037252903,1.015000000372529));
#10589=IFCDIRECTION((0.,0.,1.));
#10590=IFCDIRECTION((1.,0.,0.));
#10591=IFCAXIS2PLACEMENT3D(#10588,#10589,#10590);
#10592=IFCDIRECTION((0.,0.,1.));
#10593=IFCEXTRUDEDAREASOLID(#10587,#10591,#10592,0.02);
#10594=IFCEXTRUDEDAREASOLID(#10595,#10598,#10602,0.02);
#10595=IFCARBITRARYCLOSEDPROFILEDEF(.AREA.,$,#10596);
#10596=IFCINDEXEDPOLYCURVE(#10597,(IFCLINEINDEX((1,2,3,4,5,6,1))),$);
#10597=IFCCARTESIANPOINTLIST2D(((0.,0.),(0.,0.040000000000000008),(-0.11999999999999988,0.040000000000000008),(-0.11999999999999988,0.020000000000000004),(-0.020000000000000018,0.020000000000000004),(-0.020000000000000018,0.)));
#10598=IFCAXIS2PLACEMENT3D(#10599,#10600,#10601);
#10599=IFCCARTESIANPOINT((0.87866543494164939,0.060000000521540642,1.015000000372529));
#10600=IFCDIRECTION((0.,0.,1.));
#10601=IFCDIRECTION((1.,0.,0.));
#10602=IFCDIRECTION((0.,0.,1.));
#10603=IFCSHAPEREPRESENTATION(#11,'Body','SweptSolid',(#10539,#10548,#10584,#10593,#10594,#10557,#10566,#10575));
#10604=IFCCARTESIANPOINTLIST2D(((0.,0.),(0.,0.05000000074505806),(0.02500000037252903,0.05000000074505806),(0.02500000037252903,0.02500000037252903),(0.05000000074505806,0.02500000037252903),(0.05000000074505806,0.)));
#10605=IFCINDEXEDPOLYCURVE(#10604,(IFCLINEINDEX((1,2,3,4,5,6,1))),$);
#10606=IFCINDEXEDPOLYCURVE(#10607,(IFCLINEINDEX((1,2,3,4,5,6,1))),$);
#10607=IFCCARTESIANPOINTLIST2D(((0.95366543531417847,0.),(0.95366543531417847,0.05000000074505806),(0.92866543494164944,0.05000000074505806),(0.92866543494164944,0.02500000037252903),(0.90366543456912041,0.02500000037252903),(0.90366543456912041,0.)));
#10608=IFCDIRECTION((1.,0.));
#10609=IFCCARTESIANPOINT((0.060000000521540642,0.05000000074505806));
#10610=IFCAXIS2PLACEMENT2D(#10609,#10608);
#10611=IFCELLIPSE(#10610,0.8686654344201088,0.90366543456912041);
#10612=IFCCARTESIANPOINT((0.92866543494164944,0.05000000074505806));
#10613=IFCCARTESIANPOINT((0.060000000521540642,0.95366543531417847));
#10614=IFCTRIMMEDCURVE(#10611,(#10612),(#10613),.T.,.CARTESIAN.);
#10615=IFCCARTESIANPOINTLIST2D(((0.02500000037252903,0.05000000074505806),(0.060000000521540642,0.05000000074505806),(0.060000000521540642,0.95366543531417847),(0.02500000037252903,0.95366543531417847)));
#10616=IFCINDEXEDPOLYCURVE(#10615,(IFCLINEINDEX((1,2,3,4,1))),$);
#10617=IFCSHAPEREPRESENTATION(#24,'Body','Curve2D',(#10605,#10606,#10614,#10616));
#10618=IFCCARTESIANPOINTLIST2D(((0.,0.),(0.95366543531417847,0.),(0.95366543531417847,2.),(0.,2.)));
#10619=IFCINDEXEDPOLYCURVE(#10618,(IFCLINEINDEX((1,2,3,4,1))),$);
#10620=IFCARBITRARYCLOSEDPROFILEDEF(.AREA.,$,#10619);
#10621=IFCCARTESIANPOINT((0.,-0.60000002384185791,0.));
#10622=IFCDIRECTION((0.,-1.,0.));
#10623=IFCDIRECTION((1.,0.,0.));
#10624=IFCAXIS2PLACEMENT3D(#10621,#10622,#10623);
#10625=IFCDIRECTION((0.,0.,-1.));
#10626=IFCEXTRUDEDAREASOLID(#10620,#10624,#10625,1.2);
#10627=IFCSHAPEREPRESENTATION(#11,'Body','SweptSolid',(#10626));
#10633=IFCCARTESIANPOINT((0.35798810875743325,0.015001535415649414,0.));
#10634=IFCDIRECTION((0.,0.,1.));
#10635=IFCDIRECTION((0.9999999999997442,-7.1525573730450454E-07,0.));
#10636=IFCAXIS2PLACEMENT3D(#10633,#10634,#10635);
#10637=IFCLOCALPLACEMENT(#4930,#10636);
#10638=IFCCARTESIANPOINT((1.1102230246251565E-16,0.,0.));
#10639=IFCDIRECTION((0.,0.,1.));
#10640=IFCDIRECTION((1.,0.,0.));
#10641=IFCAXIS2PLACEMENT3D(#10638,#10639,#10640);
#10642=IFCLOCALPLACEMENT(#10637,#10641);
#10648=IFCCARTESIANPOINT((0.048218724191233964,0.014999875874127877,0.));
#10649=IFCDIRECTION((0.,0.,1.));
#10650=IFCDIRECTION((0.99999999999999289,-1.1920928955077312E-07,0.));
#10651=IFCAXIS2PLACEMENT3D(#10648,#10649,#10650);
#10652=IFCLOCALPLACEMENT(#935,#10651);
#10653=IFCCARTESIANPOINT((-4.4408920985006262E-16,0.,0.));
#10654=IFCDIRECTION((0.,0.,1.));
#10655=IFCDIRECTION((1.,0.,0.));
#10656=IFCAXIS2PLACEMENT3D(#10653,#10654,#10655);
#10657=IFCLOCALPLACEMENT(#10652,#10656);
#10658=IFCWINDOWTYPE('1JJ$vd8eb04QxaPLvCR0x7',$,'Bedroom2-2F',$,$,(#10659),(#10661,#10669,#10717),$,$,.WINDOW.,.SINGLE_PANEL.,$,$);
#10659=IFCPROPERTYSET('1mi4$CEY50Sw7wncyZXZ1O',$,'BBIM_Window',$,(#10660));
#10660=IFCPROPERTYSINGLEVALUE('Data',$,IFCTEXT('{"window_type": "DOUBLE_PANEL_VERTICAL", "overall_height": 0.8999999761581421, "overall_width": 1.2145684957504272, "lining_properties": {"lining_depth": 0.05000000074505806, "lining_thickness": 0.05000000074505806, "lining_offset": 0.05000000074505806, "lining_to_panel_offset_x": 0.02500000037252903, "lining_to_panel_offset_y": 0.02500000037252903, "mullion_thickness": 0.05000000074505806, "first_mullion_offset": 0.6009610295295715}, "panel_properties": {"frame_depth": [0.03500000014901161, 0.03500000014901161, 0.03500000014901161], "frame_thickness": [0.03500000014901161, 0.03500000014901161, 0.03500000014901161]}}'),$);
#10661=IFCREPRESENTATIONMAP(#10662,#11235);
#10662=IFCAXIS2PLACEMENT3D(#10663,#10664,#10665);
#10663=IFCCARTESIANPOINT((0.,0.,0.));
#10664=IFCDIRECTION((0.,0.,1.));
#10665=IFCDIRECTION((1.,0.,0.));
#10669=IFCREPRESENTATIONMAP(#10670,#11316);
#10670=IFCAXIS2PLACEMENT3D(#10671,#10672,#10673);
#10671=IFCCARTESIANPOINT((0.,0.,0.));
#10672=IFCDIRECTION((0.,0.,1.));
#10673=IFCDIRECTION((1.,0.,0.));
#10717=IFCREPRESENTATIONMAP(#10718,#11349);
#10718=IFCAXIS2PLACEMENT3D(#10719,#10720,#10721);
#10719=IFCCARTESIANPOINT((0.,0.,0.));
#10720=IFCDIRECTION((0.,0.,1.));
#10721=IFCDIRECTION((1.,0.,0.));
#10833=IFCWINDOW('3WA7jZVx95QudIP_bXW0iI',$,'Window',$,$,#11374,#10842,$,0.89999997615814209,1.2145684957504272,$,.DOUBLE_PANEL_VERTICAL.,$);
#10834=IFCRELDEFINESBYTYPE('1mBZLyYfj3UPQlxNAPYGRH',$,$,$,(#10833),#10658);
#10835=IFCCARTESIANPOINT((0.,0.,0.));
#10836=IFCDIRECTION((1.,0.,0.));
#10837=IFCDIRECTION((0.,1.,0.));
#10838=IFCDIRECTION((0.,0.,1.));
#10839=IFCCARTESIANTRANSFORMATIONOPERATOR3D(#10836,#10837,#10835,1.,#10838);
#10840=IFCMAPPEDITEM(#10661,#10839);
#10841=IFCSHAPEREPRESENTATION(#18,'Profile','MappedRepresentation',(#10840));
#10842=IFCPRODUCTDEFINITIONSHAPE($,$,(#10841,#10849,#10856));
#10843=IFCCARTESIANPOINT((0.,0.,0.));
#10844=IFCDIRECTION((1.,0.,0.));
#10845=IFCDIRECTION((0.,1.,0.));
#10846=IFCDIRECTION((0.,0.,1.));
#10847=IFCCARTESIANTRANSFORMATIONOPERATOR3D(#10844,#10845,#10843,1.,#10846);
#10848=IFCMAPPEDITEM(#10669,#10847);
#10849=IFCSHAPEREPRESENTATION(#11,'Body','MappedRepresentation',(#10848));
#10850=IFCCARTESIANPOINT((0.,0.,0.));
#10851=IFCDIRECTION((1.,0.,0.));
#10852=IFCDIRECTION((0.,1.,0.));
#10853=IFCDIRECTION((0.,0.,1.));
#10854=IFCCARTESIANTRANSFORMATIONOPERATOR3D(#10851,#10852,#10850,1.,#10853);
#10855=IFCMAPPEDITEM(#10717,#10854);
#10856=IFCSHAPEREPRESENTATION(#24,'Body','MappedRepresentation',(#10855));
#10857=IFCOPENINGELEMENT('2ACjZBeWz0kucDql6KXksR',$,'Opening',$,$,#11369,#10885,$,.OPENING.);
#10873=IFCCARTESIANPOINT((0.,0.,0.));
#10874=IFCDIRECTION((1.,0.,0.));
#10875=IFCDIRECTION((0.,0.,1.));
#10876=IFCAXIS2PLACEMENT3D(#10873,#10875,#10874);
#10877=IFCREPRESENTATIONMAP(#10876,#11359);
#10878=IFCCARTESIANPOINT((0.,0.,0.));
#10879=IFCDIRECTION((1.,0.,0.));
#10880=IFCDIRECTION((0.,1.,0.));
#10881=IFCDIRECTION((0.,0.,1.));
#10882=IFCCARTESIANTRANSFORMATIONOPERATOR3D(#10879,#10880,#10878,1.,#10881);
#10883=IFCMAPPEDITEM(#10877,#10882);
#10884=IFCSHAPEREPRESENTATION(#11,'Body','MappedRepresentation',(#10883));
#10885=IFCPRODUCTDEFINITIONSHAPE($,$,(#10884));
#10886=IFCRELVOIDSELEMENT('2z_QPd2nL6iR6h6NOlzKqI',$,$,$,#6431,#10857);
#10892=IFCRELFILLSELEMENT('2A$$g8vzT1TPP251Tx4qe9',$,$,$,#10857,#10833);
#10946=IFCCARTESIANPOINTLIST2D(((0.30000001192092896,0.),(0.,0.),(0.,0.89999997615814209),(0.30000001192092896,0.89999997615814209),(0.30000001192092896,0.87499997578561306),(0.02500000037252903,0.87499997578561306),(0.02500000037252903,0.02500000037252903),(0.30000001192092896,0.02500000037252903)));
#10947=IFCINDEXEDPOLYCURVE(#10946,(IFCLINEINDEX((1,2,3,4,5,6,7,8,1))),$);
#10948=IFCARBITRARYCLOSEDPROFILEDEF(.AREA.,$,#10947);
#10949=IFCCARTESIANPOINT((0.,0.090000001713633537,0.));
#10950=IFCDIRECTION((0.,-1.,0.));
#10951=IFCDIRECTION((1.,0.,0.));
#10952=IFCAXIS2PLACEMENT3D(#10949,#10950,#10951);
#10953=IFCDIRECTION((0.,0.,-1.));
#10954=IFCEXTRUDEDAREASOLID(#10948,#10952,#10953,0.0099999997764825821);
#10955=IFCCARTESIANPOINTLIST2D(((0.,0.),(0.30000001192092896,0.),(0.30000001192092896,0.89999997615814209),(0.,0.89999997615814209)));
#10956=IFCINDEXEDPOLYCURVE(#10955,(IFCLINEINDEX((1,2,3,4,1))),$);
#10957=IFCCARTESIANPOINTLIST2D(((0.05000000074505806,0.05000000074505806),(0.27500001154839993,0.05000000074505806),(0.27500001154839993,0.84999997541308403),(0.05000000074505806,0.84999997541308403)));
#10958=IFCINDEXEDPOLYCURVE(#10957,(IFCLINEINDEX((1,2,3,4,1))),$);
#10959=IFCARBITRARYPROFILEDEFWITHVOIDS(.AREA.,$,#10956,(#10958));
#10960=IFCCARTESIANPOINT((0.,0.05000000074505806,0.));
#10961=IFCDIRECTION((0.,-1.,0.));
#10962=IFCDIRECTION((1.,0.,0.));
#10963=IFCAXIS2PLACEMENT3D(#10960,#10961,#10962);
#10964=IFCDIRECTION((0.,0.,-1.));
#10965=IFCEXTRUDEDAREASOLID(#10959,#10963,#10964,0.040000000968575478);
#10966=IFCCARTESIANPOINTLIST2D(((0.,0.),(0.27500001154839993,0.),(0.27500001154839993,0.84999997541308403),(0.,0.84999997541308403)));
#10967=IFCINDEXEDPOLYCURVE(#10966,(IFCLINEINDEX((1,2,3,4,1))),$);
#10968=IFCCARTESIANPOINTLIST2D(((0.035000000149011612,0.035000000149011612),(0.24000001139938831,0.035000000149011612),(0.24000001139938831,0.81499997526407242),(0.035000000149011612,0.81499997526407242)));
#10969=IFCINDEXEDPOLYCURVE(#10968,(IFCLINEINDEX((1,2,3,4,1))),$);
#10970=IFCARBITRARYPROFILEDEFWITHVOIDS(.AREA.,$,#10967,(#10969));
#10971=IFCCARTESIANPOINT((0.02500000037252903,0.090000001713633537,0.02500000037252903));
#10972=IFCDIRECTION((0.,-1.,0.));
#10973=IFCDIRECTION((1.,0.,0.));
#10974=IFCAXIS2PLACEMENT3D(#10971,#10972,#10973);
#10975=IFCDIRECTION((0.,0.,-1.));
#10976=IFCEXTRUDEDAREASOLID(#10970,#10974,#10975,0.035000000149011612);
#10977=IFCINDEXEDPOLYCURVE(#10978,(IFCLINEINDEX((1,2,3,4,1))),$);
#10978=IFCCARTESIANPOINTLIST2D(((0.035000000149011612,0.035000000149011612),(0.24000001139938831,0.035000000149011612),(0.24000001139938831,0.81499997526407242),(0.035000000149011612,0.81499997526407242)));
#10979=IFCARBITRARYCLOSEDPROFILEDEF(.AREA.,$,#10977);
#10980=IFCCARTESIANPOINT((0.02500000037252903,0.10250000178813934,0.02500000037252903));
#10981=IFCDIRECTION((0.,-1.,0.));
#10982=IFCDIRECTION((1.,0.,0.));
#10983=IFCAXIS2PLACEMENT3D(#10980,#10981,#10982);
#10984=IFCDIRECTION((0.,0.,-1.));
#10985=IFCEXTRUDEDAREASOLID(#10979,#10983,#10984,0.01);
#10986=IFCCARTESIANPOINTLIST2D(((0.,0.89999997615814209),(0.91456848382949829,0.89999997615814209),(0.91456848382949829,0.),(0.,0.),(0.,0.02500000037252903),(0.88956848345696926,0.02500000037252903),(0.88956848345696926,0.87499997578561306),(0.,0.87499997578561306)));
#10987=IFCINDEXEDPOLYCURVE(#10986,(IFCLINEINDEX((1,2,3,4,5,6,7,8,1))),$);
#10988=IFCARBITRARYCLOSEDPROFILEDEF(.AREA.,$,#10987);
#10989=IFCCARTESIANPOINT((0.30000001192092896,0.090000001713633537,0.));
#10990=IFCDIRECTION((0.,-1.,0.));
#10991=IFCDIRECTION((1.,0.,0.));
#10992=IFCAXIS2PLACEMENT3D(#10989,#10990,#10991);
#10993=IFCDIRECTION((0.,0.,-1.));
#10994=IFCEXTRUDEDAREASOLID(#10988,#10992,#10993,0.0099999997764825821);
#10995=IFCCARTESIANPOINTLIST2D(((0.,0.),(0.91456848382949829,0.),(0.91456848382949829,0.89999997615814209),(0.,0.89999997615814209)));
#10996=IFCINDEXEDPOLYCURVE(#10995,(IFCLINEINDEX((1,2,3,4,1))),$);
#10997=IFCCARTESIANPOINTLIST2D(((0.02500000037252903,0.05000000074505806),(0.86456848308444023,0.05000000074505806),(0.86456848308444023,0.84999997541308403),(0.02500000037252903,0.84999997541308403)));
#10998=IFCINDEXEDPOLYCURVE(#10997,(IFCLINEINDEX((1,2,3,4,1))),$);
#10999=IFCARBITRARYPROFILEDEFWITHVOIDS(.AREA.,$,#10996,(#10998));
#11000=IFCCARTESIANPOINT((0.30000001192092896,0.05000000074505806,0.));
#11001=IFCDIRECTION((0.,-1.,0.));
#11002=IFCDIRECTION((1.,0.,0.));
#11003=IFCAXIS2PLACEMENT3D(#11000,#11001,#11002);
#11004=IFCDIRECTION((0.,0.,-1.));
#11005=IFCEXTRUDEDAREASOLID(#10999,#11003,#11004,0.040000000968575478);
#11006=IFCCARTESIANPOINTLIST2D(((0.,0.),(0.88956848345696926,0.),(0.88956848345696926,0.84999997541308403),(0.,0.84999997541308403)));
#11007=IFCINDEXEDPOLYCURVE(#11006,(IFCLINEINDEX((1,2,3,4,1))),$);
#11008=IFCCARTESIANPOINTLIST2D(((0.035000000149011612,0.035000000149011612),(0.85456848330795765,0.035000000149011612),(0.85456848330795765,0.81499997526407242),(0.035000000149011612,0.81499997526407242)));
#11009=IFCINDEXEDPOLYCURVE(#11008,(IFCLINEINDEX((1,2,3,4,1))),$);
#11010=IFCARBITRARYPROFILEDEFWITHVOIDS(.AREA.,$,#11007,(#11009));
#11011=IFCCARTESIANPOINT((0.30000001192092896,0.090000001713633537,0.02500000037252903));
#11012=IFCDIRECTION((0.,-1.,0.));
#11013=IFCDIRECTION((1.,0.,0.));
#11014=IFCAXIS2PLACEMENT3D(#11011,#11012,#11013);
#11015=IFCDIRECTION((0.,0.,-1.));
#11016=IFCEXTRUDEDAREASOLID(#11010,#11014,#11015,0.035000000149011612);
#11017=IFCINDEXEDPOLYCURVE(#11018,(IFCLINEINDEX((1,2,3,4,1))),$);
#11018=IFCCARTESIANPOINTLIST2D(((0.035000000149011612,0.035000000149011612),(0.85456848330795765,0.035000000149011612),(0.85456848330795765,0.81499997526407242),(0.035000000149011612,0.81499997526407242)));
#11019=IFCARBITRARYCLOSEDPROFILEDEF(.AREA.,$,#11017);
#11020=IFCCARTESIANPOINT((0.30000001192092896,0.10250000178813934,0.02500000037252903));
#11021=IFCDIRECTION((0.,-1.,0.));
#11022=IFCDIRECTION((1.,0.,0.));
#11023=IFCAXIS2PLACEMENT3D(#11020,#11021,#11022);
#11024=IFCDIRECTION((0.,0.,-1.));
#11025=IFCEXTRUDEDAREASOLID(#11019,#11023,#11024,0.01);
#11027=IFCSHAPEREPRESENTATION(#11,'Body','SweptSolid',(#11005,#11244,#10965,#11295,#10954,#11255,#11284,#10994));
#11028=IFCSHAPEASPECT((#11027),'Lining',$,.T.,#10842);
#11029=IFCSHAPEREPRESENTATION(#11,'Body','SweptSolid',(#11306,#11016,#10976,#11266));
#11030=IFCSHAPEASPECT((#11029),'Framing',$,.T.,#10842);
#11031=IFCSHAPEREPRESENTATION(#11,'Body','SweptSolid',(#11275,#11315,#11025,#10985));
#11032=IFCSHAPEASPECT((#11031),'Glazing',$,.T.,#10842);
#11091=IFCCARTESIANPOINTLIST3D(((0.,0.,0.),(1.218546986579895,0.,0.),(1.218546986579895,0.,0.89999997615814209),(0.,0.,0.89999997615814209)));
#11092=IFCINDEXEDPOLYCURVE(#11091,(IFCLINEINDEX((1,2,3,4,1))),$);
#11093=IFCSHAPEREPRESENTATION(#18,'Profile','Curve3D',(#11092));
#11094=IFCCARTESIANPOINTLIST2D(((0.30000001192092896,0.),(0.,0.),(0.,0.89999997615814209),(0.30000001192092896,0.89999997615814209),(0.30000001192092896,0.87499997578561306),(0.02500000037252903,0.87499997578561306),(0.02500000037252903,0.02500000037252903),(0.30000001192092896,0.02500000037252903)));
#11095=IFCINDEXEDPOLYCURVE(#11094,(IFCLINEINDEX((1,2,3,4,5,6,7,8,1))),$);
#11096=IFCARBITRARYCLOSEDPROFILEDEF(.AREA.,$,#11095);
#11097=IFCCARTESIANPOINT((0.,0.090000001713633537,0.));
#11098=IFCDIRECTION((0.,-1.,0.));
#11099=IFCDIRECTION((1.,0.,0.));
#11100=IFCAXIS2PLACEMENT3D(#11097,#11098,#11099);
#11101=IFCDIRECTION((0.,0.,-1.));
#11102=IFCEXTRUDEDAREASOLID(#11096,#11100,#11101,0.0099999997764825821);
#11103=IFCCARTESIANPOINTLIST2D(((0.,0.),(0.30000001192092896,0.),(0.30000001192092896,0.89999997615814209),(0.,0.89999997615814209)));
#11104=IFCINDEXEDPOLYCURVE(#11103,(IFCLINEINDEX((1,2,3,4,1))),$);
#11105=IFCCARTESIANPOINTLIST2D(((0.05000000074505806,0.05000000074505806),(0.27500001154839993,0.05000000074505806),(0.27500001154839993,0.84999997541308403),(0.05000000074505806,0.84999997541308403)));
#11106=IFCINDEXEDPOLYCURVE(#11105,(IFCLINEINDEX((1,2,3,4,1))),$);
#11107=IFCARBITRARYPROFILEDEFWITHVOIDS(.AREA.,$,#11104,(#11106));
#11108=IFCCARTESIANPOINT((0.,0.05000000074505806,0.));
#11109=IFCDIRECTION((0.,-1.,0.));
#11110=IFCDIRECTION((1.,0.,0.));
#11111=IFCAXIS2PLACEMENT3D(#11108,#11109,#11110);
#11112=IFCDIRECTION((0.,0.,-1.));
#11113=IFCEXTRUDEDAREASOLID(#11107,#11111,#11112,0.040000000968575478);
#11114=IFCCARTESIANPOINTLIST2D(((0.,0.),(0.27500001154839993,0.),(0.27500001154839993,0.84999997541308403),(0.,0.84999997541308403)));
#11115=IFCINDEXEDPOLYCURVE(#11114,(IFCLINEINDEX((1,2,3,4,1))),$);
#11116=IFCCARTESIANPOINTLIST2D(((0.035000000149011612,0.035000000149011612),(0.24000001139938831,0.035000000149011612),(0.24000001139938831,0.81499997526407242),(0.035000000149011612,0.81499997526407242)));
#11117=IFCINDEXEDPOLYCURVE(#11116,(IFCLINEINDEX((1,2,3,4,1))),$);
#11118=IFCARBITRARYPROFILEDEFWITHVOIDS(.AREA.,$,#11115,(#11117));
#11119=IFCCARTESIANPOINT((0.02500000037252903,0.090000001713633537,0.02500000037252903));
#11120=IFCDIRECTION((0.,-1.,0.));
#11121=IFCDIRECTION((1.,0.,0.));
#11122=IFCAXIS2PLACEMENT3D(#11119,#11120,#11121);
#11123=IFCDIRECTION((0.,0.,-1.));
#11124=IFCEXTRUDEDAREASOLID(#11118,#11122,#11123,0.035000000149011612);
#11125=IFCINDEXEDPOLYCURVE(#11126,(IFCLINEINDEX((1,2,3,4,1))),$);
#11126=IFCCARTESIANPOINTLIST2D(((0.035000000149011612,0.035000000149011612),(0.24000001139938831,0.035000000149011612),(0.24000001139938831,0.81499997526407242),(0.035000000149011612,0.81499997526407242)));
#11127=IFCARBITRARYCLOSEDPROFILEDEF(.AREA.,$,#11125);
#11128=IFCCARTESIANPOINT((0.02500000037252903,0.10250000178813934,0.02500000037252903));
#11129=IFCDIRECTION((0.,-1.,0.));
#11130=IFCDIRECTION((1.,0.,0.));
#11131=IFCAXIS2PLACEMENT3D(#11128,#11129,#11130);
#11132=IFCDIRECTION((0.,0.,-1.));
#11133=IFCEXTRUDEDAREASOLID(#11127,#11131,#11132,0.01);
#11134=IFCCARTESIANPOINTLIST2D(((0.,0.89999997615814209),(0.91854697465896606,0.89999997615814209),(0.91854697465896606,0.),(0.,0.),(0.,0.02500000037252903),(0.89354697428643703,0.02500000037252903),(0.89354697428643703,0.87499997578561306),(0.,0.87499997578561306)));
#11135=IFCINDEXEDPOLYCURVE(#11134,(IFCLINEINDEX((1,2,3,4,5,6,7,8,1))),$);
#11136=IFCARBITRARYCLOSEDPROFILEDEF(.AREA.,$,#11135);
#11137=IFCCARTESIANPOINT((0.30000001192092896,0.090000001713633537,0.));
#11138=IFCDIRECTION((0.,-1.,0.));
#11139=IFCDIRECTION((1.,0.,0.));
#11140=IFCAXIS2PLACEMENT3D(#11137,#11138,#11139);
#11141=IFCDIRECTION((0.,0.,-1.));
#11142=IFCEXTRUDEDAREASOLID(#11136,#11140,#11141,0.0099999997764825821);
#11143=IFCCARTESIANPOINTLIST2D(((0.,0.),(0.91854697465896606,0.),(0.91854697465896606,0.89999997615814209),(0.,0.89999997615814209)));
#11144=IFCINDEXEDPOLYCURVE(#11143,(IFCLINEINDEX((1,2,3,4,1))),$);
#11145=IFCCARTESIANPOINTLIST2D(((0.02500000037252903,0.05000000074505806),(0.868546973913908,0.05000000074505806),(0.868546973913908,0.84999997541308403),(0.02500000037252903,0.84999997541308403)));
#11146=IFCINDEXEDPOLYCURVE(#11145,(IFCLINEINDEX((1,2,3,4,1))),$);
#11147=IFCARBITRARYPROFILEDEFWITHVOIDS(.AREA.,$,#11144,(#11146));
#11148=IFCCARTESIANPOINT((0.30000001192092896,0.05000000074505806,0.));
#11149=IFCDIRECTION((0.,-1.,0.));
#11150=IFCDIRECTION((1.,0.,0.));
#11151=IFCAXIS2PLACEMENT3D(#11148,#11149,#11150);
#11152=IFCDIRECTION((0.,0.,-1.));
#11153=IFCEXTRUDEDAREASOLID(#11147,#11151,#11152,0.040000000968575478);
#11154=IFCCARTESIANPOINTLIST2D(((0.,0.),(0.89354697428643703,0.),(0.89354697428643703,0.84999997541308403),(0.,0.84999997541308403)));
#11155=IFCINDEXEDPOLYCURVE(#11154,(IFCLINEINDEX((1,2,3,4,1))),$);
#11156=IFCCARTESIANPOINTLIST2D(((0.035000000149011612,0.035000000149011612),(0.85854697413742542,0.035000000149011612),(0.85854697413742542,0.81499997526407242),(0.035000000149011612,0.81499997526407242)));
#11157=IFCINDEXEDPOLYCURVE(#11156,(IFCLINEINDEX((1,2,3,4,1))),$);
#11158=IFCARBITRARYPROFILEDEFWITHVOIDS(.AREA.,$,#11155,(#11157));
#11159=IFCCARTESIANPOINT((0.30000001192092896,0.090000001713633537,0.02500000037252903));
#11160=IFCDIRECTION((0.,-1.,0.));
#11161=IFCDIRECTION((1.,0.,0.));
#11162=IFCAXIS2PLACEMENT3D(#11159,#11160,#11161);
#11163=IFCDIRECTION((0.,0.,-1.));
#11164=IFCEXTRUDEDAREASOLID(#11158,#11162,#11163,0.035000000149011612);
#11165=IFCINDEXEDPOLYCURVE(#11166,(IFCLINEINDEX((1,2,3,4,1))),$);
#11166=IFCCARTESIANPOINTLIST2D(((0.035000000149011612,0.035000000149011612),(0.85854697413742542,0.035000000149011612),(0.85854697413742542,0.81499997526407242),(0.035000000149011612,0.81499997526407242)));
#11167=IFCARBITRARYCLOSEDPROFILEDEF(.AREA.,$,#11165);
#11168=IFCCARTESIANPOINT((0.30000001192092896,0.10250000178813934,0.02500000037252903));
#11169=IFCDIRECTION((0.,-1.,0.));
#11170=IFCDIRECTION((1.,0.,0.));
#11171=IFCAXIS2PLACEMENT3D(#11168,#11169,#11170);
#11172=IFCDIRECTION((0.,0.,-1.));
#11173=IFCEXTRUDEDAREASOLID(#11167,#11171,#11172,0.01);
#11174=IFCSHAPEREPRESENTATION(#11,'Body','SweptSolid',(#11102,#11113,#11124,#11133,#11142,#11153,#11164,#11173));
#11175=IFCCARTESIANPOINTLIST2D(((0.05000000074505806,0.05000000074505806),(0.27500001154839993,0.05000000074505806)));
#11176=IFCINDEXEDPOLYCURVE(#11175,$,$);
#11177=IFCCARTESIANPOINTLIST2D(((0.,0.10000000149011612),(0.02500000037252903,0.10000000149011612),(0.02500000037252903,0.090000001713633537),(0.05000000074505806,0.090000001713633537),(0.05000000074505806,0.05000000074505806),(0.,0.05000000074505806)));
#11178=IFCINDEXEDPOLYCURVE(#11177,(IFCLINEINDEX((1,2,3,4,5,6,1))),$);
#11179=IFCCARTESIANPOINTLIST2D(((0.30000001192092896,0.10000000149011612),(0.30000001192092896,0.10000000149011612),(0.30000001192092896,0.090000001713633537),(0.27500001154839993,0.090000001713633537),(0.27500001154839993,0.05000000074505806),(0.30000001192092896,0.05000000074505806)));
#11180=IFCINDEXEDPOLYCURVE(#11179,$,$);
#11181=IFCCARTESIANPOINTLIST2D(((0.02500000037252903,0.090000001713633537),(0.060000000521540642,0.090000001713633537),(0.060000000521540642,0.12500000186264515),(0.02500000037252903,0.12500000186264515)));
#11182=IFCINDEXEDPOLYCURVE(#11181,(IFCLINEINDEX((1,2,3,4,1))),$);
#11183=IFCINDEXEDPOLYCURVE(#11184,(IFCLINEINDEX((1,2,3,4,1))),$);
#11184=IFCCARTESIANPOINTLIST2D(((0.30000001192092896,0.090000001713633537),(0.26500001177191734,0.090000001713633537),(0.26500001177191734,0.12500000186264515),(0.30000001192092896,0.12500000186264515)));
#11185=IFCCARTESIANPOINTLIST2D(((0.060000000521540642,0.090000001713633537),(0.26500001177191734,0.090000001713633537)));
#11186=IFCINDEXEDPOLYCURVE(#11185,$,$);
#11187=IFCINDEXEDPOLYCURVE(#11188,$,$);
#11188=IFCCARTESIANPOINTLIST2D(((0.060000000521540642,0.12500000186264515),(0.26500001177191734,0.12500000186264515)));
#11189=IFCINDEXEDPOLYCURVE(#11190,$,$);
#11190=IFCCARTESIANPOINTLIST2D(((0.060000000521540642,0.10750000178813934),(0.26500001177191734,0.10750000178813934)));
#11191=IFCCARTESIANPOINTLIST2D(((0.32500001229345798,0.05000000074505806),(1.168546985834837,0.05000000074505806)));
#11192=IFCINDEXEDPOLYCURVE(#11191,$,$);
#11193=IFCCARTESIANPOINTLIST2D(((0.30000001192092896,0.10000000149011612),(0.30000001192092896,0.10000000149011612),(0.30000001192092896,0.090000001713633537),(0.32500001229345798,0.090000001713633537),(0.32500001229345798,0.05000000074505806),(0.30000001192092896,0.05000000074505806)));
#11194=IFCINDEXEDPOLYCURVE(#11193,$,$);
#11195=IFCCARTESIANPOINTLIST2D(((1.218546986579895,0.10000000149011612),(1.193546986207366,0.10000000149011612),(1.193546986207366,0.090000001713633537),(1.168546985834837,0.090000001713633537),(1.168546985834837,0.05000000074505806),(1.218546986579895,0.05000000074505806)));
#11196=IFCINDEXEDPOLYCURVE(#11195,(IFCLINEINDEX((1,2,3,4,5,6,1))),$);
#11197=IFCCARTESIANPOINTLIST2D(((0.30000001192092896,0.090000001713633537),(0.33500001206994057,0.090000001713633537),(0.33500001206994057,0.12500000186264515),(0.30000001192092896,0.12500000186264515)));
#11198=IFCINDEXEDPOLYCURVE(#11197,(IFCLINEINDEX((1,2,3,4,1))),$);
#11199=IFCINDEXEDPOLYCURVE(#11200,(IFCLINEINDEX((1,2,3,4,1))),$);
#11200=IFCCARTESIANPOINTLIST2D(((1.193546986207366,0.090000001713633537),(1.1585469860583544,0.090000001713633537),(1.1585469860583544,0.12500000186264515),(1.193546986207366,0.12500000186264515)));
#11201=IFCCARTESIANPOINTLIST2D(((0.33500001206994057,0.090000001713633537),(1.1585469860583544,0.090000001713633537)));
#11202=IFCINDEXEDPOLYCURVE(#11201,$,$);
#11203=IFCINDEXEDPOLYCURVE(#11204,$,$);
#11204=IFCCARTESIANPOINTLIST2D(((0.33500001206994057,0.12500000186264515),(1.1585469860583544,0.12500000186264515)));
#11205=IFCINDEXEDPOLYCURVE(#11206,$,$);
#11206=IFCCARTESIANPOINTLIST2D(((0.33500001206994057,0.10750000178813934),(1.1585469860583544,0.10750000178813934)));
#11207=IFCSHAPEREPRESENTATION(#24,'Body','Curve2D',(#11176,#11178,#11180,#11182,#11183,#11186,#11187,#11189,#11192,#11194,#11196,#11198,#11199,#11202,#11203,#11205));
#11208=IFCCARTESIANPOINTLIST2D(((0.,0.),(1.218546986579895,0.),(1.218546986579895,0.89999997615814209),(0.,0.89999997615814209)));
#11209=IFCINDEXEDPOLYCURVE(#11208,(IFCLINEINDEX((1,2,3,4,1))),$);
#11210=IFCARBITRARYCLOSEDPROFILEDEF(.AREA.,$,#11209);
#11211=IFCCARTESIANPOINT((0.,-0.60000002384185791,0.));
#11212=IFCDIRECTION((0.,-1.,0.));
#11213=IFCDIRECTION((1.,0.,0.));
#11214=IFCAXIS2PLACEMENT3D(#11211,#11212,#11213);
#11215=IFCDIRECTION((0.,0.,-1.));
#11216=IFCEXTRUDEDAREASOLID(#11210,#11214,#11215,1.2);
#11217=IFCSHAPEREPRESENTATION(#11,'Body','SweptSolid',(#11216));
#11223=IFCCARTESIANPOINT((1.0430651591289166,3.8743019104003906E-07,1.));
#11224=IFCDIRECTION((0.,0.,1.));
#11225=IFCDIRECTION((0.99999999999997158,-2.3841857910155572E-07,0.));
#11226=IFCAXIS2PLACEMENT3D(#11223,#11224,#11225);
#11227=IFCLOCALPLACEMENT(#679,#11226);
#11228=IFCCARTESIANPOINT((4.4408920985006262E-16,0.,0.));
#11229=IFCDIRECTION((0.,0.,1.));
#11230=IFCDIRECTION((1.,0.,0.));
#11231=IFCAXIS2PLACEMENT3D(#11228,#11229,#11230);
#11232=IFCLOCALPLACEMENT(#11227,#11231);
#11233=IFCCARTESIANPOINTLIST3D(((0.,0.,0.),(1.2145684957504272,0.,0.),(1.2145684957504272,0.,0.89999997615814209),(0.,0.,0.89999997615814209)));
#11234=IFCINDEXEDPOLYCURVE(#11233,(IFCLINEINDEX((1,2,3,4,1))),$);
#11235=IFCSHAPEREPRESENTATION(#18,'Profile','Curve3D',(#11234));
#11236=IFCCARTESIANPOINTLIST2D(((0.60096102952957153,0.),(0.,0.),(0.,0.89999997615814209),(0.60096102952957153,0.89999997615814209),(0.60096102952957153,0.87499997578561306),(0.02500000037252903,0.87499997578561306),(0.02500000037252903,0.02500000037252903),(0.60096102952957153,0.02500000037252903)));
#11237=IFCINDEXEDPOLYCURVE(#11236,(IFCLINEINDEX((1,2,3,4,5,6,7,8,1))),$);
#11238=IFCARBITRARYCLOSEDPROFILEDEF(.AREA.,$,#11237);
#11239=IFCCARTESIANPOINT((0.,0.090000001713633537,0.));
#11240=IFCDIRECTION((0.,-1.,0.));
#11241=IFCDIRECTION((1.,0.,0.));
#11242=IFCAXIS2PLACEMENT3D(#11239,#11240,#11241);
#11243=IFCDIRECTION((0.,0.,-1.));
#11244=IFCEXTRUDEDAREASOLID(#11238,#11242,#11243,0.0099999997764825821);
#11245=IFCCARTESIANPOINTLIST2D(((0.,0.),(0.60096102952957153,0.),(0.60096102952957153,0.89999997615814209),(0.,0.89999997615814209)));
#11246=IFCINDEXEDPOLYCURVE(#11245,(IFCLINEINDEX((1,2,3,4,1))),$);
#11247=IFCCARTESIANPOINTLIST2D(((0.05000000074505806,0.05000000074505806),(0.5759610291570425,0.05000000074505806),(0.5759610291570425,0.84999997541308403),(0.05000000074505806,0.84999997541308403)));
#11248=IFCINDEXEDPOLYCURVE(#11247,(IFCLINEINDEX((1,2,3,4,1))),$);
#11249=IFCARBITRARYPROFILEDEFWITHVOIDS(.AREA.,$,#11246,(#11248));
#11250=IFCCARTESIANPOINT((0.,0.05000000074505806,0.));
#11251=IFCDIRECTION((0.,-1.,0.));
#11252=IFCDIRECTION((1.,0.,0.));
#11253=IFCAXIS2PLACEMENT3D(#11250,#11251,#11252);
#11254=IFCDIRECTION((0.,0.,-1.));
#11255=IFCEXTRUDEDAREASOLID(#11249,#11253,#11254,0.040000000968575478);
#11256=IFCCARTESIANPOINTLIST2D(((0.,0.),(0.5759610291570425,0.),(0.5759610291570425,0.84999997541308403),(0.,0.84999997541308403)));
#11257=IFCINDEXEDPOLYCURVE(#11256,(IFCLINEINDEX((1,2,3,4,1))),$);
#11258=IFCCARTESIANPOINTLIST2D(((0.035000000149011612,0.035000000149011612),(0.54096102900803089,0.035000000149011612),(0.54096102900803089,0.81499997526407242),(0.035000000149011612,0.81499997526407242)));
#11259=IFCINDEXEDPOLYCURVE(#11258,(IFCLINEINDEX((1,2,3,4,1))),$);
#11260=IFCARBITRARYPROFILEDEFWITHVOIDS(.AREA.,$,#11257,(#11259));
#11261=IFCCARTESIANPOINT((0.02500000037252903,0.090000001713633537,0.02500000037252903));
#11262=IFCDIRECTION((0.,-1.,0.));
#11263=IFCDIRECTION((1.,0.,0.));
#11264=IFCAXIS2PLACEMENT3D(#11261,#11262,#11263);
#11265=IFCDIRECTION((0.,0.,-1.));
#11266=IFCEXTRUDEDAREASOLID(#11260,#11264,#11265,0.035000000149011612);
#11267=IFCINDEXEDPOLYCURVE(#11268,(IFCLINEINDEX((1,2,3,4,1))),$);
#11268=IFCCARTESIANPOINTLIST2D(((0.035000000149011612,0.035000000149011612),(0.54096102900803089,0.035000000149011612),(0.54096102900803089,0.81499997526407242),(0.035000000149011612,0.81499997526407242)));
#11269=IFCARBITRARYCLOSEDPROFILEDEF(.AREA.,$,#11267);
#11270=IFCCARTESIANPOINT((0.02500000037252903,0.10250000178813934,0.02500000037252903));
#11271=IFCDIRECTION((0.,-1.,0.));
#11272=IFCDIRECTION((1.,0.,0.));
#11273=IFCAXIS2PLACEMENT3D(#11270,#11271,#11272);
#11274=IFCDIRECTION((0.,0.,-1.));
#11275=IFCEXTRUDEDAREASOLID(#11269,#11273,#11274,0.01);
#11276=IFCCARTESIANPOINTLIST2D(((0.,0.89999997615814209),(0.61360746622085571,0.89999997615814209),(0.61360746622085571,0.),(0.,0.),(0.,0.02500000037252903),(0.58860746584832668,0.02500000037252903),(0.58860746584832668,0.87499997578561306),(0.,0.87499997578561306)));
#11277=IFCINDEXEDPOLYCURVE(#11276,(IFCLINEINDEX((1,2,3,4,5,6,7,8,1))),$);
#11278=IFCARBITRARYCLOSEDPROFILEDEF(.AREA.,$,#11277);
#11279=IFCCARTESIANPOINT((0.60096102952957153,0.090000001713633537,0.));
#11280=IFCDIRECTION((0.,-1.,0.));
#11281=IFCDIRECTION((1.,0.,0.));
#11282=IFCAXIS2PLACEMENT3D(#11279,#11280,#11281);
#11283=IFCDIRECTION((0.,0.,-1.));
#11284=IFCEXTRUDEDAREASOLID(#11278,#11282,#11283,0.0099999997764825821);
#11285=IFCCARTESIANPOINTLIST2D(((0.,0.),(0.61360746622085571,0.),(0.61360746622085571,0.89999997615814209),(0.,0.89999997615814209)));
#11286=IFCINDEXEDPOLYCURVE(#11285,(IFCLINEINDEX((1,2,3,4,1))),$);
#11287=IFCCARTESIANPOINTLIST2D(((0.02500000037252903,0.05000000074505806),(0.56360746547579765,0.05000000074505806),(0.56360746547579765,0.84999997541308403),(0.02500000037252903,0.84999997541308403)));
#11288=IFCINDEXEDPOLYCURVE(#11287,(IFCLINEINDEX((1,2,3,4,1))),$);
#11289=IFCARBITRARYPROFILEDEFWITHVOIDS(.AREA.,$,#11286,(#11288));
#11290=IFCCARTESIANPOINT((0.60096102952957153,0.05000000074505806,0.));
#11291=IFCDIRECTION((0.,-1.,0.));
#11292=IFCDIRECTION((1.,0.,0.));
#11293=IFCAXIS2PLACEMENT3D(#11290,#11291,#11292);
#11294=IFCDIRECTION((0.,0.,-1.));
#11295=IFCEXTRUDEDAREASOLID(#11289,#11293,#11294,0.040000000968575478);
#11296=IFCCARTESIANPOINTLIST2D(((0.,0.),(0.58860746584832668,0.),(0.58860746584832668,0.84999997541308403),(0.,0.84999997541308403)));
#11297=IFCINDEXEDPOLYCURVE(#11296,(IFCLINEINDEX((1,2,3,4,1))),$);
#11298=IFCCARTESIANPOINTLIST2D(((0.035000000149011612,0.035000000149011612),(0.55360746569931507,0.035000000149011612),(0.55360746569931507,0.81499997526407242),(0.035000000149011612,0.81499997526407242)));
#11299=IFCINDEXEDPOLYCURVE(#11298,(IFCLINEINDEX((1,2,3,4,1))),$);
#11300=IFCARBITRARYPROFILEDEFWITHVOIDS(.AREA.,$,#11297,(#11299));
#11301=IFCCARTESIANPOINT((0.60096102952957153,0.090000001713633537,0.02500000037252903));
#11302=IFCDIRECTION((0.,-1.,0.));
#11303=IFCDIRECTION((1.,0.,0.));
#11304=IFCAXIS2PLACEMENT3D(#11301,#11302,#11303);
#11305=IFCDIRECTION((0.,0.,-1.));
#11306=IFCEXTRUDEDAREASOLID(#11300,#11304,#11305,0.035000000149011612);
#11307=IFCINDEXEDPOLYCURVE(#11308,(IFCLINEINDEX((1,2,3,4,1))),$);
#11308=IFCCARTESIANPOINTLIST2D(((0.035000000149011612,0.035000000149011612),(0.55360746569931507,0.035000000149011612),(0.55360746569931507,0.81499997526407242),(0.035000000149011612,0.81499997526407242)));
#11309=IFCARBITRARYCLOSEDPROFILEDEF(.AREA.,$,#11307);
#11310=IFCCARTESIANPOINT((0.60096102952957153,0.10250000178813934,0.02500000037252903));
#11311=IFCDIRECTION((0.,-1.,0.));
#11312=IFCDIRECTION((1.,0.,0.));
#11313=IFCAXIS2PLACEMENT3D(#11310,#11311,#11312);
#11314=IFCDIRECTION((0.,0.,-1.));
#11315=IFCEXTRUDEDAREASOLID(#11309,#11313,#11314,0.01);
#11316=IFCSHAPEREPRESENTATION(#11,'Body','SweptSolid',(#11244,#11255,#11266,#11275,#11284,#11295,#11306,#11315));
#11317=IFCCARTESIANPOINTLIST2D(((0.05000000074505806,0.05000000074505806),(0.5759610291570425,0.05000000074505806)));
#11318=IFCINDEXEDPOLYCURVE(#11317,$,$);
#11319=IFCCARTESIANPOINTLIST2D(((0.,0.10000000149011612),(0.02500000037252903,0.10000000149011612),(0.02500000037252903,0.090000001713633537),(0.05000000074505806,0.090000001713633537),(0.05000000074505806,0.05000000074505806),(0.,0.05000000074505806)));
#11320=IFCINDEXEDPOLYCURVE(#11319,(IFCLINEINDEX((1,2,3,4,5,6,1))),$);
#11321=IFCCARTESIANPOINTLIST2D(((0.60096102952957153,0.10000000149011612),(0.60096102952957153,0.10000000149011612),(0.60096102952957153,0.090000001713633537),(0.5759610291570425,0.090000001713633537),(0.5759610291570425,0.05000000074505806),(0.60096102952957153,0.05000000074505806)));
#11322=IFCINDEXEDPOLYCURVE(#11321,$,$);
#11323=IFCCARTESIANPOINTLIST2D(((0.02500000037252903,0.090000001713633537),(0.060000000521540642,0.090000001713633537),(0.060000000521540642,0.12500000186264515),(0.02500000037252903,0.12500000186264515)));
#11324=IFCINDEXEDPOLYCURVE(#11323,(IFCLINEINDEX((1,2,3,4,1))),$);
#11325=IFCINDEXEDPOLYCURVE(#11326,(IFCLINEINDEX((1,2,3,4,1))),$);
#11326=IFCCARTESIANPOINTLIST2D(((0.60096102952957153,0.090000001713633537),(0.56596102938055992,0.090000001713633537),(0.56596102938055992,0.12500000186264515),(0.60096102952957153,0.12500000186264515)));
#11327=IFCCARTESIANPOINTLIST2D(((0.060000000521540642,0.090000001713633537),(0.56596102938055992,0.090000001713633537)));
#11328=IFCINDEXEDPOLYCURVE(#11327,$,$);
#11329=IFCINDEXEDPOLYCURVE(#11330,$,$);
#11330=IFCCARTESIANPOINTLIST2D(((0.060000000521540642,0.12500000186264515),(0.56596102938055992,0.12500000186264515)));
#11331=IFCINDEXEDPOLYCURVE(#11332,$,$);
#11332=IFCCARTESIANPOINTLIST2D(((0.060000000521540642,0.10750000178813934),(0.56596102938055992,0.10750000178813934)));
#11333=IFCCARTESIANPOINTLIST2D(((0.62596102990210056,0.05000000074505806),(1.1645684950053692,0.05000000074505806)));
#11334=IFCINDEXEDPOLYCURVE(#11333,$,$);
#11335=IFCCARTESIANPOINTLIST2D(((0.60096102952957153,0.10000000149011612),(0.60096102952957153,0.10000000149011612),(0.60096102952957153,0.090000001713633537),(0.62596102990210056,0.090000001713633537),(0.62596102990210056,0.05000000074505806),(0.60096102952957153,0.05000000074505806)));
#11336=IFCINDEXEDPOLYCURVE(#11335,$,$);
#11337=IFCCARTESIANPOINTLIST2D(((1.2145684957504272,0.10000000149011612),(1.1895684953778982,0.10000000149011612),(1.1895684953778982,0.090000001713633537),(1.1645684950053692,0.090000001713633537),(1.1645684950053692,0.05000000074505806),(1.2145684957504272,0.05000000074505806)));
#11338=IFCINDEXEDPOLYCURVE(#11337,(IFCLINEINDEX((1,2,3,4,5,6,1))),$);
#11339=IFCCARTESIANPOINTLIST2D(((0.60096102952957153,0.090000001713633537),(0.63596102967858315,0.090000001713633537),(0.63596102967858315,0.12500000186264515),(0.60096102952957153,0.12500000186264515)));
#11340=IFCINDEXEDPOLYCURVE(#11339,(IFCLINEINDEX((1,2,3,4,1))),$);
#11341=IFCINDEXEDPOLYCURVE(#11342,(IFCLINEINDEX((1,2,3,4,1))),$);
#11342=IFCCARTESIANPOINTLIST2D(((1.1895684953778982,0.090000001713633537),(1.1545684952288866,0.090000001713633537),(1.1545684952288866,0.12500000186264515),(1.1895684953778982,0.12500000186264515)));
#11343=IFCCARTESIANPOINTLIST2D(((0.63596102967858315,0.090000001713633537),(1.1545684952288866,0.090000001713633537)));
#11344=IFCINDEXEDPOLYCURVE(#11343,$,$);
#11345=IFCINDEXEDPOLYCURVE(#11346,$,$);
#11346=IFCCARTESIANPOINTLIST2D(((0.63596102967858315,0.12500000186264515),(1.1545684952288866,0.12500000186264515)));
#11347=IFCINDEXEDPOLYCURVE(#11348,$,$);
#11348=IFCCARTESIANPOINTLIST2D(((0.63596102967858315,0.10750000178813934),(1.1545684952288866,0.10750000178813934)));
#11349=IFCSHAPEREPRESENTATION(#24,'Body','Curve2D',(#11318,#11320,#11322,#11324,#11325,#11328,#11329,#11331,#11334,#11336,#11338,#11340,#11341,#11344,#11345,#11347));
#11350=IFCCARTESIANPOINTLIST2D(((0.,0.),(1.2145684957504272,0.),(1.2145684957504272,0.89999997615814209),(0.,0.89999997615814209)));
#11351=IFCINDEXEDPOLYCURVE(#11350,(IFCLINEINDEX((1,2,3,4,1))),$);
#11352=IFCARBITRARYCLOSEDPROFILEDEF(.AREA.,$,#11351);
#11353=IFCCARTESIANPOINT((0.,-0.60000002384185791,0.));
#11354=IFCDIRECTION((0.,-1.,0.));
#11355=IFCDIRECTION((1.,0.,0.));
#11356=IFCAXIS2PLACEMENT3D(#11353,#11354,#11355);
#11357=IFCDIRECTION((0.,0.,-1.));
#11358=IFCEXTRUDEDAREASOLID(#11352,#11356,#11357,1.2);
#11359=IFCSHAPEREPRESENTATION(#11,'Body','SweptSolid',(#11358));
#11365=IFCCARTESIANPOINT((0.3192341618152712,9.5367431640625E-07,1.));
#11366=IFCDIRECTION((0.,0.,1.));
#11367=IFCDIRECTION((0.99999999999988631,-4.7683715820307079E-07,0.));
#11368=IFCAXIS2PLACEMENT3D(#11365,#11366,#11367);
#11369=IFCLOCALPLACEMENT(#9028,#11368);
#11370=IFCCARTESIANPOINT((-8.8817841970012523E-16,0.,0.));
#11371=IFCDIRECTION((0.,0.,1.));
#11372=IFCDIRECTION((1.,0.,0.));
#11373=IFCAXIS2PLACEMENT3D(#11370,#11371,#11372);
#11374=IFCLOCALPLACEMENT(#11369,#11373);
#11375=IFCWINDOWTYPE('2J$DqSrbbF6g06XaIfxguT',$,'Bedroom1-1-2F',$,$,(#11376),(#11378,#11386,#11434),$,$,.WINDOW.,.SINGLE_PANEL.,$,$);
#11376=IFCPROPERTYSET('0083H1Le17ge1a3OMhQmZE',$,'BBIM_Window',$,(#11377));
#11377=IFCPROPERTYSINGLEVALUE('Data',$,IFCTEXT('{"window_type": "DOUBLE_PANEL_VERTICAL", "overall_height": 0.8999999761581421, "overall_width": 1.2096140384674072, "lining_properties": {"lining_depth": 0.05000000074505806, "lining_thickness": 0.05000000074505806, "lining_offset": 0.05000000074505806, "lining_to_panel_offset_x": 0.02500000037252903, "lining_to_panel_offset_y": 0.02500000037252903, "mullion_thickness": 0.05000000074505806, "first_mullion_offset": 0.6039223670959473}, "panel_properties": {"frame_depth": [0.03500000014901161, 0.03500000014901161, 0.03500000014901161], "frame_thickness": [0.03500000014901161, 0.03500000014901161, 0.03500000014901161]}}'),$);
#11378=IFCREPRESENTATIONMAP(#11379,#11716);
#11379=IFCAXIS2PLACEMENT3D(#11380,#11381,#11382);
#11380=IFCCARTESIANPOINT((0.,0.,0.));
#11381=IFCDIRECTION((0.,0.,1.));
#11382=IFCDIRECTION((1.,0.,0.));
#11386=IFCREPRESENTATIONMAP(#11387,#11797);
#11387=IFCAXIS2PLACEMENT3D(#11388,#11389,#11390);
#11388=IFCCARTESIANPOINT((0.,0.,0.));
#11389=IFCDIRECTION((0.,0.,1.));
#11390=IFCDIRECTION((1.,0.,0.));
#11434=IFCREPRESENTATIONMAP(#11435,#11830);
#11435=IFCAXIS2PLACEMENT3D(#11436,#11437,#11438);
#11436=IFCCARTESIANPOINT((0.,0.,0.));
#11437=IFCDIRECTION((0.,0.,1.));
#11438=IFCDIRECTION((1.,0.,0.));
#11456=IFCWINDOW('0lM0AJ6fP12wqoPyfVdv50',$,'Window',$,$,#11855,#11465,$,0.89999997615814209,1.2096140384674072,$,.DOUBLE_PANEL_VERTICAL.,$);
#11457=IFCRELDEFINESBYTYPE('0HIeNh7EP0IARRlz28H3wl',$,$,$,(#11456),#11375);
#11458=IFCCARTESIANPOINT((0.,0.,0.));
#11459=IFCDIRECTION((1.,0.,0.));
#11460=IFCDIRECTION((0.,1.,0.));
#11461=IFCDIRECTION((0.,0.,1.));
#11462=IFCCARTESIANTRANSFORMATIONOPERATOR3D(#11459,#11460,#11458,1.,#11461);
#11463=IFCMAPPEDITEM(#11378,#11462);
#11464=IFCSHAPEREPRESENTATION(#18,'Profile','MappedRepresentation',(#11463));
#11465=IFCPRODUCTDEFINITIONSHAPE($,$,(#11464,#11472,#11479));
#11466=IFCCARTESIANPOINT((0.,0.,0.));
#11467=IFCDIRECTION((1.,0.,0.));
#11468=IFCDIRECTION((0.,1.,0.));
#11469=IFCDIRECTION((0.,0.,1.));
#11470=IFCCARTESIANTRANSFORMATIONOPERATOR3D(#11467,#11468,#11466,1.,#11469);
#11471=IFCMAPPEDITEM(#11386,#11470);
#11472=IFCSHAPEREPRESENTATION(#11,'Body','MappedRepresentation',(#11471));
#11473=IFCCARTESIANPOINT((0.,0.,0.));
#11474=IFCDIRECTION((1.,0.,0.));
#11475=IFCDIRECTION((0.,1.,0.));
#11476=IFCDIRECTION((0.,0.,1.));
#11477=IFCCARTESIANTRANSFORMATIONOPERATOR3D(#11474,#11475,#11473,1.,#11476);
#11478=IFCMAPPEDITEM(#11434,#11477);
#11479=IFCSHAPEREPRESENTATION(#24,'Body','MappedRepresentation',(#11478));
#11480=IFCOPENINGELEMENT('1YnYs8j5HAswGGDu$t45aS',$,'Opening',$,$,#11850,#11508,$,.OPENING.);
#11496=IFCCARTESIANPOINT((0.,0.,0.));
#11497=IFCDIRECTION((1.,0.,0.));
#11498=IFCDIRECTION((0.,0.,1.));
#11499=IFCAXIS2PLACEMENT3D(#11496,#11498,#11497);
#11500=IFCREPRESENTATIONMAP(#11499,#11840);
#11501=IFCCARTESIANPOINT((0.,0.,0.));
#11502=IFCDIRECTION((1.,0.,0.));
#11503=IFCDIRECTION((0.,1.,0.));
#11504=IFCDIRECTION((0.,0.,1.));
#11505=IFCCARTESIANTRANSFORMATIONOPERATOR3D(#11502,#11503,#11501,1.,#11504);
#11506=IFCMAPPEDITEM(#11500,#11505);
#11507=IFCSHAPEREPRESENTATION(#11,'Body','MappedRepresentation',(#11506));
#11508=IFCPRODUCTDEFINITIONSHAPE($,$,(#11507));
#11509=IFCRELVOIDSELEMENT('3GIExVSMnBofNg8BGr6VHb',$,$,$,#6281,#11480);
#11515=IFCRELFILLSELEMENT('3V6x6$U1HCDwTQebsECcaD',$,$,$,#11480,#11456);
#11569=IFCCARTESIANPOINTLIST2D(((0.30000001192092896,0.),(0.,0.),(0.,0.89999997615814209),(0.30000001192092896,0.89999997615814209),(0.30000001192092896,0.87499997578561306),(0.02500000037252903,0.87499997578561306),(0.02500000037252903,0.02500000037252903),(0.30000001192092896,0.02500000037252903)));
#11570=IFCINDEXEDPOLYCURVE(#11569,(IFCLINEINDEX((1,2,3,4,5,6,7,8,1))),$);
#11571=IFCARBITRARYCLOSEDPROFILEDEF(.AREA.,$,#11570);
#11572=IFCCARTESIANPOINT((0.,0.090000001713633537,0.));
#11573=IFCDIRECTION((0.,-1.,0.));
#11574=IFCDIRECTION((1.,0.,0.));
#11575=IFCAXIS2PLACEMENT3D(#11572,#11573,#11574);
#11576=IFCDIRECTION((0.,0.,-1.));
#11577=IFCEXTRUDEDAREASOLID(#11571,#11575,#11576,0.0099999997764825821);
#11578=IFCCARTESIANPOINTLIST2D(((0.,0.),(0.30000001192092896,0.),(0.30000001192092896,0.89999997615814209),(0.,0.89999997615814209)));
#11579=IFCINDEXEDPOLYCURVE(#11578,(IFCLINEINDEX((1,2,3,4,1))),$);
#11580=IFCCARTESIANPOINTLIST2D(((0.05000000074505806,0.05000000074505806),(0.27500001154839993,0.05000000074505806),(0.27500001154839993,0.84999997541308403),(0.05000000074505806,0.84999997541308403)));
#11581=IFCINDEXEDPOLYCURVE(#11580,(IFCLINEINDEX((1,2,3,4,1))),$);
#11582=IFCARBITRARYPROFILEDEFWITHVOIDS(.AREA.,$,#11579,(#11581));
#11583=IFCCARTESIANPOINT((0.,0.05000000074505806,0.));
#11584=IFCDIRECTION((0.,-1.,0.));
#11585=IFCDIRECTION((1.,0.,0.));
#11586=IFCAXIS2PLACEMENT3D(#11583,#11584,#11585);
#11587=IFCDIRECTION((0.,0.,-1.));
#11588=IFCEXTRUDEDAREASOLID(#11582,#11586,#11587,0.040000000968575478);
#11589=IFCCARTESIANPOINTLIST2D(((0.,0.),(0.27500001154839993,0.),(0.27500001154839993,0.84999997541308403),(0.,0.84999997541308403)));
#11590=IFCINDEXEDPOLYCURVE(#11589,(IFCLINEINDEX((1,2,3,4,1))),$);
#11591=IFCCARTESIANPOINTLIST2D(((0.035000000149011612,0.035000000149011612),(0.24000001139938831,0.035000000149011612),(0.24000001139938831,0.81499997526407242),(0.035000000149011612,0.81499997526407242)));
#11592=IFCINDEXEDPOLYCURVE(#11591,(IFCLINEINDEX((1,2,3,4,1))),$);
#11593=IFCARBITRARYPROFILEDEFWITHVOIDS(.AREA.,$,#11590,(#11592));
#11594=IFCCARTESIANPOINT((0.02500000037252903,0.090000001713633537,0.02500000037252903));
#11595=IFCDIRECTION((0.,-1.,0.));
#11596=IFCDIRECTION((1.,0.,0.));
#11597=IFCAXIS2PLACEMENT3D(#11594,#11595,#11596);
#11598=IFCDIRECTION((0.,0.,-1.));
#11599=IFCEXTRUDEDAREASOLID(#11593,#11597,#11598,0.035000000149011612);
#11600=IFCINDEXEDPOLYCURVE(#11601,(IFCLINEINDEX((1,2,3,4,1))),$);
#11601=IFCCARTESIANPOINTLIST2D(((0.035000000149011612,0.035000000149011612),(0.24000001139938831,0.035000000149011612),(0.24000001139938831,0.81499997526407242),(0.035000000149011612,0.81499997526407242)));
#11602=IFCARBITRARYCLOSEDPROFILEDEF(.AREA.,$,#11600);
#11603=IFCCARTESIANPOINT((0.02500000037252903,0.10250000178813934,0.02500000037252903));
#11604=IFCDIRECTION((0.,-1.,0.));
#11605=IFCDIRECTION((1.,0.,0.));
#11606=IFCAXIS2PLACEMENT3D(#11603,#11604,#11605);
#11607=IFCDIRECTION((0.,0.,-1.));
#11608=IFCEXTRUDEDAREASOLID(#11602,#11606,#11607,0.01);
#11609=IFCCARTESIANPOINTLIST2D(((0.,0.89999997615814209),(0.90961402654647827,0.89999997615814209),(0.90961402654647827,0.),(0.,0.),(0.,0.02500000037252903),(0.88461402617394924,0.02500000037252903),(0.88461402617394924,0.87499997578561306),(0.,0.87499997578561306)));
#11610=IFCINDEXEDPOLYCURVE(#11609,(IFCLINEINDEX((1,2,3,4,5,6,7,8,1))),$);
#11611=IFCARBITRARYCLOSEDPROFILEDEF(.AREA.,$,#11610);
#11612=IFCCARTESIANPOINT((0.30000001192092896,0.090000001713633537,0.));
#11613=IFCDIRECTION((0.,-1.,0.));
#11614=IFCDIRECTION((1.,0.,0.));
#11615=IFCAXIS2PLACEMENT3D(#11612,#11613,#11614);
#11616=IFCDIRECTION((0.,0.,-1.));
#11617=IFCEXTRUDEDAREASOLID(#11611,#11615,#11616,0.0099999997764825821);
#11618=IFCCARTESIANPOINTLIST2D(((0.,0.),(0.90961402654647827,0.),(0.90961402654647827,0.89999997615814209),(0.,0.89999997615814209)));
#11619=IFCINDEXEDPOLYCURVE(#11618,(IFCLINEINDEX((1,2,3,4,1))),$);
#11620=IFCCARTESIANPOINTLIST2D(((0.02500000037252903,0.05000000074505806),(0.85961402580142021,0.05000000074505806),(0.85961402580142021,0.84999997541308403),(0.02500000037252903,0.84999997541308403)));
#11621=IFCINDEXEDPOLYCURVE(#11620,(IFCLINEINDEX((1,2,3,4,1))),$);
#11622=IFCARBITRARYPROFILEDEFWITHVOIDS(.AREA.,$,#11619,(#11621));
#11623=IFCCARTESIANPOINT((0.30000001192092896,0.05000000074505806,0.));
#11624=IFCDIRECTION((0.,-1.,0.));
#11625=IFCDIRECTION((1.,0.,0.));
#11626=IFCAXIS2PLACEMENT3D(#11623,#11624,#11625);
#11627=IFCDIRECTION((0.,0.,-1.));
#11628=IFCEXTRUDEDAREASOLID(#11622,#11626,#11627,0.040000000968575478);
#11629=IFCCARTESIANPOINTLIST2D(((0.,0.),(0.88461402617394924,0.),(0.88461402617394924,0.84999997541308403),(0.,0.84999997541308403)));
#11630=IFCINDEXEDPOLYCURVE(#11629,(IFCLINEINDEX((1,2,3,4,1))),$);
#11631=IFCCARTESIANPOINTLIST2D(((0.035000000149011612,0.035000000149011612),(0.84961402602493763,0.035000000149011612),(0.84961402602493763,0.81499997526407242),(0.035000000149011612,0.81499997526407242)));
#11632=IFCINDEXEDPOLYCURVE(#11631,(IFCLINEINDEX((1,2,3,4,1))),$);
#11633=IFCARBITRARYPROFILEDEFWITHVOIDS(.AREA.,$,#11630,(#11632));
#11634=IFCCARTESIANPOINT((0.30000001192092896,0.090000001713633537,0.02500000037252903));
#11635=IFCDIRECTION((0.,-1.,0.));
#11636=IFCDIRECTION((1.,0.,0.));
#11637=IFCAXIS2PLACEMENT3D(#11634,#11635,#11636);
#11638=IFCDIRECTION((0.,0.,-1.));
#11639=IFCEXTRUDEDAREASOLID(#11633,#11637,#11638,0.035000000149011612);
#11640=IFCINDEXEDPOLYCURVE(#11641,(IFCLINEINDEX((1,2,3,4,1))),$);
#11641=IFCCARTESIANPOINTLIST2D(((0.035000000149011612,0.035000000149011612),(0.84961402602493763,0.035000000149011612),(0.84961402602493763,0.81499997526407242),(0.035000000149011612,0.81499997526407242)));
#11642=IFCARBITRARYCLOSEDPROFILEDEF(.AREA.,$,#11640);
#11643=IFCCARTESIANPOINT((0.30000001192092896,0.10250000178813934,0.02500000037252903));
#11644=IFCDIRECTION((0.,-1.,0.));
#11645=IFCDIRECTION((1.,0.,0.));
#11646=IFCAXIS2PLACEMENT3D(#11643,#11644,#11645);
#11647=IFCDIRECTION((0.,0.,-1.));
#11648=IFCEXTRUDEDAREASOLID(#11642,#11646,#11647,0.01);
#11650=IFCSHAPEREPRESENTATION(#11,'Body','SweptSolid',(#11765,#11736,#11617,#11776,#11577,#11588,#11725,#11628));
#11651=IFCSHAPEASPECT((#11650),'Lining',$,.T.,#11465);
#11652=IFCSHAPEREPRESENTATION(#11,'Body','SweptSolid',(#11599,#11787,#11747,#11639));
#11653=IFCSHAPEASPECT((#11652),'Framing',$,.T.,#11465);
#11654=IFCSHAPEREPRESENTATION(#11,'Body','SweptSolid',(#11648,#11608,#11796,#11756));
#11655=IFCSHAPEASPECT((#11654),'Glazing',$,.T.,#11465);
#11714=IFCCARTESIANPOINTLIST3D(((0.,0.,0.),(1.2096140384674072,0.,0.),(1.2096140384674072,0.,0.89999997615814209),(0.,0.,0.89999997615814209)));
#11715=IFCINDEXEDPOLYCURVE(#11714,(IFCLINEINDEX((1,2,3,4,1))),$);
#11716=IFCSHAPEREPRESENTATION(#18,'Profile','Curve3D',(#11715));
#11717=IFCCARTESIANPOINTLIST2D(((0.60392236709594727,0.),(0.,0.),(0.,0.89999997615814209),(0.60392236709594727,0.89999997615814209),(0.60392236709594727,0.87499997578561306),(0.02500000037252903,0.87499997578561306),(0.02500000037252903,0.02500000037252903),(0.60392236709594727,0.02500000037252903)));
#11718=IFCINDEXEDPOLYCURVE(#11717,(IFCLINEINDEX((1,2,3,4,5,6,7,8,1))),$);
#11719=IFCARBITRARYCLOSEDPROFILEDEF(.AREA.,$,#11718);
#11720=IFCCARTESIANPOINT((0.,0.090000001713633537,0.));
#11721=IFCDIRECTION((0.,-1.,0.));
#11722=IFCDIRECTION((1.,0.,0.));
#11723=IFCAXIS2PLACEMENT3D(#11720,#11721,#11722);
#11724=IFCDIRECTION((0.,0.,-1.));
#11725=IFCEXTRUDEDAREASOLID(#11719,#11723,#11724,0.0099999997764825821);
#11726=IFCCARTESIANPOINTLIST2D(((0.,0.),(0.60392236709594727,0.),(0.60392236709594727,0.89999997615814209),(0.,0.89999997615814209)));
#11727=IFCINDEXEDPOLYCURVE(#11726,(IFCLINEINDEX((1,2,3,4,1))),$);
#11728=IFCCARTESIANPOINTLIST2D(((0.05000000074505806,0.05000000074505806),(0.57892236672341824,0.05000000074505806),(0.57892236672341824,0.84999997541308403),(0.05000000074505806,0.84999997541308403)));
#11729=IFCINDEXEDPOLYCURVE(#11728,(IFCLINEINDEX((1,2,3,4,1))),$);
#11730=IFCARBITRARYPROFILEDEFWITHVOIDS(.AREA.,$,#11727,(#11729));
#11731=IFCCARTESIANPOINT((0.,0.05000000074505806,0.));
#11732=IFCDIRECTION((0.,-1.,0.));
#11733=IFCDIRECTION((1.,0.,0.));
#11734=IFCAXIS2PLACEMENT3D(#11731,#11732,#11733);
#11735=IFCDIRECTION((0.,0.,-1.));
#11736=IFCEXTRUDEDAREASOLID(#11730,#11734,#11735,0.040000000968575478);
#11737=IFCCARTESIANPOINTLIST2D(((0.,0.),(0.57892236672341824,0.),(0.57892236672341824,0.84999997541308403),(0.,0.84999997541308403)));
#11738=IFCINDEXEDPOLYCURVE(#11737,(IFCLINEINDEX((1,2,3,4,1))),$);
#11739=IFCCARTESIANPOINTLIST2D(((0.035000000149011612,0.035000000149011612),(0.54392236657440662,0.035000000149011612),(0.54392236657440662,0.81499997526407242),(0.035000000149011612,0.81499997526407242)));
#11740=IFCINDEXEDPOLYCURVE(#11739,(IFCLINEINDEX((1,2,3,4,1))),$);
#11741=IFCARBITRARYPROFILEDEFWITHVOIDS(.AREA.,$,#11738,(#11740));
#11742=IFCCARTESIANPOINT((0.02500000037252903,0.090000001713633537,0.02500000037252903));
#11743=IFCDIRECTION((0.,-1.,0.));
#11744=IFCDIRECTION((1.,0.,0.));
#11745=IFCAXIS2PLACEMENT3D(#11742,#11743,#11744);
#11746=IFCDIRECTION((0.,0.,-1.));
#11747=IFCEXTRUDEDAREASOLID(#11741,#11745,#11746,0.035000000149011612);
#11748=IFCINDEXEDPOLYCURVE(#11749,(IFCLINEINDEX((1,2,3,4,1))),$);
#11749=IFCCARTESIANPOINTLIST2D(((0.035000000149011612,0.035000000149011612),(0.54392236657440662,0.035000000149011612),(0.54392236657440662,0.81499997526407242),(0.035000000149011612,0.81499997526407242)));
#11750=IFCARBITRARYCLOSEDPROFILEDEF(.AREA.,$,#11748);
#11751=IFCCARTESIANPOINT((0.02500000037252903,0.10250000178813934,0.02500000037252903));
#11752=IFCDIRECTION((0.,-1.,0.));
#11753=IFCDIRECTION((1.,0.,0.));
#11754=IFCAXIS2PLACEMENT3D(#11751,#11752,#11753);
#11755=IFCDIRECTION((0.,0.,-1.));
#11756=IFCEXTRUDEDAREASOLID(#11750,#11754,#11755,0.01);
#11757=IFCCARTESIANPOINTLIST2D(((0.,0.89999997615814209),(0.60569167137145996,0.89999997615814209),(0.60569167137145996,0.),(0.,0.),(0.,0.02500000037252903),(0.58069167099893093,0.02500000037252903),(0.58069167099893093,0.87499997578561306),(0.,0.87499997578561306)));
#11758=IFCINDEXEDPOLYCURVE(#11757,(IFCLINEINDEX((1,2,3,4,5,6,7,8,1))),$);
#11759=IFCARBITRARYCLOSEDPROFILEDEF(.AREA.,$,#11758);
#11760=IFCCARTESIANPOINT((0.60392236709594727,0.090000001713633537,0.));
#11761=IFCDIRECTION((0.,-1.,0.));
#11762=IFCDIRECTION((1.,0.,0.));
#11763=IFCAXIS2PLACEMENT3D(#11760,#11761,#11762);
#11764=IFCDIRECTION((0.,0.,-1.));
#11765=IFCEXTRUDEDAREASOLID(#11759,#11763,#11764,0.0099999997764825821);
#11766=IFCCARTESIANPOINTLIST2D(((0.,0.),(0.60569167137145996,0.),(0.60569167137145996,0.89999997615814209),(0.,0.89999997615814209)));
#11767=IFCINDEXEDPOLYCURVE(#11766,(IFCLINEINDEX((1,2,3,4,1))),$);
#11768=IFCCARTESIANPOINTLIST2D(((0.02500000037252903,0.05000000074505806),(0.5556916706264019,0.05000000074505806),(0.5556916706264019,0.84999997541308403),(0.02500000037252903,0.84999997541308403)));
#11769=IFCINDEXEDPOLYCURVE(#11768,(IFCLINEINDEX((1,2,3,4,1))),$);
#11770=IFCARBITRARYPROFILEDEFWITHVOIDS(.AREA.,$,#11767,(#11769));
#11771=IFCCARTESIANPOINT((0.60392236709594727,0.05000000074505806,0.));
#11772=IFCDIRECTION((0.,-1.,0.));
#11773=IFCDIRECTION((1.,0.,0.));
#11774=IFCAXIS2PLACEMENT3D(#11771,#11772,#11773);
#11775=IFCDIRECTION((0.,0.,-1.));
#11776=IFCEXTRUDEDAREASOLID(#11770,#11774,#11775,0.040000000968575478);
#11777=IFCCARTESIANPOINTLIST2D(((0.,0.),(0.58069167099893093,0.),(0.58069167099893093,0.84999997541308403),(0.,0.84999997541308403)));
#11778=IFCINDEXEDPOLYCURVE(#11777,(IFCLINEINDEX((1,2,3,4,1))),$);
#11779=IFCCARTESIANPOINTLIST2D(((0.035000000149011612,0.035000000149011612),(0.54569167084991932,0.035000000149011612),(0.54569167084991932,0.81499997526407242),(0.035000000149011612,0.81499997526407242)));
#11780=IFCINDEXEDPOLYCURVE(#11779,(IFCLINEINDEX((1,2,3,4,1))),$);
#11781=IFCARBITRARYPROFILEDEFWITHVOIDS(.AREA.,$,#11778,(#11780));
#11782=IFCCARTESIANPOINT((0.60392236709594727,0.090000001713633537,0.02500000037252903));
#11783=IFCDIRECTION((0.,-1.,0.));
#11784=IFCDIRECTION((1.,0.,0.));
#11785=IFCAXIS2PLACEMENT3D(#11782,#11783,#11784);
#11786=IFCDIRECTION((0.,0.,-1.));
#11787=IFCEXTRUDEDAREASOLID(#11781,#11785,#11786,0.035000000149011612);
#11788=IFCINDEXEDPOLYCURVE(#11789,(IFCLINEINDEX((1,2,3,4,1))),$);
#11789=IFCCARTESIANPOINTLIST2D(((0.035000000149011612,0.035000000149011612),(0.54569167084991932,0.035000000149011612),(0.54569167084991932,0.81499997526407242),(0.035000000149011612,0.81499997526407242)));
#11790=IFCARBITRARYCLOSEDPROFILEDEF(.AREA.,$,#11788);
#11791=IFCCARTESIANPOINT((0.60392236709594727,0.10250000178813934,0.02500000037252903));
#11792=IFCDIRECTION((0.,-1.,0.));
#11793=IFCDIRECTION((1.,0.,0.));
#11794=IFCAXIS2PLACEMENT3D(#11791,#11792,#11793);
#11795=IFCDIRECTION((0.,0.,-1.));
#11796=IFCEXTRUDEDAREASOLID(#11790,#11794,#11795,0.01);
#11797=IFCSHAPEREPRESENTATION(#11,'Body','SweptSolid',(#11725,#11736,#11747,#11756,#11765,#11776,#11787,#11796));
#11798=IFCCARTESIANPOINTLIST2D(((0.05000000074505806,0.05000000074505806),(0.57892236672341824,0.05000000074505806)));
#11799=IFCINDEXEDPOLYCURVE(#11798,$,$);
#11800=IFCCARTESIANPOINTLIST2D(((0.,0.10000000149011612),(0.02500000037252903,0.10000000149011612),(0.02500000037252903,0.090000001713633537),(0.05000000074505806,0.090000001713633537),(0.05000000074505806,0.05000000074505806),(0.,0.05000000074505806)));
#11801=IFCINDEXEDPOLYCURVE(#11800,(IFCLINEINDEX((1,2,3,4,5,6,1))),$);
#11802=IFCCARTESIANPOINTLIST2D(((0.60392236709594727,0.10000000149011612),(0.60392236709594727,0.10000000149011612),(0.60392236709594727,0.090000001713633537),(0.57892236672341824,0.090000001713633537),(0.57892236672341824,0.05000000074505806),(0.60392236709594727,0.05000000074505806)));
#11803=IFCINDEXEDPOLYCURVE(#11802,$,$);
#11804=IFCCARTESIANPOINTLIST2D(((0.02500000037252903,0.090000001713633537),(0.060000000521540642,0.090000001713633537),(0.060000000521540642,0.12500000186264515),(0.02500000037252903,0.12500000186264515)));
#11805=IFCINDEXEDPOLYCURVE(#11804,(IFCLINEINDEX((1,2,3,4,1))),$);
#11806=IFCINDEXEDPOLYCURVE(#11807,(IFCLINEINDEX((1,2,3,4,1))),$);
#11807=IFCCARTESIANPOINTLIST2D(((0.60392236709594727,0.090000001713633537),(0.56892236694693565,0.090000001713633537),(0.56892236694693565,0.12500000186264515),(0.60392236709594727,0.12500000186264515)));
#11808=IFCCARTESIANPOINTLIST2D(((0.060000000521540642,0.090000001713633537),(0.56892236694693565,0.090000001713633537)));
#11809=IFCINDEXEDPOLYCURVE(#11808,$,$);
#11810=IFCINDEXEDPOLYCURVE(#11811,$,$);
#11811=IFCCARTESIANPOINTLIST2D(((0.060000000521540642,0.12500000186264515),(0.56892236694693565,0.12500000186264515)));
#11812=IFCINDEXEDPOLYCURVE(#11813,$,$);
#11813=IFCCARTESIANPOINTLIST2D(((0.060000000521540642,0.10750000178813934),(0.56892236694693565,0.10750000178813934)));
#11814=IFCCARTESIANPOINTLIST2D(((0.6289223674684763,0.05000000074505806),(1.1596140377223492,0.05000000074505806)));
#11815=IFCINDEXEDPOLYCURVE(#11814,$,$);
#11816=IFCCARTESIANPOINTLIST2D(((0.60392236709594727,0.10000000149011612),(0.60392236709594727,0.10000000149011612),(0.60392236709594727,0.090000001713633537),(0.6289223674684763,0.090000001713633537),(0.6289223674684763,0.05000000074505806),(0.60392236709594727,0.05000000074505806)));
#11817=IFCINDEXEDPOLYCURVE(#11816,$,$);
#11818=IFCCARTESIANPOINTLIST2D(((1.2096140384674072,0.10000000149011612),(1.1846140380948782,0.10000000149011612),(1.1846140380948782,0.090000001713633537),(1.1596140377223492,0.090000001713633537),(1.1596140377223492,0.05000000074505806),(1.2096140384674072,0.05000000074505806)));
#11819=IFCINDEXEDPOLYCURVE(#11818,(IFCLINEINDEX((1,2,3,4,5,6,1))),$);
#11820=IFCCARTESIANPOINTLIST2D(((0.60392236709594727,0.090000001713633537),(0.63892236724495888,0.090000001713633537),(0.63892236724495888,0.12500000186264515),(0.60392236709594727,0.12500000186264515)));
#11821=IFCINDEXEDPOLYCURVE(#11820,(IFCLINEINDEX((1,2,3,4,1))),$);
#11822=IFCINDEXEDPOLYCURVE(#11823,(IFCLINEINDEX((1,2,3,4,1))),$);
#11823=IFCCARTESIANPOINTLIST2D(((1.1846140380948782,0.090000001713633537),(1.1496140379458666,0.090000001713633537),(1.1496140379458666,0.12500000186264515),(1.1846140380948782,0.12500000186264515)));
#11824=IFCCARTESIANPOINTLIST2D(((0.63892236724495888,0.090000001713633537),(1.1496140379458666,0.090000001713633537)));
#11825=IFCINDEXEDPOLYCURVE(#11824,$,$);
#11826=IFCINDEXEDPOLYCURVE(#11827,$,$);
#11827=IFCCARTESIANPOINTLIST2D(((0.63892236724495888,0.12500000186264515),(1.1496140379458666,0.12500000186264515)));
#11828=IFCINDEXEDPOLYCURVE(#11829,$,$);
#11829=IFCCARTESIANPOINTLIST2D(((0.63892236724495888,0.10750000178813934),(1.1496140379458666,0.10750000178813934)));
#11830=IFCSHAPEREPRESENTATION(#24,'Body','Curve2D',(#11799,#11801,#11803,#11805,#11806,#11809,#11810,#11812,#11815,#11817,#11819,#11821,#11822,#11825,#11826,#11828));
#11831=IFCCARTESIANPOINTLIST2D(((0.,0.),(1.2096140384674072,0.),(1.2096140384674072,0.89999997615814209),(0.,0.89999997615814209)));
#11832=IFCINDEXEDPOLYCURVE(#11831,(IFCLINEINDEX((1,2,3,4,1))),$);
#11833=IFCARBITRARYCLOSEDPROFILEDEF(.AREA.,$,#11832);
#11834=IFCCARTESIANPOINT((0.,-0.60000002384185791,0.));
#11835=IFCDIRECTION((0.,-1.,0.));
#11836=IFCDIRECTION((1.,0.,0.));
#11837=IFCAXIS2PLACEMENT3D(#11834,#11835,#11836);
#11838=IFCDIRECTION((0.,0.,-1.));
#11839=IFCEXTRUDEDAREASOLID(#11833,#11837,#11838,1.2);
#11840=IFCSHAPEREPRESENTATION(#11,'Body','SweptSolid',(#11839));
#11846=IFCCARTESIANPOINT((0.59845186034803333,6.4757660567238418E-07,1.));
#11847=IFCDIRECTION((0.,0.,1.));
#11848=IFCDIRECTION((0.99999999999988631,-4.7683715820291007E-07,0.));
#11849=IFCAXIS2PLACEMENT3D(#11846,#11847,#11848);
#11850=IFCLOCALPLACEMENT(#9053,#11849);
#11851=IFCCARTESIANPOINT((0.,-8.8817841970012523E-16,0.));
#11852=IFCDIRECTION((0.,0.,1.));
#11853=IFCDIRECTION((1.,3.1763735522036263E-22,0.));
#11854=IFCAXIS2PLACEMENT3D(#11851,#11852,#11853);
#11855=IFCLOCALPLACEMENT(#11850,#11854);
#11856=IFCWINDOWTYPE('1v1zZJHez50fPaesyLS28r',$,'Bedroom1-2-2F',$,$,(#11857),(#11859,#11867,#11915),$,$,.WINDOW.,.SINGLE_PANEL.,$,$);
#11857=IFCPROPERTYSET('0wa18n0DP9UuJqOgoPuW7A',$,'BBIM_Window',$,(#11858));
#11858=IFCPROPERTYSINGLEVALUE('Data',$,IFCTEXT('{"window_type": "SINGLE_PANEL", "overall_height": 0.8999999761581421, "overall_width": 0.8048197031021118, "lining_properties": {"lining_depth": 0.05000000074505806, "lining_thickness": 0.05000000074505806, "lining_offset": 0.05000000074505806, "lining_to_panel_offset_x": 0.02500000037252903, "lining_to_panel_offset_y": 0.02500000037252903}, "panel_properties": {"frame_depth": [0.03500000014901161, 0.03500000014901161, 0.03500000014901161], "frame_thickness": [0.03500000014901161, 0.03500000014901161, 0.03500000014901161]}}'),$);
#11859=IFCREPRESENTATIONMAP(#11860,#12049);
#11860=IFCAXIS2PLACEMENT3D(#11861,#11862,#11863);
#11861=IFCCARTESIANPOINT((0.,0.,0.));
#11862=IFCDIRECTION((0.,0.,1.));
#11863=IFCDIRECTION((1.,0.,0.));
#11867=IFCREPRESENTATIONMAP(#11868,#12092);
#11868=IFCAXIS2PLACEMENT3D(#11869,#11870,#11871);
#11869=IFCCARTESIANPOINT((0.,0.,0.));
#11870=IFCDIRECTION((0.,0.,1.));
#11871=IFCDIRECTION((1.,0.,0.));
#11915=IFCREPRESENTATIONMAP(#11916,#12115);
#11916=IFCAXIS2PLACEMENT3D(#11917,#11918,#11919);
#11917=IFCCARTESIANPOINT((0.,0.,0.));
#11918=IFCDIRECTION((0.,0.,1.));
#11919=IFCDIRECTION((1.,0.,0.));
#11937=IFCWINDOW('19bSN594n4J9iaN8DUlfYv',$,'Window',$,$,#12140,#11946,$,0.89999997615814209,0.80481970310211182,$,.SINGLE_PANEL.,$);
#11938=IFCRELDEFINESBYTYPE('1TT0g1KkjDTOG8sRB6qmSi',$,$,$,(#11937),#11856);
#11939=IFCCARTESIANPOINT((0.,0.,0.));
#11940=IFCDIRECTION((1.,0.,0.));
#11941=IFCDIRECTION((0.,1.,0.));
#11942=IFCDIRECTION((0.,0.,1.));
#11943=IFCCARTESIANTRANSFORMATIONOPERATOR3D(#11940,#11941,#11939,1.,#11942);
#11944=IFCMAPPEDITEM(#11859,#11943);
#11945=IFCSHAPEREPRESENTATION(#18,'Profile','MappedRepresentation',(#11944));
#11946=IFCPRODUCTDEFINITIONSHAPE($,$,(#11945,#11953,#11960));
#11947=IFCCARTESIANPOINT((0.,0.,0.));
#11948=IFCDIRECTION((1.,0.,0.));
#11949=IFCDIRECTION((0.,1.,0.));
#11950=IFCDIRECTION((0.,0.,1.));
#11951=IFCCARTESIANTRANSFORMATIONOPERATOR3D(#11948,#11949,#11947,1.,#11950);
#11952=IFCMAPPEDITEM(#11867,#11951);
#11953=IFCSHAPEREPRESENTATION(#11,'Body','MappedRepresentation',(#11952));
#11954=IFCCARTESIANPOINT((0.,0.,0.));
#11955=IFCDIRECTION((1.,0.,0.));
#11956=IFCDIRECTION((0.,1.,0.));
#11957=IFCDIRECTION((0.,0.,1.));
#11958=IFCCARTESIANTRANSFORMATIONOPERATOR3D(#11955,#11956,#11954,1.,#11957);
#11959=IFCMAPPEDITEM(#11915,#11958);
#11960=IFCSHAPEREPRESENTATION(#24,'Body','MappedRepresentation',(#11959));
#11961=IFCOPENINGELEMENT('3OdviHJSfEROebmZOwbbCA',$,'Opening',$,$,#12135,#11989,$,.OPENING.);
#11977=IFCCARTESIANPOINT((0.,0.,0.));
#11978=IFCDIRECTION((1.,0.,0.));
#11979=IFCDIRECTION((0.,0.,1.));
#11980=IFCAXIS2PLACEMENT3D(#11977,#11979,#11978);
#11981=IFCREPRESENTATIONMAP(#11980,#12125);
#11982=IFCCARTESIANPOINT((0.,0.,0.));
#11983=IFCDIRECTION((1.,0.,0.));
#11984=IFCDIRECTION((0.,1.,0.));
#11985=IFCDIRECTION((0.,0.,1.));
#11986=IFCCARTESIANTRANSFORMATIONOPERATOR3D(#11983,#11984,#11982,1.,#11985);
#11987=IFCMAPPEDITEM(#11981,#11986);
#11988=IFCSHAPEREPRESENTATION(#11,'Body','MappedRepresentation',(#11987));
#11989=IFCPRODUCTDEFINITIONSHAPE($,$,(#11988));
#11990=IFCRELVOIDSELEMENT('2l3sK$Q5L8tBGZr6ca1F1p',$,$,$,#6306,#11961);
#11996=IFCRELFILLSELEMENT('3fyoM18un9pPB6ksg3zx65',$,$,$,#11961,#11937);
#12047=IFCCARTESIANPOINTLIST3D(((0.,0.,0.),(0.80481970310211182,0.,0.),(0.80481970310211182,0.,0.89999997615814209),(0.,0.,0.89999997615814209)));
#12048=IFCINDEXEDPOLYCURVE(#12047,(IFCLINEINDEX((1,2,3,4,1))),$);
#12049=IFCSHAPEREPRESENTATION(#18,'Profile','Curve3D',(#12048));
#12050=IFCCARTESIANPOINTLIST2D(((0.,0.),(0.80481970310211182,0.),(0.80481970310211182,0.89999997615814209),(0.,0.89999997615814209)));
#12051=IFCINDEXEDPOLYCURVE(#12050,(IFCLINEINDEX((1,2,3,4,1))),$);
#12052=IFCCARTESIANPOINTLIST2D(((0.02500000037252903,0.02500000037252903),(0.77981970272958279,0.02500000037252903),(0.77981970272958279,0.87499997578561306),(0.02500000037252903,0.87499997578561306)));
#12053=IFCINDEXEDPOLYCURVE(#12052,(IFCLINEINDEX((1,2,3,4,1))),$);
#12054=IFCARBITRARYPROFILEDEFWITHVOIDS(.AREA.,$,#12051,(#12053));
#12055=IFCCARTESIANPOINT((0.,0.090000001713633537,0.));
#12056=IFCDIRECTION((0.,-1.,0.));
#12057=IFCDIRECTION((1.,0.,0.));
#12058=IFCAXIS2PLACEMENT3D(#12055,#12056,#12057);
#12059=IFCDIRECTION((0.,0.,-1.));
#12060=IFCEXTRUDEDAREASOLID(#12054,#12058,#12059,0.0099999997764825821);
#12061=IFCCARTESIANPOINTLIST2D(((0.,0.),(0.80481970310211182,0.),(0.80481970310211182,0.89999997615814209),(0.,0.89999997615814209)));
#12062=IFCINDEXEDPOLYCURVE(#12061,(IFCLINEINDEX((1,2,3,4,1))),$);
#12063=IFCCARTESIANPOINTLIST2D(((0.05000000074505806,0.05000000074505806),(0.75481970235705376,0.05000000074505806),(0.75481970235705376,0.84999997541308403),(0.05000000074505806,0.84999997541308403)));
#12064=IFCINDEXEDPOLYCURVE(#12063,(IFCLINEINDEX((1,2,3,4,1))),$);
#12065=IFCARBITRARYPROFILEDEFWITHVOIDS(.AREA.,$,#12062,(#12064));
#12066=IFCCARTESIANPOINT((0.,0.05000000074505806,0.));
#12067=IFCDIRECTION((0.,-1.,0.));
#12068=IFCDIRECTION((1.,0.,0.));
#12069=IFCAXIS2PLACEMENT3D(#12066,#12067,#12068);
#12070=IFCDIRECTION((0.,0.,-1.));
#12071=IFCEXTRUDEDAREASOLID(#12065,#12069,#12070,0.040000000968575478);
#12072=IFCCARTESIANPOINTLIST2D(((0.,0.),(0.75481970235705376,0.),(0.75481970235705376,0.84999997541308403),(0.,0.84999997541308403)));
#12073=IFCINDEXEDPOLYCURVE(#12072,(IFCLINEINDEX((1,2,3,4,1))),$);
#12074=IFCCARTESIANPOINTLIST2D(((0.035000000149011612,0.035000000149011612),(0.71981970220804214,0.035000000149011612),(0.71981970220804214,0.81499997526407242),(0.035000000149011612,0.81499997526407242)));
#12075=IFCINDEXEDPOLYCURVE(#12074,(IFCLINEINDEX((1,2,3,4,1))),$);
#12076=IFCARBITRARYPROFILEDEFWITHVOIDS(.AREA.,$,#12073,(#12075));
#12077=IFCCARTESIANPOINT((0.02500000037252903,0.090000001713633537,0.02500000037252903));
#12078=IFCDIRECTION((0.,-1.,0.));
#12079=IFCDIRECTION((1.,0.,0.));
#12080=IFCAXIS2PLACEMENT3D(#12077,#12078,#12079);
#12081=IFCDIRECTION((0.,0.,-1.));
#12082=IFCEXTRUDEDAREASOLID(#12076,#12080,#12081,0.035000000149011612);
#12083=IFCINDEXEDPOLYCURVE(#12084,(IFCLINEINDEX((1,2,3,4,1))),$);
#12084=IFCCARTESIANPOINTLIST2D(((0.035000000149011612,0.035000000149011612),(0.71981970220804214,0.035000000149011612),(0.71981970220804214,0.81499997526407242),(0.035000000149011612,0.81499997526407242)));
#12085=IFCARBITRARYCLOSEDPROFILEDEF(.AREA.,$,#12083);
#12086=IFCCARTESIANPOINT((0.02500000037252903,0.10250000178813934,0.02500000037252903));
#12087=IFCDIRECTION((0.,-1.,0.));
#12088=IFCDIRECTION((1.,0.,0.));
#12089=IFCAXIS2PLACEMENT3D(#12086,#12087,#12088);
#12090=IFCDIRECTION((0.,0.,-1.));
#12091=IFCEXTRUDEDAREASOLID(#12085,#12089,#12090,0.01);
#12092=IFCSHAPEREPRESENTATION(#11,'Body','SweptSolid',(#12060,#12071,#12082,#12091));
#12093=IFCSHAPEREPRESENTATION(#11,'Body','SweptSolid',(#12060,#12071));
#12094=IFCSHAPEASPECT((#12093),'Lining',$,.T.,#11946);
#12095=IFCSHAPEREPRESENTATION(#11,'Body','SweptSolid',(#12082));
#12096=IFCSHAPEASPECT((#12095),'Framing',$,.T.,#11946);
#12097=IFCSHAPEREPRESENTATION(#11,'Body','SweptSolid',(#12091));
#12098=IFCSHAPEASPECT((#12097),'Glazing',$,.T.,#11946);
#12099=IFCCARTESIANPOINTLIST2D(((0.05000000074505806,0.05000000074505806),(0.75481970235705376,0.05000000074505806)));
#12100=IFCINDEXEDPOLYCURVE(#12099,$,$);
#12101=IFCCARTESIANPOINTLIST2D(((0.,0.10000000149011612),(0.02500000037252903,0.10000000149011612),(0.02500000037252903,0.090000001713633537),(0.05000000074505806,0.090000001713633537),(0.05000000074505806,0.05000000074505806),(0.,0.05000000074505806)));
#12102=IFCINDEXEDPOLYCURVE(#12101,(IFCLINEINDEX((1,2,3,4,5,6,1))),$);
#12103=IFCCARTESIANPOINTLIST2D(((0.80481970310211182,0.10000000149011612),(0.77981970272958279,0.10000000149011612),(0.77981970272958279,0.090000001713633537),(0.75481970235705376,0.090000001713633537),(0.75481970235705376,0.05000000074505806),(0.80481970310211182,0.05000000074505806)));
#12104=IFCINDEXEDPOLYCURVE(#12103,(IFCLINEINDEX((1,2,3,4,5,6,1))),$);
#12105=IFCCARTESIANPOINTLIST2D(((0.02500000037252903,0.090000001713633537),(0.060000000521540642,0.090000001713633537),(0.060000000521540642,0.12500000186264515),(0.02500000037252903,0.12500000186264515)));
#12106=IFCINDEXEDPOLYCURVE(#12105,(IFCLINEINDEX((1,2,3,4,1))),$);
#12107=IFCINDEXEDPOLYCURVE(#12108,(IFCLINEINDEX((1,2,3,4,1))),$);
#12108=IFCCARTESIANPOINTLIST2D(((0.77981970272958279,0.090000001713633537),(0.74481970258057117,0.090000001713633537),(0.74481970258057117,0.12500000186264515),(0.77981970272958279,0.12500000186264515)));
#12109=IFCCARTESIANPOINTLIST2D(((0.060000000521540642,0.090000001713633537),(0.74481970258057117,0.090000001713633537)));
#12110=IFCINDEXEDPOLYCURVE(#12109,$,$);
#12111=IFCINDEXEDPOLYCURVE(#12112,$,$);
#12112=IFCCARTESIANPOINTLIST2D(((0.060000000521540642,0.12500000186264515),(0.74481970258057117,0.12500000186264515)));
#12113=IFCINDEXEDPOLYCURVE(#12114,$,$);
#12114=IFCCARTESIANPOINTLIST2D(((0.060000000521540642,0.10750000178813934),(0.74481970258057117,0.10750000178813934)));
#12115=IFCSHAPEREPRESENTATION(#24,'Body','Curve2D',(#12100,#12102,#12104,#12106,#12107,#12110,#12111,#12113));
#12116=IFCCARTESIANPOINTLIST2D(((0.,0.),(0.80481970310211182,0.),(0.80481970310211182,0.89999997615814209),(0.,0.89999997615814209)));
#12117=IFCINDEXEDPOLYCURVE(#12116,(IFCLINEINDEX((1,2,3,4,1))),$);
#12118=IFCARBITRARYCLOSEDPROFILEDEF(.AREA.,$,#12117);
#12119=IFCCARTESIANPOINT((0.,-0.60000002384185791,0.));
#12120=IFCDIRECTION((0.,-1.,0.));
#12121=IFCDIRECTION((1.,0.,0.));
#12122=IFCAXIS2PLACEMENT3D(#12119,#12120,#12121);
#12123=IFCDIRECTION((0.,0.,-1.));
#12124=IFCEXTRUDEDAREASOLID(#12118,#12122,#12123,1.2);
#12125=IFCSHAPEREPRESENTATION(#11,'Body','SweptSolid',(#12124));
#12131=IFCCARTESIANPOINT((1.5494438926287271,8.3669462158653118E-07,1.));
#12132=IFCDIRECTION((0.,0.,1.));
#12133=IFCDIRECTION((0.99999999999999289,1.1920928244535129E-07,0.));
#12134=IFCAXIS2PLACEMENT3D(#12131,#12132,#12133);
#12135=IFCLOCALPLACEMENT(#9013,#12134);
#12136=IFCCARTESIANPOINT((8.8817841970012523E-16,0.,0.));
#12137=IFCDIRECTION((0.,0.,1.));
#12138=IFCDIRECTION((1.,0.,0.));
#12139=IFCAXIS2PLACEMENT3D(#12136,#12137,#12138);
#12140=IFCLOCALPLACEMENT(#12135,#12139);
#12141=IFCWINDOWTYPE('2p5uYAGcbEp9gaoFPA2Q1j',$,'Master-1-2F',$,$,(#12142),(#12144,#12152,#12200),$,$,.WINDOW.,.SINGLE_PANEL.,$,$);
#12142=IFCPROPERTYSET('2zE4cvcfn30gpB2j7voPbS',$,'BBIM_Window',$,(#12143));
#12143=IFCPROPERTYSINGLEVALUE('Data',$,IFCTEXT('{"window_type": "SINGLE_PANEL", "overall_height": 0.8999999761581421, "overall_width": 0.813860297203064, "lining_properties": {"lining_depth": 0.05000000074505806, "lining_thickness": 0.05000000074505806, "lining_offset": 0.05000000074505806, "lining_to_panel_offset_x": 0.02500000037252903, "lining_to_panel_offset_y": 0.02500000037252903}, "panel_properties": {"frame_depth": [0.03500000014901161, 0.03500000014901161, 0.03500000014901161], "frame_thickness": [0.03500000014901161, 0.03500000014901161, 0.03500000014901161]}}'),$);
#12144=IFCREPRESENTATIONMAP(#12145,#12304);
#12145=IFCAXIS2PLACEMENT3D(#12146,#12147,#12148);
#12146=IFCCARTESIANPOINT((0.,0.,0.));
#12147=IFCDIRECTION((0.,0.,1.));
#12148=IFCDIRECTION((1.,0.,0.));
#12152=IFCREPRESENTATIONMAP(#12153,#12347);
#12153=IFCAXIS2PLACEMENT3D(#12154,#12155,#12156);
#12154=IFCCARTESIANPOINT((0.,0.,0.));
#12155=IFCDIRECTION((0.,0.,1.));
#12156=IFCDIRECTION((1.,0.,0.));
#12200=IFCREPRESENTATIONMAP(#12201,#12370);
#12201=IFCAXIS2PLACEMENT3D(#12202,#12203,#12204);
#12202=IFCCARTESIANPOINT((0.,0.,0.));
#12203=IFCDIRECTION((0.,0.,1.));
#12204=IFCDIRECTION((1.,0.,0.));
#12222=IFCWINDOW('2SYiZC3On5cf4ZFV34PEW9',$,'Window',$,$,#12395,#12231,$,0.89999997615814209,0.81386029720306396,$,.SINGLE_PANEL.,$);
#12223=IFCRELDEFINESBYTYPE('24CadcY$LFLw8VQY4etW7m',$,$,$,(#12222),#12141);
#12224=IFCCARTESIANPOINT((0.,0.,0.));
#12225=IFCDIRECTION((1.,0.,0.));
#12226=IFCDIRECTION((0.,1.,0.));
#12227=IFCDIRECTION((0.,0.,1.));
#12228=IFCCARTESIANTRANSFORMATIONOPERATOR3D(#12225,#12226,#12224,1.,#12227);
#12229=IFCMAPPEDITEM(#12144,#12228);
#12230=IFCSHAPEREPRESENTATION(#18,'Profile','MappedRepresentation',(#12229));
#12231=IFCPRODUCTDEFINITIONSHAPE($,$,(#12230,#12238,#12245));
#12232=IFCCARTESIANPOINT((0.,0.,0.));
#12233=IFCDIRECTION((1.,0.,0.));
#12234=IFCDIRECTION((0.,1.,0.));
#12235=IFCDIRECTION((0.,0.,1.));
#12236=IFCCARTESIANTRANSFORMATIONOPERATOR3D(#12233,#12234,#12232,1.,#12235);
#12237=IFCMAPPEDITEM(#12152,#12236);
#12238=IFCSHAPEREPRESENTATION(#11,'Body','MappedRepresentation',(#12237));
#12239=IFCCARTESIANPOINT((0.,0.,0.));
#12240=IFCDIRECTION((1.,0.,0.));
#12241=IFCDIRECTION((0.,1.,0.));
#12242=IFCDIRECTION((0.,0.,1.));
#12243=IFCCARTESIANTRANSFORMATIONOPERATOR3D(#12240,#12241,#12239,1.,#12242);
#12244=IFCMAPPEDITEM(#12200,#12243);
#12245=IFCSHAPEREPRESENTATION(#24,'Body','MappedRepresentation',(#12244));
#12246=IFCOPENINGELEMENT('1OsGShe0HCCOe3Z59wLQuc',$,'Opening',$,$,#12390,#12274,$,.OPENING.);
#12262=IFCCARTESIANPOINT((0.,0.,0.));
#12263=IFCDIRECTION((1.,0.,0.));
#12264=IFCDIRECTION((0.,0.,1.));
#12265=IFCAXIS2PLACEMENT3D(#12262,#12264,#12263);
#12266=IFCREPRESENTATIONMAP(#12265,#12380);
#12267=IFCCARTESIANPOINT((0.,0.,0.));
#12268=IFCDIRECTION((1.,0.,0.));
#12269=IFCDIRECTION((0.,1.,0.));
#12270=IFCDIRECTION((0.,0.,1.));
#12271=IFCCARTESIANTRANSFORMATIONOPERATOR3D(#12268,#12269,#12267,1.,#12270);
#12272=IFCMAPPEDITEM(#12266,#12271);
#12273=IFCSHAPEREPRESENTATION(#11,'Body','MappedRepresentation',(#12272));
#12274=IFCPRODUCTDEFINITIONSHAPE($,$,(#12273));
#12275=IFCRELVOIDSELEMENT('3vRq_AfynCQeOisvO2xBeB',$,$,$,#6306,#12246);
#12281=IFCRELFILLSELEMENT('0AXmx9LDL5eOMxP2QpBqV3',$,$,$,#12246,#12222);
#12302=IFCCARTESIANPOINTLIST3D(((0.,0.,0.),(0.81386029720306396,0.,0.),(0.81386029720306396,0.,0.89999997615814209),(0.,0.,0.89999997615814209)));
#12303=IFCINDEXEDPOLYCURVE(#12302,(IFCLINEINDEX((1,2,3,4,1))),$);
#12304=IFCSHAPEREPRESENTATION(#18,'Profile','Curve3D',(#12303));
#12305=IFCCARTESIANPOINTLIST2D(((0.,0.),(0.81386029720306396,0.),(0.81386029720306396,0.89999997615814209),(0.,0.89999997615814209)));
#12306=IFCINDEXEDPOLYCURVE(#12305,(IFCLINEINDEX((1,2,3,4,1))),$);
#12307=IFCCARTESIANPOINTLIST2D(((0.02500000037252903,0.02500000037252903),(0.78886029683053493,0.02500000037252903),(0.78886029683053493,0.87499997578561306),(0.02500000037252903,0.87499997578561306)));
#12308=IFCINDEXEDPOLYCURVE(#12307,(IFCLINEINDEX((1,2,3,4,1))),$);
#12309=IFCARBITRARYPROFILEDEFWITHVOIDS(.AREA.,$,#12306,(#12308));
#12310=IFCCARTESIANPOINT((0.,0.090000001713633537,0.));
#12311=IFCDIRECTION((0.,-1.,0.));
#12312=IFCDIRECTION((1.,0.,0.));
#12313=IFCAXIS2PLACEMENT3D(#12310,#12311,#12312);
#12314=IFCDIRECTION((0.,0.,-1.));
#12315=IFCEXTRUDEDAREASOLID(#12309,#12313,#12314,0.0099999997764825821);
#12316=IFCCARTESIANPOINTLIST2D(((0.,0.),(0.81386029720306396,0.),(0.81386029720306396,0.89999997615814209),(0.,0.89999997615814209)));
#12317=IFCINDEXEDPOLYCURVE(#12316,(IFCLINEINDEX((1,2,3,4,1))),$);
#12318=IFCCARTESIANPOINTLIST2D(((0.05000000074505806,0.05000000074505806),(0.76386029645800591,0.05000000074505806),(0.76386029645800591,0.84999997541308403),(0.05000000074505806,0.84999997541308403)));
#12319=IFCINDEXEDPOLYCURVE(#12318,(IFCLINEINDEX((1,2,3,4,1))),$);
#12320=IFCARBITRARYPROFILEDEFWITHVOIDS(.AREA.,$,#12317,(#12319));
#12321=IFCCARTESIANPOINT((0.,0.05000000074505806,0.));
#12322=IFCDIRECTION((0.,-1.,0.));
#12323=IFCDIRECTION((1.,0.,0.));
#12324=IFCAXIS2PLACEMENT3D(#12321,#12322,#12323);
#12325=IFCDIRECTION((0.,0.,-1.));
#12326=IFCEXTRUDEDAREASOLID(#12320,#12324,#12325,0.040000000968575478);
#12327=IFCCARTESIANPOINTLIST2D(((0.,0.),(0.76386029645800591,0.),(0.76386029645800591,0.84999997541308403),(0.,0.84999997541308403)));
#12328=IFCINDEXEDPOLYCURVE(#12327,(IFCLINEINDEX((1,2,3,4,1))),$);
#12329=IFCCARTESIANPOINTLIST2D(((0.035000000149011612,0.035000000149011612),(0.72886029630899429,0.035000000149011612),(0.72886029630899429,0.81499997526407242),(0.035000000149011612,0.81499997526407242)));
#12330=IFCINDEXEDPOLYCURVE(#12329,(IFCLINEINDEX((1,2,3,4,1))),$);
#12331=IFCARBITRARYPROFILEDEFWITHVOIDS(.AREA.,$,#12328,(#12330));
#12332=IFCCARTESIANPOINT((0.02500000037252903,0.090000001713633537,0.02500000037252903));
#12333=IFCDIRECTION((0.,-1.,0.));
#12334=IFCDIRECTION((1.,0.,0.));
#12335=IFCAXIS2PLACEMENT3D(#12332,#12333,#12334);
#12336=IFCDIRECTION((0.,0.,-1.));
#12337=IFCEXTRUDEDAREASOLID(#12331,#12335,#12336,0.035000000149011612);
#12338=IFCINDEXEDPOLYCURVE(#12339,(IFCLINEINDEX((1,2,3,4,1))),$);
#12339=IFCCARTESIANPOINTLIST2D(((0.035000000149011612,0.035000000149011612),(0.72886029630899429,0.035000000149011612),(0.72886029630899429,0.81499997526407242),(0.035000000149011612,0.81499997526407242)));
#12340=IFCARBITRARYCLOSEDPROFILEDEF(.AREA.,$,#12338);
#12341=IFCCARTESIANPOINT((0.02500000037252903,0.10250000178813934,0.02500000037252903));
#12342=IFCDIRECTION((0.,-1.,0.));
#12343=IFCDIRECTION((1.,0.,0.));
#12344=IFCAXIS2PLACEMENT3D(#12341,#12342,#12343);
#12345=IFCDIRECTION((0.,0.,-1.));
#12346=IFCEXTRUDEDAREASOLID(#12340,#12344,#12345,0.01);
#12347=IFCSHAPEREPRESENTATION(#11,'Body','SweptSolid',(#12315,#12326,#12337,#12346));
#12348=IFCSHAPEREPRESENTATION(#11,'Body','SweptSolid',(#12315,#12326));
#12349=IFCSHAPEASPECT((#12348),'Lining',$,.T.,#12231);
#12350=IFCSHAPEREPRESENTATION(#11,'Body','SweptSolid',(#12337));
#12351=IFCSHAPEASPECT((#12350),'Framing',$,.T.,#12231);
#12352=IFCSHAPEREPRESENTATION(#11,'Body','SweptSolid',(#12346));
#12353=IFCSHAPEASPECT((#12352),'Glazing',$,.T.,#12231);
#12354=IFCCARTESIANPOINTLIST2D(((0.05000000074505806,0.05000000074505806),(0.76386029645800591,0.05000000074505806)));
#12355=IFCINDEXEDPOLYCURVE(#12354,$,$);
#12356=IFCCARTESIANPOINTLIST2D(((0.,0.10000000149011612),(0.02500000037252903,0.10000000149011612),(0.02500000037252903,0.090000001713633537),(0.05000000074505806,0.090000001713633537),(0.05000000074505806,0.05000000074505806),(0.,0.05000000074505806)));
#12357=IFCINDEXEDPOLYCURVE(#12356,(IFCLINEINDEX((1,2,3,4,5,6,1))),$);
#12358=IFCCARTESIANPOINTLIST2D(((0.81386029720306396,0.10000000149011612),(0.78886029683053493,0.10000000149011612),(0.78886029683053493,0.090000001713633537),(0.76386029645800591,0.090000001713633537),(0.76386029645800591,0.05000000074505806),(0.81386029720306396,0.05000000074505806)));
#12359=IFCINDEXEDPOLYCURVE(#12358,(IFCLINEINDEX((1,2,3,4,5,6,1))),$);
#12360=IFCCARTESIANPOINTLIST2D(((0.02500000037252903,0.090000001713633537),(0.060000000521540642,0.090000001713633537),(0.060000000521540642,0.12500000186264515),(0.02500000037252903,0.12500000186264515)));
#12361=IFCINDEXEDPOLYCURVE(#12360,(IFCLINEINDEX((1,2,3,4,1))),$);
#12362=IFCINDEXEDPOLYCURVE(#12363,(IFCLINEINDEX((1,2,3,4,1))),$);
#12363=IFCCARTESIANPOINTLIST2D(((0.78886029683053493,0.090000001713633537),(0.75386029668152332,0.090000001713633537),(0.75386029668152332,0.12500000186264515),(0.78886029683053493,0.12500000186264515)));
#12364=IFCCARTESIANPOINTLIST2D(((0.060000000521540642,0.090000001713633537),(0.75386029668152332,0.090000001713633537)));
#12365=IFCINDEXEDPOLYCURVE(#12364,$,$);
#12366=IFCINDEXEDPOLYCURVE(#12367,$,$);
#12367=IFCCARTESIANPOINTLIST2D(((0.060000000521540642,0.12500000186264515),(0.75386029668152332,0.12500000186264515)));
#12368=IFCINDEXEDPOLYCURVE(#12369,$,$);
#12369=IFCCARTESIANPOINTLIST2D(((0.060000000521540642,0.10750000178813934),(0.75386029668152332,0.10750000178813934)));
#12370=IFCSHAPEREPRESENTATION(#24,'Body','Curve2D',(#12355,#12357,#12359,#12361,#12362,#12365,#12366,#12368));
#12371=IFCCARTESIANPOINTLIST2D(((0.,0.),(0.81386029720306396,0.),(0.81386029720306396,0.89999997615814209),(0.,0.89999997615814209)));
#12372=IFCINDEXEDPOLYCURVE(#12371,(IFCLINEINDEX((1,2,3,4,1))),$);
#12373=IFCARBITRARYCLOSEDPROFILEDEF(.AREA.,$,#12372);
#12374=IFCCARTESIANPOINT((0.,-0.60000002384185791,0.));
#12375=IFCDIRECTION((0.,-1.,0.));
#12376=IFCDIRECTION((1.,0.,0.));
#12377=IFCAXIS2PLACEMENT3D(#12374,#12375,#12376);
#12378=IFCDIRECTION((0.,0.,-1.));
#12379=IFCEXTRUDEDAREASOLID(#12373,#12377,#12378,1.2);
#12380=IFCSHAPEREPRESENTATION(#11,'Body','SweptSolid',(#12379));
#12386=IFCCARTESIANPOINT((6.1304272929735983,9.6767714730106036E-07,1.));
#12387=IFCDIRECTION((0.,0.,1.));
#12388=IFCDIRECTION((0.99999999999999289,1.1920928244535129E-07,0.));
#12389=IFCAXIS2PLACEMENT3D(#12386,#12387,#12388);
#12390=IFCLOCALPLACEMENT(#9013,#12389);
#12391=IFCCARTESIANPOINT((2.2204460492503131E-16,0.,0.));
#12392=IFCDIRECTION((0.,0.,1.));
#12393=IFCDIRECTION((1.,0.,0.));
#12394=IFCAXIS2PLACEMENT3D(#12391,#12392,#12393);
#12395=IFCLOCALPLACEMENT(#12390,#12394);
#12396=IFCWINDOWTYPE('0Uvugdu3L4FRFn_lwdP3Px',$,'Master-2-2F',$,$,(#12397),(#12399,#12407,#12455),$,$,.WINDOW.,.SINGLE_PANEL.,$,$);
#12397=IFCPROPERTYSET('3fReuay3XEKgl12PV0DoE_',$,'BBIM_Window',$,(#12398));
#12398=IFCPROPERTYSINGLEVALUE('Data',$,IFCTEXT('{"window_type": "SINGLE_PANEL", "overall_height": 0.8999999761581421, "overall_width": 0.8124881982803345, "lining_properties": {"lining_depth": 0.05000000074505806, "lining_thickness": 0.05000000074505806, "lining_offset": 0.05000000074505806, "lining_to_panel_offset_x": 0.02500000037252903, "lining_to_panel_offset_y": 0.02500000037252903}, "panel_properties": {"frame_depth": [0.03500000014901161, 0.03500000014901161, 0.03500000014901161], "frame_thickness": [0.03500000014901161, 0.03500000014901161, 0.03500000014901161]}}'),$);
#12399=IFCREPRESENTATIONMAP(#12400,#12559);
#12400=IFCAXIS2PLACEMENT3D(#12401,#12402,#12403);
#12401=IFCCARTESIANPOINT((0.,0.,0.));
#12402=IFCDIRECTION((0.,0.,1.));
#12403=IFCDIRECTION((1.,0.,0.));
#12407=IFCREPRESENTATIONMAP(#12408,#12602);
#12408=IFCAXIS2PLACEMENT3D(#12409,#12410,#12411);
#12409=IFCCARTESIANPOINT((0.,0.,0.));
#12410=IFCDIRECTION((0.,0.,1.));
#12411=IFCDIRECTION((1.,0.,0.));
#12455=IFCREPRESENTATIONMAP(#12456,#12625);
#12456=IFCAXIS2PLACEMENT3D(#12457,#12458,#12459);
#12457=IFCCARTESIANPOINT((0.,0.,0.));
#12458=IFCDIRECTION((0.,0.,1.));
#12459=IFCDIRECTION((1.,0.,0.));
#12477=IFCWINDOW('3mcnSWNQjBMfxm3vqP8S69',$,'Window',$,$,#12650,#12486,$,0.89999997615814209,0.81248819828033447,$,.SINGLE_PANEL.,$);
#12478=IFCRELDEFINESBYTYPE('0EJSLSaK55pehQ3AlgBiMj',$,$,$,(#12477),#12396);
#12479=IFCCARTESIANPOINT((0.,0.,0.));
#12480=IFCDIRECTION((1.,0.,0.));
#12481=IFCDIRECTION((0.,1.,0.));
#12482=IFCDIRECTION((0.,0.,1.));
#12483=IFCCARTESIANTRANSFORMATIONOPERATOR3D(#12480,#12481,#12479,1.,#12482);
#12484=IFCMAPPEDITEM(#12399,#12483);
#12485=IFCSHAPEREPRESENTATION(#18,'Profile','MappedRepresentation',(#12484));
#12486=IFCPRODUCTDEFINITIONSHAPE($,$,(#12485,#12493,#12500));
#12487=IFCCARTESIANPOINT((0.,0.,0.));
#12488=IFCDIRECTION((1.,0.,0.));
#12489=IFCDIRECTION((0.,1.,0.));
#12490=IFCDIRECTION((0.,0.,1.));
#12491=IFCCARTESIANTRANSFORMATIONOPERATOR3D(#12488,#12489,#12487,1.,#12490);
#12492=IFCMAPPEDITEM(#12407,#12491);
#12493=IFCSHAPEREPRESENTATION(#11,'Body','MappedRepresentation',(#12492));
#12494=IFCCARTESIANPOINT((0.,0.,0.));
#12495=IFCDIRECTION((1.,0.,0.));
#12496=IFCDIRECTION((0.,1.,0.));
#12497=IFCDIRECTION((0.,0.,1.));
#12498=IFCCARTESIANTRANSFORMATIONOPERATOR3D(#12495,#12496,#12494,1.,#12497);
#12499=IFCMAPPEDITEM(#12455,#12498);
#12500=IFCSHAPEREPRESENTATION(#24,'Body','MappedRepresentation',(#12499));
#12501=IFCOPENINGELEMENT('2HaGHhdCjB9B1uM78XTQ$5',$,'Opening',$,$,#12645,#12529,$,.OPENING.);
#12517=IFCCARTESIANPOINT((0.,0.,0.));
#12518=IFCDIRECTION((1.,0.,0.));
#12519=IFCDIRECTION((0.,0.,1.));
#12520=IFCAXIS2PLACEMENT3D(#12517,#12519,#12518);
#12521=IFCREPRESENTATIONMAP(#12520,#12635);
#12522=IFCCARTESIANPOINT((0.,0.,0.));
#12523=IFCDIRECTION((1.,0.,0.));
#12524=IFCDIRECTION((0.,1.,0.));
#12525=IFCDIRECTION((0.,0.,1.));
#12526=IFCCARTESIANTRANSFORMATIONOPERATOR3D(#12523,#12524,#12522,1.,#12525);
#12527=IFCMAPPEDITEM(#12521,#12526);
#12528=IFCSHAPEREPRESENTATION(#11,'Body','MappedRepresentation',(#12527));
#12529=IFCPRODUCTDEFINITIONSHAPE($,$,(#12528));
#12530=IFCRELVOIDSELEMENT('2fFCEGeznFzf2drUOyVwW4',$,$,$,#6306,#12501);
#12536=IFCRELFILLSELEMENT('3JPvNlUi136PuGAO_WAaDu',$,$,$,#12501,#12477);
#12557=IFCCARTESIANPOINTLIST3D(((0.,0.,0.),(0.81248819828033447,0.,0.),(0.81248819828033447,0.,0.89999997615814209),(0.,0.,0.89999997615814209)));
#12558=IFCINDEXEDPOLYCURVE(#12557,(IFCLINEINDEX((1,2,3,4,1))),$);
#12559=IFCSHAPEREPRESENTATION(#18,'Profile','Curve3D',(#12558));
#12560=IFCCARTESIANPOINTLIST2D(((0.,0.),(0.81248819828033447,0.),(0.81248819828033447,0.89999997615814209),(0.,0.89999997615814209)));
#12561=IFCINDEXEDPOLYCURVE(#12560,(IFCLINEINDEX((1,2,3,4,1))),$);
#12562=IFCCARTESIANPOINTLIST2D(((0.02500000037252903,0.02500000037252903),(0.78748819790780544,0.02500000037252903),(0.78748819790780544,0.87499997578561306),(0.02500000037252903,0.87499997578561306)));
#12563=IFCINDEXEDPOLYCURVE(#12562,(IFCLINEINDEX((1,2,3,4,1))),$);
#12564=IFCARBITRARYPROFILEDEFWITHVOIDS(.AREA.,$,#12561,(#12563));
#12565=IFCCARTESIANPOINT((0.,0.090000001713633537,0.));
#12566=IFCDIRECTION((0.,-1.,0.));
#12567=IFCDIRECTION((1.,0.,0.));
#12568=IFCAXIS2PLACEMENT3D(#12565,#12566,#12567);
#12569=IFCDIRECTION((0.,0.,-1.));
#12570=IFCEXTRUDEDAREASOLID(#12564,#12568,#12569,0.0099999997764825821);
#12571=IFCCARTESIANPOINTLIST2D(((0.,0.),(0.81248819828033447,0.),(0.81248819828033447,0.89999997615814209),(0.,0.89999997615814209)));
#12572=IFCINDEXEDPOLYCURVE(#12571,(IFCLINEINDEX((1,2,3,4,1))),$);
#12573=IFCCARTESIANPOINTLIST2D(((0.05000000074505806,0.05000000074505806),(0.76248819753527641,0.05000000074505806),(0.76248819753527641,0.84999997541308403),(0.05000000074505806,0.84999997541308403)));
#12574=IFCINDEXEDPOLYCURVE(#12573,(IFCLINEINDEX((1,2,3,4,1))),$);
#12575=IFCARBITRARYPROFILEDEFWITHVOIDS(.AREA.,$,#12572,(#12574));
#12576=IFCCARTESIANPOINT((0.,0.05000000074505806,0.));
#12577=IFCDIRECTION((0.,-1.,0.));
#12578=IFCDIRECTION((1.,0.,0.));
#12579=IFCAXIS2PLACEMENT3D(#12576,#12577,#12578);
#12580=IFCDIRECTION((0.,0.,-1.));
#12581=IFCEXTRUDEDAREASOLID(#12575,#12579,#12580,0.040000000968575478);
#12582=IFCCARTESIANPOINTLIST2D(((0.,0.),(0.76248819753527641,0.),(0.76248819753527641,0.84999997541308403),(0.,0.84999997541308403)));
#12583=IFCINDEXEDPOLYCURVE(#12582,(IFCLINEINDEX((1,2,3,4,1))),$);
#12584=IFCCARTESIANPOINTLIST2D(((0.035000000149011612,0.035000000149011612),(0.7274881973862648,0.035000000149011612),(0.7274881973862648,0.81499997526407242),(0.035000000149011612,0.81499997526407242)));
#12585=IFCINDEXEDPOLYCURVE(#12584,(IFCLINEINDEX((1,2,3,4,1))),$);
#12586=IFCARBITRARYPROFILEDEFWITHVOIDS(.AREA.,$,#12583,(#12585));
#12587=IFCCARTESIANPOINT((0.02500000037252903,0.090000001713633537,0.02500000037252903));
#12588=IFCDIRECTION((0.,-1.,0.));
#12589=IFCDIRECTION((1.,0.,0.));
#12590=IFCAXIS2PLACEMENT3D(#12587,#12588,#12589);
#12591=IFCDIRECTION((0.,0.,-1.));
#12592=IFCEXTRUDEDAREASOLID(#12586,#12590,#12591,0.035000000149011612);
#12593=IFCINDEXEDPOLYCURVE(#12594,(IFCLINEINDEX((1,2,3,4,1))),$);
#12594=IFCCARTESIANPOINTLIST2D(((0.035000000149011612,0.035000000149011612),(0.7274881973862648,0.035000000149011612),(0.7274881973862648,0.81499997526407242),(0.035000000149011612,0.81499997526407242)));
#12595=IFCARBITRARYCLOSEDPROFILEDEF(.AREA.,$,#12593);
#12596=IFCCARTESIANPOINT((0.02500000037252903,0.10250000178813934,0.02500000037252903));
#12597=IFCDIRECTION((0.,-1.,0.));
#12598=IFCDIRECTION((1.,0.,0.));
#12599=IFCAXIS2PLACEMENT3D(#12596,#12597,#12598);
#12600=IFCDIRECTION((0.,0.,-1.));
#12601=IFCEXTRUDEDAREASOLID(#12595,#12599,#12600,0.01);
#12602=IFCSHAPEREPRESENTATION(#11,'Body','SweptSolid',(#12570,#12581,#12592,#12601));
#12603=IFCSHAPEREPRESENTATION(#11,'Body','SweptSolid',(#12570,#12581));
#12604=IFCSHAPEASPECT((#12603),'Lining',$,.T.,#12486);
#12605=IFCSHAPEREPRESENTATION(#11,'Body','SweptSolid',(#12592));
#12606=IFCSHAPEASPECT((#12605),'Framing',$,.T.,#12486);
#12607=IFCSHAPEREPRESENTATION(#11,'Body','SweptSolid',(#12601));
#12608=IFCSHAPEASPECT((#12607),'Glazing',$,.T.,#12486);
#12609=IFCCARTESIANPOINTLIST2D(((0.05000000074505806,0.05000000074505806),(0.76248819753527641,0.05000000074505806)));
#12610=IFCINDEXEDPOLYCURVE(#12609,$,$);
#12611=IFCCARTESIANPOINTLIST2D(((0.,0.10000000149011612),(0.02500000037252903,0.10000000149011612),(0.02500000037252903,0.090000001713633537),(0.05000000074505806,0.090000001713633537),(0.05000000074505806,0.05000000074505806),(0.,0.05000000074505806)));
#12612=IFCINDEXEDPOLYCURVE(#12611,(IFCLINEINDEX((1,2,3,4,5,6,1))),$);
#12613=IFCCARTESIANPOINTLIST2D(((0.81248819828033447,0.10000000149011612),(0.78748819790780544,0.10000000149011612),(0.78748819790780544,0.090000001713633537),(0.76248819753527641,0.090000001713633537),(0.76248819753527641,0.05000000074505806),(0.81248819828033447,0.05000000074505806)));
#12614=IFCINDEXEDPOLYCURVE(#12613,(IFCLINEINDEX((1,2,3,4,5,6,1))),$);
#12615=IFCCARTESIANPOINTLIST2D(((0.02500000037252903,0.090000001713633537),(0.060000000521540642,0.090000001713633537),(0.060000000521540642,0.12500000186264515),(0.02500000037252903,0.12500000186264515)));
#12616=IFCINDEXEDPOLYCURVE(#12615,(IFCLINEINDEX((1,2,3,4,1))),$);
#12617=IFCINDEXEDPOLYCURVE(#12618,(IFCLINEINDEX((1,2,3,4,1))),$);
#12618=IFCCARTESIANPOINTLIST2D(((0.78748819790780544,0.090000001713633537),(0.75248819775879383,0.090000001713633537),(0.75248819775879383,0.12500000186264515),(0.78748819790780544,0.12500000186264515)));
#12619=IFCCARTESIANPOINTLIST2D(((0.060000000521540642,0.090000001713633537),(0.75248819775879383,0.090000001713633537)));
#12620=IFCINDEXEDPOLYCURVE(#12619,$,$);
#12621=IFCINDEXEDPOLYCURVE(#12622,$,$);
#12622=IFCCARTESIANPOINTLIST2D(((0.060000000521540642,0.12500000186264515),(0.75248819775879383,0.12500000186264515)));
#12623=IFCINDEXEDPOLYCURVE(#12624,$,$);
#12624=IFCCARTESIANPOINTLIST2D(((0.060000000521540642,0.10750000178813934),(0.75248819775879383,0.10750000178813934)));
#12625=IFCSHAPEREPRESENTATION(#24,'Body','Curve2D',(#12610,#12612,#12614,#12616,#12617,#12620,#12621,#12623));
#12626=IFCCARTESIANPOINTLIST2D(((0.,0.),(0.81248819828033447,0.),(0.81248819828033447,0.89999997615814209),(0.,0.89999997615814209)));
#12627=IFCINDEXEDPOLYCURVE(#12626,(IFCLINEINDEX((1,2,3,4,1))),$);
#12628=IFCARBITRARYCLOSEDPROFILEDEF(.AREA.,$,#12627);
#12629=IFCCARTESIANPOINT((0.,-0.60000002384185791,0.));
#12630=IFCDIRECTION((0.,-1.,0.));
#12631=IFCDIRECTION((1.,0.,0.));
#12632=IFCAXIS2PLACEMENT3D(#12629,#12630,#12631);
#12633=IFCDIRECTION((0.,0.,-1.));
#12634=IFCEXTRUDEDAREASOLID(#12628,#12632,#12633,1.2);
#12635=IFCSHAPEREPRESENTATION(#11,'Body','SweptSolid',(#12634));
#12641=IFCCARTESIANPOINT((3.5762285510607281,6.8367663352830732E-07,1.));
#12642=IFCDIRECTION((0.,0.,1.));
#12643=IFCDIRECTION((0.99999999999999289,1.1920928244535129E-07,0.));
#12644=IFCAXIS2PLACEMENT3D(#12641,#12642,#12643);
#12645=IFCLOCALPLACEMENT(#9013,#12644);
#12646=IFCCARTESIANPOINT((0.,0.,0.));
#12647=IFCDIRECTION((0.,0.,1.));
#12648=IFCDIRECTION((1.,0.,0.));
#12649=IFCAXIS2PLACEMENT3D(#12646,#12647,#12648);
#12650=IFCLOCALPLACEMENT(#12645,#12649);
#12735=IFCBUILDINGSTOREY('3mN$WW92D9hwPzyhc6BCuk',$,'Roof',$,$,#12756,$,$,$,$);
#12752=IFCCARTESIANPOINT((0.,0.,6.));
#12753=IFCDIRECTION((0.,0.,1.));
#12754=IFCDIRECTION((1.,0.,0.));
#12755=IFCAXIS2PLACEMENT3D(#12752,#12753,#12754);
#12756=IFCLOCALPLACEMENT(#56,#12755);
#12757=IFCSLAB('3VkyvnGen7W9L0SQV9PK1r',$,'Slab',$,$,#12765,#12772,$,$);
#12758=IFCRELCONTAINEDINSPATIALSTRUCTURE('1AmNSNfpr7ZecVJ$zPsx9b',$,$,$,(#12780,#12757),#12735);
#12759=IFCMATERIALLAYERSETUSAGE(#1232,.AXIS3.,.POSITIVE.,-0.10000000149011612,$);
#12760=IFCRELASSOCIATESMATERIAL('2w4PUgrtL4jxqTRRfUfAnB',$,$,$,(#12757),#12759);
#12761=IFCCARTESIANPOINT((4.2274799346923828,6.5099315643310547,0.));
#12762=IFCDIRECTION((0.,0.,1.));
#12763=IFCDIRECTION((1.,0.,0.));
#12764=IFCAXIS2PLACEMENT3D(#12761,#12762,#12763);
#12765=IFCLOCALPLACEMENT(#12756,#12764);
#12766=IFCCARTESIANPOINTLIST2D(((0.,0.),(-3.9600009918212891,4.76837158203125E-07),(-3.9600012302398682,-0.97000026702880859),(-7.5200014114379883,-0.96999883651733398),(-7.5199999809265137,-8.1299991607666016),(-3.9674205780029297,-8.1299991607666016),(-3.9637589454650879,-8.7151927947998047),(-2.4000115394592285,-8.7151927947998047),(-2.4000117778778076,-9.6251926422119141),(-1.9073486328125E-06,-9.6251926422119141),(0.,0.)));
#12767=IFCINDEXEDPOLYCURVE(#12766,$,$);
#12768=IFCDIRECTION((0.,0.,1.));
#12769=IFCARBITRARYCLOSEDPROFILEDEF(.AREA.,$,#12767);
#12770=IFCEXTRUDEDAREASOLID(#12769,#12779,#12768,0.10000000000000001);
#12771=IFCSHAPEREPRESENTATION(#11,'Body','SweptSolid',(#12770));
#12772=IFCPRODUCTDEFINITIONSHAPE($,$,(#12771));
#12773=IFCPROPERTYSET('1jxGib4tbEFBgeNJQuGoWG',$,'EPset_Parametric',$,(#12775));
#12774=IFCRELDEFINESBYPROPERTIES('3qRlxe5kXEXw5P4rGG0ChM',$,$,$,(#12757),#12773);
#12775=IFCPROPERTYSINGLEVALUE('Engine',$,IFCLABEL('Bonsai.DumbLayer3'),$);
#12776=IFCCARTESIANPOINT((-0.,-0.,-0.10000000149011612));
#12777=IFCDIRECTION((0.,0.,1.));
#12778=IFCDIRECTION((1.,0.,0.));
#12779=IFCAXIS2PLACEMENT3D(#12776,#12777,#12778);
#12780=IFCROOF('2dqKj5hPbAgeey$dt$HRh_',$,'Roof',$,$,#12806,#12789,$,$);
#12781=IFCRELDEFINESBYTYPE('0I0i7CxoT8vfxvcvRdrR2f',$,$,$,(#12780),#4613);
#12782=IFCCARTESIANPOINT((0.,0.,0.));
#12783=IFCDIRECTION((1.,0.,0.));
#12784=IFCDIRECTION((0.,1.,0.));
#12785=IFCDIRECTION((0.,0.,1.));
#12786=IFCCARTESIANTRANSFORMATIONOPERATOR3D(#12783,#12784,#12782,1.,#12785);
#12787=IFCMAPPEDITEM(#4643,#12786);
#12788=IFCSHAPEREPRESENTATION(#11,'Body','MappedRepresentation',(#12787));
#12789=IFCPRODUCTDEFINITIONSHAPE($,$,(#12788,#12796));
#12790=IFCCARTESIANPOINT((0.,0.,0.));
#12791=IFCDIRECTION((1.,0.,0.));
#12792=IFCDIRECTION((0.,1.,0.));
#12793=IFCDIRECTION((0.,0.,1.));
#12794=IFCCARTESIANTRANSFORMATIONOPERATOR3D(#12791,#12792,#12790,1.,#12793);
#12795=IFCMAPPEDITEM(#4671,#12794);
#12796=IFCSHAPEREPRESENTATION(#13,'Box','MappedRepresentation',(#12795));
#12802=IFCCARTESIANPOINT((0.49617409706115723,1.6844758987426758,0.10154247283935547));
#12803=IFCDIRECTION((0.,0.,1.));
#12804=IFCDIRECTION((1.,0.,0.));
#12805=IFCAXIS2PLACEMENT3D(#12802,#12803,#12804);
#12806=IFCLOCALPLACEMENT(#12756,#12805);
ENDSEC;
END-ISO-10303-21;
